country_code,year,total_resource_rents_gdp,oil_rents_gdp,mineral_rents_gdp
ABW,1960,,,
ABW,1961,,,
ABW,1962,,,
ABW,1963,,,
ABW,1964,,,
ABW,1965,,,
ABW,1966,,,
ABW,1967,,,
ABW,1968,,,
ABW,1969,,,
ABW,1970,,,
ABW,1971,,,
ABW,1972,,,
ABW,1973,,,
ABW,1974,,,
ABW,1975,,,
ABW,1976,,,
ABW,1977,,,
ABW,1978,,,
ABW,1979,,,
ABW,1980,,,
ABW,1981,,,
ABW,1982,,,
ABW,1983,,,
ABW,1984,,,
ABW,1985,,,
ABW,1986,0.00087802987012987,0.0,0.0
ABW,1987,0.000734242709867452,0.0,0.0
ABW,1988,0.000575055457463885,0.0,0.0
ABW,1989,0.000491267194492255,0.0,0.0
ABW,1990,0.00155226229781905,0.0,0.0
ABW,1991,0.00163386762871304,0.0,0.0
ABW,1992,0.00137919973940525,0.0,0.0
ABW,1993,0.000925240173915881,0.0,0.0
ABW,1994,0.000937261565324962,0.0,0.0
ABW,1995,0.00116658771218565,0.0,0.0
ABW,1996,0.00081940211530906,0.0,0.0
ABW,1997,0.00100250493075445,0.0,0.0
ABW,1998,0.000848352981616005,0.0,0.0
ABW,1999,0.000717901853338623,0.0,0.0
ABW,2000,0.00166277142064697,0.000959488886147264,0.0
ABW,2001,0.0014191795529938,0.000698232167894007,0.0
ABW,2002,0.00137100806940249,0.000720702919318894,0.0
ABW,2003,0.00145277793252244,0.000760651086559827,0.0
ABW,2004,0.00158368130684963,0.000906166596082593,0.0
ABW,2005,0.00197275799182091,0.00131405293432615,0.0
ABW,2006,0.002449482525579,0.00152577280324417,0.0
ABW,2007,0.00243696444079606,0.00153973985727839,0.0
ABW,2008,0.00287298171598646,0.00195640008459108,0.0
ABW,2009,0.0020412189607002,0.00109429704736333,0.0
ABW,2010,0.00387013761309746,0.00156960653691674,0.0
ABW,2011,0.00380977060432498,0.00192689765446378,0.0
ABW,2012,0.00340775585550675,0.00149030629815309,0.0
ABW,2013,0.00245165331607624,0.0,0.0
ABW,2014,0.00323517161852513,0.0,0.0
ABW,2015,0.00238765944448716,0.0,0.0
ABW,2016,0.0033437423337293,0.0,0.0
ABW,2017,0.00282719063862959,0.0,0.0
ABW,2018,0.00188469168678285,0.0,0.0
ABW,2019,0.00168011577104813,0.0,0.0
ABW,2020,0.00303719334778541,0.0,0.0
ABW,2021,0.0020661282461218,0.0,0.0
ABW,2022,,,
ABW,2023,,,
ABW,2024,,,
ABW,2025,,,
AFE,1960,,,
AFE,1961,,,
AFE,1962,,,
AFE,1963,,,
AFE,1964,,,
AFE,1965,,,
AFE,1966,,,
AFE,1967,,,
AFE,1968,,,
AFE,1969,,,
AFE,1970,5.15340759088059,,3.58860545099189
AFE,1971,4.14799865862706,0.0,2.20387104099134
AFE,1972,3.9508180317708,0.0,2.02681329072802
AFE,1973,5.65831005022979,0.0,3.48342948777649
AFE,1974,6.29121429444192,0.0,3.85662465118898
AFE,1975,5.16494007957809,0.000250277616478934,1.43977211326113
AFE,1976,5.72117341053043,0.103168693230824,1.70026245748958
AFE,1977,6.18367428662471,0.102529682240879,1.4063786149016
AFE,1978,5.34823960892053,0.064071526581643,0.938531422770382
AFE,1979,7.47813819146084,0.169497690087684,3.15249263196719
AFE,1980,11.516802592917,0.859447798274339,6.60888868987278
AFE,1981,9.30345092145679,0.423703456742725,3.67874291232189
AFE,1982,9.44186168986529,0.194024279040575,2.56745398215664
AFE,1983,8.19684035263133,0.578345890398442,3.26146130277442
AFE,1984,6.05246832444664,0.827560981608319,0.840022640975383
AFE,1985,8.74268917604163,1.18197211294809,2.37000190099701
AFE,1986,7.52506466664016,0.417850382342611,2.03890833497711
AFE,1987,7.11466373934369,0.898189848224511,2.39943468818978
AFE,1988,7.91043624440679,0.767014497693606,3.08501566442254
AFE,1989,7.95146543853644,1.29008154657163,2.45016155823969
AFE,1990,7.30507165633824,1.54044703363483,1.51626729890791
AFE,1991,6.03200067079891,0.792518822181463,1.3206804953344
AFE,1992,6.78600166348251,1.21891810278067,1.12381167485998
AFE,1993,6.28145702846625,1.19966913608006,1.22841241730146
AFE,1994,6.91810552882986,1.04663397266175,1.48108332893386
AFE,1995,7.3768175277444,1.15775423968895,0.548998225692086
AFE,1996,7.91189755842457,1.47381055146331,0.910766205005788
AFE,1997,6.76712534875659,1.34618810486856,0.575225015403103
AFE,1998,6.06447514998931,0.716440594011167,0.416524661748359
AFE,1999,4.95795041515167,1.2640328333756,0.306184071166978
AFE,2000,6.79427548865936,2.90013736388298,0.48306266536069
AFE,2001,7.13522486498834,2.37588358007371,0.510273513254176
AFE,2002,7.89407464206872,3.05099295185254,0.606819415209197
AFE,2003,7.2995521207375,2.35733862066723,0.230903544433628
AFE,2004,8.23755974901512,3.12418440617648,0.405895879740158
AFE,2005,9.50721830298341,4.88374999316467,0.701883374740519
AFE,2006,10.7436447369756,5.69898938300066,1.3242848300908
AFE,2007,12.8939205891036,6.8502297342168,1.51561367973106
AFE,2008,18.7710770617454,10.6323403343923,1.56845460133273
AFE,2009,10.2070601334327,4.94720096886122,0.991235957911243
AFE,2010,12.0272921636119,6.11170340930816,1.75042021270454
AFE,2011,13.8327602240159,7.25808676225312,2.04906064380755
AFE,2012,11.6995532431167,5.82868451464021,1.59805729764158
AFE,2013,11.0178558522859,5.32024511997123,1.55360484335542
AFE,2014,9.38296875339101,4.16480190117337,1.11646938582463
AFE,2015,6.60084684041393,1.71555844996457,0.547643975072691
AFE,2016,7.22666290910055,1.55304164138886,0.745618609093157
AFE,2017,7.8985670517882,2.32534172739906,0.999912455880383
AFE,2018,7.54909239311972,3.02067628847655,0.864085147316503
AFE,2019,6.73387216198373,2.46853330339957,0.992698203521235
AFE,2020,6.15684891122153,1.32602625155396,1.26576126120042
AFE,2021,10.3538976268673,2.32444006116665,4.24620261755219
AFE,2022,,,
AFE,2023,,,
AFE,2024,,,
AFE,2025,,,
AFG,1960,,,
AFG,1961,,,
AFG,1962,,,
AFG,1963,,,
AFG,1964,,,
AFG,1965,,,
AFG,1966,,,
AFG,1967,,,
AFG,1968,,,
AFG,1969,,,
AFG,1970,0.87755385017819,0.0265662947026768,0.0
AFG,1971,1.03558414364505,0.0453108139131106,0.0
AFG,1972,1.19519644814167,0.0557663770385733,0.0
AFG,1973,1.67416815724967,0.07633415678642,0.0
AFG,1974,2.12531920804593,0.427935476827928,0.0
AFG,1975,2.66673063889727,0.520410843483266,0.0
AFG,1976,2.82487629325903,0.646363012764153,0.0
AFG,1977,2.68324458039298,0.687944963914268,0.0
AFG,1978,2.24487152496304,0.644109079334453,0.0
AFG,1979,2.44138287465658,1.29349953039045,0.0
AFG,1980,2.56041191798785,1.35005887806414,0.0
AFG,1981,1.99698226813113,1.35474939888996,0.0
AFG,1982,,,
AFG,1983,,,
AFG,1984,,,
AFG,1985,,,
AFG,1986,,,
AFG,1987,,,
AFG,1988,,,
AFG,1989,,,
AFG,1990,,,
AFG,1991,,,
AFG,1992,,,
AFG,1993,,,
AFG,1994,,,
AFG,1995,,,
AFG,1996,,,
AFG,1997,,,
AFG,1998,,,
AFG,1999,,,
AFG,2000,,,
AFG,2001,,,
AFG,2002,1.27614880703829,0.030789275783499,0.0
AFG,2003,0.731312589343673,0.0256328025661278,0.0
AFG,2004,0.458919792113206,0.0256051597697051,0.0
AFG,2005,0.393192771402782,0.0258476198749782,0.0
AFG,2006,0.504174403493816,0.0214070372585048,0.0
AFG,2007,0.449500569922326,0.0144464639818204,0.0
AFG,2008,0.601665824760427,0.015736313879498,0.0
AFG,2009,0.424658195958387,0.00524173800288766,0.0
AFG,2010,0.62533261319642,0.00514945564866915,0.0
AFG,2011,0.836389660299977,0.00660239543706919,0.0
AFG,2012,0.684675468598181,0.109823883946021,0.0
AFG,2013,0.603571665401867,0.0672901618424767,0.00231624131877265
AFG,2014,0.542756499666634,0.0407438655716957,0.00299451617981368
AFG,2015,0.469916949251438,0.0136357996041316,0.00198882413948307
AFG,2016,0.617409905168126,0.00944508042929387,0.00281249304025955
AFG,2017,0.702981728943138,0.0134270806666745,0.0
AFG,2018,0.855264249305936,0.018854416706035,0.0
AFG,2019,0.682287828246046,0.0127772897517024,0.0
AFG,2020,0.305978171646739,0.00517761905886768,0.0
AFG,2021,0.428525449642917,0.0178695056581909,0.0
AFG,2022,,,
AFG,2023,,,
AFG,2024,,,
AFG,2025,,,
AFW,1960,,,
AFW,1961,,,
AFW,1962,,,
AFW,1963,,,
AFW,1964,,,
AFW,1965,,,
AFW,1966,,,
AFW,1967,,,
AFW,1968,,,
AFW,1969,,,
AFW,1970,3.0298531638716,,0.207041405018303
AFW,1971,3.46392431213145,0.314670524623791,0.230540001700369
AFW,1972,4.20523480415027,1.04681756362066,0.21999699800066
AFW,1973,5.75539388407552,1.66789848333829,0.228641503542337
AFW,1974,22.556449727794,18.8289491533774,0.715849937750574
AFW,1975,16.4851875239087,12.7225058017758,0.493326726578282
AFW,1976,14.8955348444719,11.9156210706978,0.312166436215075
AFW,1977,18.5880685245295,14.0916067767543,0.574734037639415
AFW,1978,14.9159711651289,10.8360654654434,0.195095092369705
AFW,1979,30.9825313266318,27.4197166097511,0.241586395022789
AFW,1980,20.0294587175796,16.4644543569724,0.299895589732775
AFW,1981,5.47167107815244,3.831974551987,0.132853509683367
AFW,1982,3.84130126381732,1.58243795647976,0.122757891833494
AFW,1983,6.69871062477284,4.39102729654951,0.148186907899275
AFW,1984,9.48766987982081,6.94765828145824,0.163889661350988
AFW,1985,10.1284759552511,8.05394806741015,0.171034671340185
AFW,1986,6.57060475440698,2.84789255284164,0.610643972539038
AFW,1987,9.21436478523841,5.58190611960609,0.51818521865496
AFW,1988,8.61374438775637,4.72149015465304,0.563813071041501
AFW,1989,15.5140284103197,11.0050898241054,0.743302259343202
AFW,1990,17.5004306562294,12.7855687822173,0.598783609910378
AFW,1991,12.846663702819,8.26815196914171,0.62377568633646
AFW,1992,13.931056106508,9.30860582367852,0.56552784289353
AFW,1993,19.6818228086507,14.445354544718,0.477710899248067
AFW,1994,18.8346330858601,12.6615893774887,0.48368337103468
AFW,1995,18.6295049698347,12.2648720575731,0.173915526756804
AFW,1996,18.4176283862275,13.0013229966261,0.194526411822847
AFW,1997,16.6556721263762,11.7754941011747,0.170933646736539
AFW,1998,10.6164282451409,5.76346295615096,0.149848433001332
AFW,1999,10.1303822345588,6.27719359063505,0.2575923827597
AFW,2000,19.1097411892173,14.974737682657,0.310213792725404
AFW,2001,13.8191029852262,9.83150820445235,0.320775069039891
AFW,2002,11.7815428511944,7.91104960853544,0.313763244135989
AFW,2003,12.6472066993838,7.90959343295033,0.147559682214669
AFW,2004,13.4477095695287,9.99353631915952,0.18445232680868
AFW,2005,17.7741124988791,14.6578176817443,0.310383766333044
AFW,2006,16.5455783445603,13.450365047399,0.437354397198417
AFW,2007,16.0585289289267,12.4697714842471,0.566993456416975
AFW,2008,17.8256688816695,13.9820858529303,0.591728597684375
AFW,2009,11.3525022294865,7.52771778486922,0.643132038050249
AFW,2010,14.2289387822417,10.7132719114469,0.788874992564152
AFW,2011,17.8007612366636,13.7156563130945,1.08974077372795
AFW,2012,16.1216507786234,12.0659252409081,0.979564866523055
AFW,2013,12.4255645840542,9.00108921261344,0.696337832271486
AFW,2014,9.92710636965712,6.6462924646533,0.532384878661045
AFW,2015,6.13557528473642,2.67385648824812,0.408622516212006
AFW,2016,6.36027952574379,2.44326425289358,0.553909649939228
AFW,2017,8.87794485151043,4.61053317279365,0.678834521621881
AFW,2018,10.0023935267185,6.55992788427896,0.599728674805361
AFW,2019,8.62552056707509,5.86297899404912,0.383179451474669
AFW,2020,5.91722849001492,2.9845963561932,0.500417989650243
AFW,2021,9.7344518344612,5.42693016891707,1.47992681373069
AFW,2022,,,
AFW,2023,,,
AFW,2024,,,
AFW,2025,,,
AGO,1960,,,
AGO,1961,,,
AGO,1962,,,
AGO,1963,,,
AGO,1964,,,
AGO,1965,,,
AGO,1966,,,
AGO,1967,,,
AGO,1968,,,
AGO,1969,,,
AGO,1970,,,
AGO,1971,,,
AGO,1972,,,
AGO,1973,,,
AGO,1974,,,
AGO,1975,,,
AGO,1976,,,
AGO,1977,,,
AGO,1978,,,
AGO,1979,,,
AGO,1980,21.0908278102494,19.5416106844043,0.0
AGO,1981,11.7336878181279,10.426247111977,0.0
AGO,1982,5.52402429250969,4.09463309036246,0.0
AGO,1983,12.2936725166119,11.21929927694,0.0
AGO,1984,15.0651246347286,14.0994665560488,0.0
AGO,1985,14.8659504369977,14.1586246957292,0.0
AGO,1986,7.38301090941038,6.31853106919339,0.0
AGO,1987,16.1065503102677,15.1707819484774,0.0
AGO,1988,15.3009421574308,14.4045947596654,0.0
AGO,1989,22.7167782868397,21.882605469383,0.0
AGO,1990,29.1038270597221,28.0268256543238,0.0
AGO,1991,17.9679803050029,16.8761491015161,0.0
AGO,1992,28.4793982385248,27.0256548842449,0.0
AGO,1993,36.6624684792486,34.5185265508012,0.0
AGO,1994,43.6365130125438,40.5755094827092,0.0
AGO,1995,44.2109966299264,41.0188156720936,0.0
AGO,1996,41.3617166839795,39.0741439653244,0.0
AGO,1997,39.4514891636558,37.3490232506807,0.0
AGO,1998,24.2693807744448,21.7476800076135,0.0
AGO,1999,40.8033543240701,38.5242698405316,0.0
AGO,2000,59.1425103628059,57.5134839616206,0.0
AGO,2001,44.219476594374,42.5915766791073,0.0
AGO,2002,32.8837159773494,31.7610292464785,0.0
AGO,2003,28.4066969543848,27.1162657537214,0.0
AGO,2004,33.7707170143085,32.9626955078503,0.0
AGO,2005,42.7600742732017,42.2206783158613,0.0
AGO,2006,40.7534428993222,40.2786520912475,0.0
AGO,2007,45.881176080136,45.3976036521592,0.0
AGO,2008,52.5607729557913,52.1013581243545,0.0
AGO,2009,30.3114661376593,29.7782995191992,0.0
AGO,2010,38.1623101146694,37.7085091832735,0.0
AGO,2011,39.0226784952754,38.6184358197859,0.0
AGO,2012,34.7310076331615,34.3328389540912,0.0
AGO,2013,29.4000452272015,29.0014846107501,0.0
AGO,2014,22.124247625088,21.736607448329,0.0
AGO,2015,13.3056748880613,12.7187303090272,0.0
AGO,2016,20.8851202682195,19.7483988340046,0.0
AGO,2017,25.9503299089307,24.7110060055382,0.0
AGO,2018,32.045405604301,30.7304027285905,0.0
AGO,2019,28.8978590593907,27.504828641196,0.0
AGO,2020,20.2476653863539,18.5719595053837,0.0
AGO,2021,29.9674348417559,28.2744398825844,0.0
AGO,2022,,,
AGO,2023,,,
AGO,2024,,,
AGO,2025,,,
ALB,1960,,,
ALB,1961,,,
ALB,1962,,,
ALB,1963,,,
ALB,1964,,,
ALB,1965,,,
ALB,1966,,,
ALB,1967,,,
ALB,1968,,,
ALB,1969,,,
ALB,1970,,,
ALB,1971,,,
ALB,1972,,,
ALB,1973,,,
ALB,1974,,,
ALB,1975,,,
ALB,1976,,,
ALB,1977,,,
ALB,1978,,,
ALB,1979,,,
ALB,1980,,,
ALB,1981,,,
ALB,1982,,,
ALB,1983,,,
ALB,1984,8.86272773832624,5.79911357215572,0.604964557488995
ALB,1985,8.7128140684248,5.35720713662887,0.692259344189886
ALB,1986,4.69709681587599,1.94987076169298,0.440841190981462
ALB,1987,5.69948776027969,3.1040802885248,0.67423879239664
ALB,1988,8.22312257740939,2.37853926219519,3.64766860240634
ALB,1989,8.84748768108249,3.34558789124586,3.65113125208662
ALB,1990,8.22402989872863,4.8458773941323,1.48916309567935
ALB,1991,9.88575364344613,3.61748146583453,2.32270804708197
ALB,1992,11.7288387701529,4.67814330470611,0.431830628040228
ALB,1993,3.37850179678418,2.64923826281687,0.146794463346594
ALB,1994,1.83861310975966,1.52228488071084,0.045027311565542
ALB,1995,1.41199451722271,1.15951602844704,0.0371836556084784
ALB,1996,1.36152948949073,1.16070259405485,0.0374604683665921
ALB,1997,1.31616086038518,1.08835644606329,0.00860043303615463
ALB,1998,0.373020813844308,0.233494630433512,0.0183314952147957
ALB,1999,0.582819936494746,0.494725403679998,0.0056724020334504
ALB,2000,1.20580664142954,1.07150056484779,0.0
ALB,2001,0.774294478401242,0.699922137592021,0.0
ALB,2002,0.765808881841202,0.687177627386246,0.0
ALB,2003,0.765831615007164,0.692722774590139,0.0
ALB,2004,0.868821575977377,0.793153163005221,0.00996934027917021
ALB,2005,1.10115055658531,1.02095374629243,0.0251232422071704
ALB,2006,1.37890239530199,1.19244921679704,0.121229707314126
ALB,2007,2.17405008124285,1.24943402811758,0.834611352735755
ALB,2008,1.77540436427071,1.60465469310703,0.0787066226839956
ALB,2009,1.04750341619612,0.923660115710382,0.0418367002792885
ALB,2010,1.52816814295294,1.30954317181467,0.142023694482101
ALB,2011,2.89849835443056,2.4548890851063,0.218928064038002
ALB,2012,3.23145242472225,2.86635104305394,0.16577444361184
ALB,2013,3.32799084447126,3.03392407525612,0.111634515955776
ALB,2014,3.41690043441322,3.12207615711342,0.1053812583674
ALB,2015,1.73486186826951,1.45260618469079,0.0657948465115933
ALB,2016,1.05848104238626,0.884410718287188,0.00269413280085731
ALB,2017,1.34604237945034,1.12614227560188,0.0
ALB,2018,1.71111628143642,1.46983381887842,0.04086882669798
ALB,2019,1.63497378546365,1.42437109584124,0.0363885551416296
ALB,2020,0.775369617467959,0.582225701330423,0.038933811291737
ALB,2021,1.44260146706838,1.04218369204761,0.180213705970408
ALB,2022,,,
ALB,2023,,,
ALB,2024,,,
ALB,2025,,,
AND,1960,,,
AND,1961,,,
AND,1962,,,
AND,1963,,,
AND,1964,,,
AND,1965,,,
AND,1966,,,
AND,1967,,,
AND,1968,,,
AND,1969,,,
AND,1970,0.0,,0.0
AND,1971,0.0,,0.0
AND,1972,0.0,,0.0
AND,1973,0.0,,0.0
AND,1974,0.0,,0.0
AND,1975,0.0,,0.0
AND,1976,0.0,,0.0
AND,1977,0.0,,0.0
AND,1978,0.0,,0.0
AND,1979,0.0,,0.0
AND,1980,0.0,,0.0
AND,1981,0.0,,0.0
AND,1982,0.0,,0.0
AND,1983,0.0,,0.0
AND,1984,0.0,,0.0
AND,1985,0.0,,0.0
AND,1986,0.0,,0.0
AND,1987,0.0,,0.0
AND,1988,0.0,,0.0
AND,1989,0.0,,0.0
AND,1990,0.0,,0.0
AND,1991,0.0,,0.0
AND,1992,0.0,,0.0
AND,1993,0.0,,0.0
AND,1994,0.0,,0.0
AND,1995,0.0,,0.0
AND,1996,0.0,,0.0
AND,1997,0.0,,0.0
AND,1998,0.0,,0.0
AND,1999,0.0,,0.0
AND,2000,0.0,,0.0
AND,2001,0.0,,0.0
AND,2002,0.0,,0.0
AND,2003,0.0,,0.0
AND,2004,0.0,,0.0
AND,2005,0.0,,0.0
AND,2006,0.0,,0.0
AND,2007,0.0,,0.0
AND,2008,0.0,,0.0
AND,2009,0.0,,0.0
AND,2010,0.0,,0.0
AND,2011,0.0,,0.0
AND,2012,0.0,,0.0
AND,2013,0.0,,0.0
AND,2014,0.0,,0.0
AND,2015,0.0,,0.0
AND,2016,0.0,,0.0
AND,2017,0.0,,0.0
AND,2018,0.0,,0.0
AND,2019,0.0,,0.0
AND,2020,0.0,,0.0
AND,2021,0.0,,0.0
AND,2022,,,
AND,2023,,,
AND,2024,,,
AND,2025,,,
ARB,1960,,,
ARB,1961,,,
ARB,1962,,,
ARB,1963,,,
ARB,1964,,,
ARB,1965,,,
ARB,1966,,,
ARB,1967,,,
ARB,1968,,,
ARB,1969,,,
ARB,1970,13.0944328400447,12.7006148326008,0.174852273462901
ARB,1971,13.2117727147657,12.702422440512,0.136736504611194
ARB,1972,15.8577711924319,15.3773821759998,0.113043479592425
ARB,1973,20.750155480606,20.2143034563973,0.162593452511244
ARB,1974,47.7387261043701,46.5776759825553,0.930781583542577
ARB,1975,38.7301344099075,37.6758227055991,0.710284059001588
ARB,1976,38.7040980572663,38.1653771217766,0.258442074157828
ARB,1977,37.0611580675245,36.1822534116533,0.523022064078505
ARB,1978,33.4219814262472,32.8668683160371,0.103442089010605
ARB,1979,58.3023810459168,57.5628255264416,0.117656226982209
ARB,1980,50.9844857754512,50.4084786375225,0.124167692740284
ARB,1981,39.1545808423945,38.5511787415345,0.144098697955628
ARB,1982,26.0209873262521,25.544271104925,0.127023954488231
ARB,1983,25.4103741765738,24.5084348525437,0.11750037432529
ARB,1984,25.0949613394646,24.2336997149271,0.0811071096497392
ARB,1985,22.0950426538189,21.2284062157721,0.110786792529193
ARB,1986,14.442015460597,13.3861394533558,0.0669795622942016
ARB,1987,17.7937792073515,16.8385705493212,0.0355533373104624
ARB,1988,17.2236858848258,16.0516405485467,0.178951555206854
ARB,1989,23.2407337164374,22.1916356323074,0.0519072120328477
ARB,1990,23.2728072935481,22.4731789021707,0.0350189138115734
ARB,1991,18.7999915033073,17.7619706518893,0.0183526969265864
ARB,1992,20.7016895296414,19.6314443393774,0.0249228272175774
ARB,1993,20.3394753158068,19.2509005985113,0.0198424073611594
ARB,1994,19.6658610016813,18.5330519566507,0.029410324174542
ARB,1995,19.4514356779457,18.2024957040479,0.0265282637038265
ARB,1996,22.5403146052347,21.2307999652908,0.0215991534525723
ARB,1997,20.0229105539245,18.6387002088578,0.0173468089376753
ARB,1998,14.1140971537488,12.6678693765713,0.0212968628065587
ARB,1999,18.0460879068367,16.7999456538504,0.0131849176133814
ARB,2000,27.7160148810547,26.2583990085528,0.0124935344033607
ARB,2001,22.9193126120246,21.1240958491096,0.0135783326944837
ARB,2002,22.0838435054735,20.4713197823179,0.0146171368021212
ARB,2003,24.5259535907581,23.0568475164179,0.0065289430282188
ARB,2004,29.0399592018759,27.5948472392105,0.0484370574949553
ARB,2005,34.7397170108959,33.0391592115269,0.0818206337505782
ARB,2006,35.3772791024228,33.6292398556043,0.104067645872615
ARB,2007,32.9540433788554,31.2593539648791,0.17018187603242
ARB,2008,37.0415442861232,35.0879546560441,0.56970686470337
ARB,2009,24.4924460923132,22.351867381436,0.461373473629702
ARB,2010,27.7740520193242,25.881509924647,0.418144565551931
ARB,2011,34.8780127275844,32.6685074003249,0.519888390809066
ARB,2012,34.4082052971307,32.2858806563276,0.434764110429884
ARB,2013,31.771876026964,29.7591503701319,0.303547930845692
ARB,2014,28.3987327270637,26.5413610461237,0.228804125872761
ARB,2015,17.1240935333974,15.5228170514694,0.184922562129387
ARB,2016,14.5188595135069,13.174237508507,0.208452051198213
ARB,2017,18.2725065180973,16.6893837160606,0.224333598008529
ARB,2018,23.1576538692586,21.1354755425503,0.147338257519668
ARB,2019,20.4443090027516,18.5497771756371,0.0507583239927832
ARB,2020,13.6262366894215,11.4770256712151,0.0693472830236353
ARB,2021,20.4004333046325,17.3095402398771,0.176827634266356
ARB,2022,,,
ARB,2023,,,
ARB,2024,,,
ARB,2025,,,
ARE,1960,,,
ARE,1961,,,
ARE,1962,,,
ARE,1963,,,
ARE,1964,,,
ARE,1965,,,
ARE,1966,,,
ARE,1967,,,
ARE,1968,,,
ARE,1969,,,
ARE,1970,,,
ARE,1971,,,
ARE,1972,,,
ARE,1973,,,
ARE,1974,,,
ARE,1975,37.5814955580997,37.4179603088941,0.0
ARE,1976,37.0263443740258,36.8782876103444,0.0
ARE,1977,31.1504618714453,30.8690345782272,0.0
ARE,1978,31.950511608593,31.4520067178137,0.0
ARE,1979,56.671735250579,56.0299307985901,0.0
ARE,1980,42.3274106499484,41.9017222889892,0.0
ARE,1981,33.4086698393858,33.037027439471,0.0
ARE,1982,23.0115404847624,22.8797386280149,0.0
ARE,1983,24.2798442244752,23.6932140726226,0.0
ARE,1984,26.4353697598988,25.7520260229299,0.0
ARE,1985,24.6652930237137,23.7113309073601,0.0
ARE,1986,18.3666363793088,17.0122917735774,0.0
ARE,1987,24.3087258563614,22.8978256173288,0.0
ARE,1988,21.754674597305,20.3567774890166,0.0
ARE,1989,30.0841004001769,28.6130173334727,0.0
ARE,1990,36.6027000714668,35.3156119922356,0.0
ARE,1991,24.9355118597408,23.5124336664395,0.0
ARE,1992,24.7594060168968,23.314265622308,0.0
ARE,1993,22.1505222562258,20.8005002641545,0.0
ARE,1994,18.263480223591,16.966789757447,0.0
ARE,1995,17.8753368140734,16.3473463917171,0.0
ARE,1996,20.7195621529487,19.1112827067212,0.0
ARE,1997,18.6806267958819,16.9646090621951,0.0
ARE,1998,12.5278825303178,10.8323014620584,0.0
ARE,1999,14.8547635599251,13.3744382605246,0.0
ARE,2000,22.3844177151254,20.8440561536495,0.0
ARE,2001,17.5963966616315,15.8062390008792,0.0
ARE,2002,16.2376283737788,14.6453240587361,0.0
ARE,2003,19.2061128677808,17.8057010079321,0.0
ARE,2004,22.2210170035245,20.9182068452778,0.0
ARE,2005,25.3343747676468,23.9417369873026,0.0
ARE,2006,27.2052072035567,25.8820272214672,0.0
ARE,2007,24.9372063571947,23.7183455650517,0.0
ARE,2008,27.7149122716078,26.67204274176,0.0
ARE,2009,19.713461721995,18.418263242659,0.0
ARE,2010,23.7768704858008,22.6797378677807,0.0
ARE,2011,29.7789568323524,28.5990789001782,0.0
ARE,2012,28.2144669709365,27.0648520266069,0.0
ARE,2013,27.3813114030779,26.2480640478396,0.0
ARE,2014,23.9739257701595,22.9458647037024,0.0
ARE,2015,14.0468089597238,13.1025344354216,0.0
ARE,2016,11.8055195768229,11.0807563620506,0.0
ARE,2017,14.3278424370326,13.4985731745503,0.0
ARE,2018,18.1866824883602,17.0989945007163,0.0
ARE,2019,16.8958990035406,15.681591549088,0.0
ARE,2020,11.9722335248016,10.4940977026696,0.0
ARE,2021,17.634095847399,15.6730945329946,0.0
ARE,2022,,,
ARE,2023,,,
ARE,2024,,,
ARE,2025,,,
ARG,1960,,,
ARG,1961,,,
ARG,1962,,,
ARG,1963,,,
ARG,1964,,,
ARG,1965,,,
ARG,1966,,,
ARG,1967,,,
ARG,1968,,,
ARG,1969,,,
ARG,1970,0.301180697327039,0.183779149216649,0.0256683352038599
ARG,1971,0.43636922778285,0.312886775004762,0.0171747749445276
ARG,1972,0.502356036574644,0.359047343543258,0.0259318087567537
ARG,1973,0.576658816124267,0.412805282018559,0.0558110074994554
ARG,1974,1.8513473465424,1.65885773770647,0.0667695801867535
ARG,1975,2.41761839929652,2.11889964582298,0.0299988854709001
ARG,1976,2.67110832885348,2.35967093826561,0.0389514934940673
ARG,1977,2.15976492115428,1.93385257138462,0.043100831561264
ARG,1978,2.41643044783543,2.19019719332059,0.0311657519727314
ARG,1979,5.42727046114618,5.02863549439409,0.0592260663266087
ARG,1980,6.3109329235752,5.84241226408529,0.0659179105465574
ARG,1981,5.15070531952354,4.79626652315171,0.0302226498664303
ARG,1982,2.91715510466177,2.64858284193801,0.0189869916691643
ARG,1983,3.27353016254466,2.93199669852781,0.0221780455900773
ARG,1984,4.11858427984105,3.68570761843442,0.028056467255018
ARG,1985,3.36451641029919,3.00657445804799,0.0225924358048329
ARG,1986,1.24913613407026,0.97146283280127,0.0110467408498792
ARG,1987,1.8064671567475,1.54851052425753,0.0121392886774741
ARG,1988,1.48517881481193,1.07039410413757,0.187625766295638
ARG,1989,3.54375457141287,2.73924507290797,0.296510962883015
ARG,1990,2.54133379153863,2.18272104761879,0.0601098558208693
ARG,1991,1.11216953670952,0.893993392718008,0.0128675157839919
ARG,1992,1.09688763068098,0.911490169536768,0.00825985413756077
ARG,1993,1.09534038350252,0.90189290799156,0.00284338142817316
ARG,1994,1.03761625538356,0.882210245002207,0.00487394228503146
ARG,1995,1.29807343639538,1.11368338221007,0.00619887926665339
ARG,1996,1.59598410207505,1.42093287722449,0.00551745731755889
ARG,1997,1.42473252510187,1.27158678591403,0.00453797627963355
ARG,1998,0.821860211536179,0.67625546126761,0.0142563343869074
ARG,1999,1.4005641030747,1.18222911614852,0.0222519842190338
ARG,2000,2.36414526373118,2.03921231896402,0.00202036861517756
ARG,2001,1.91854085449722,1.57828961704899,0.00111911886452934
ARG,2002,5.63090239331634,4.58801102253871,0.199715933167191
ARG,2003,4.54405237920157,3.79526357487009,0.189784357636658
ARG,2004,4.29522015828479,3.62815045579444,0.226514483940778
ARG,2005,5.18727382834912,4.36083044381745,0.208636458798292
ARG,2006,5.77560944191323,4.49089064691066,0.550799857825752
ARG,2007,4.83861569507875,3.70577772027876,0.431152490862906
ARG,2008,4.94937994883837,4.03900096602208,0.308451843578567
ARG,2009,3.09834695426024,2.12453488071178,0.299002837971809
ARG,2010,3.25709519384359,2.30522041977185,0.522757302492207
ARG,2011,3.88650404225898,2.74533146547491,0.516427776041125
ARG,2012,3.62564790864033,2.55649872416885,0.43194166388869
ARG,2013,3.15558730477948,2.25387298647688,0.230446181526568
ARG,2014,2.96561619466374,2.09270565105548,0.237871846918485
ARG,2015,1.11677493458146,0.693912054976671,0.0765780091289773
ARG,2016,0.929681521135013,0.549552011638029,0.145541934044561
ARG,2017,1.02056616793198,0.663565866238942,0.103008865365039
ARG,2018,2.0371251352841,1.31095340723836,0.182567164137328
ARG,2019,2.16668838721926,1.29099565501431,0.187297066049264
ARG,2020,1.42962432529499,0.677055565819106,0.257461778111357
ARG,2021,2.65308888983975,1.54438228879011,0.580266654524776
ARG,2022,,,
ARG,2023,,,
ARG,2024,,,
ARG,2025,,,
ARM,1960,,,
ARM,1961,,,
ARM,1962,,,
ARM,1963,,,
ARM,1964,,,
ARM,1965,,,
ARM,1966,,,
ARM,1967,,,
ARM,1968,,,
ARM,1969,,,
ARM,1970,,,
ARM,1971,,,
ARM,1972,,,
ARM,1973,,,
ARM,1974,,,
ARM,1975,,,
ARM,1976,,,
ARM,1977,,,
ARM,1978,,,
ARM,1979,,,
ARM,1980,,,
ARM,1981,,,
ARM,1982,,,
ARM,1983,,,
ARM,1984,,,
ARM,1985,,,
ARM,1986,,,
ARM,1987,,,
ARM,1988,,,
ARM,1989,,,
ARM,1990,0.0,0.0,0.0
ARM,1991,0.0,0.0,0.0
ARM,1992,0.265019424803819,0.0,0.265019424803819
ARM,1993,0.269481559954211,0.0,0.269481559954211
ARM,1994,0.46429816967471,0.0,0.46429816967471
ARM,1995,0.587001273396887,0.0,0.551537755498149
ARM,1996,0.315447039873551,0.0,0.281076391002587
ARM,1997,0.325824776941614,0.0,0.291894848617053
ARM,1998,0.114669585263612,0.0,0.0881702579319577
ARM,1999,0.177492136329341,0.0,0.148454246560283
ARM,2000,0.293454324735587,0.0,0.271357451879854
ARM,2001,0.299938081907512,0.0,0.280957151718485
ARM,2002,0.591149484619269,0.0,0.570610604200193
ARM,2003,0.0332345972061296,0.0,0.00616525937825295
ARM,2004,0.0217229048828517,0.0,0.0
ARM,2005,0.0102574769913297,0.0,0.0
ARM,2006,0.0158025574327042,0.0,0.0
ARM,2007,0.00929597821347469,0.0,0.0
ARM,2008,0.21347522521498,0.0,0.0
ARM,2009,0.374259981258235,0.0,0.0329940571447964
ARM,2010,2.65466288053785,0.0,2.35660274177231
ARM,2011,2.92345860143158,0.0,2.46981729034823
ARM,2012,1.49013408946162,0.0,1.13714199278089
ARM,2013,1.09715390175807,0.0,0.864490764141563
ARM,2014,0.306948916876512,0.0,0.0660727004667361
ARM,2015,0.760031512473456,0.0,0.495863085049133
ARM,2016,0.22181770783942,0.0,0.0
ARM,2017,0.245815847777951,0.0,0.0
ARM,2018,1.09866113638474,0.0,0.826353694969198
ARM,2019,2.20100166948291,0.0,1.94779106048196
ARM,2020,2.42190551071811,0.0,2.15167222262452
ARM,2021,7.05429982361028,0.0,6.78656847475307
ARM,2022,,,
ARM,2023,,,
ARM,2024,,,
ARM,2025,,,
ASM,1960,,,
ASM,1961,,,
ASM,1962,,,
ASM,1963,,,
ASM,1964,,,
ASM,1965,,,
ASM,1966,,,
ASM,1967,,,
ASM,1968,,,
ASM,1969,,,
ASM,1970,,,
ASM,1971,,,
ASM,1972,,,
ASM,1973,,,
ASM,1974,,,
ASM,1975,,,
ASM,1976,,,
ASM,1977,,,
ASM,1978,,,
ASM,1979,,,
ASM,1980,,,
ASM,1981,,,
ASM,1982,,,
ASM,1983,,,
ASM,1984,,,
ASM,1985,,,
ASM,1986,,,
ASM,1987,,,
ASM,1988,,,
ASM,1989,,,
ASM,1990,,,
ASM,1991,,,
ASM,1992,,,
ASM,1993,,,
ASM,1994,,,
ASM,1995,,,
ASM,1996,,,
ASM,1997,,,
ASM,1998,,,
ASM,1999,,,
ASM,2000,,,
ASM,2001,,,
ASM,2002,0.0,0.0,0.0
ASM,2003,0.0,0.0,0.0
ASM,2004,0.0,0.0,0.0
ASM,2005,0.0,0.0,0.0
ASM,2006,0.0,0.0,0.0
ASM,2007,0.0,0.0,0.0
ASM,2008,0.0,0.0,0.0
ASM,2009,0.0,0.0,0.0
ASM,2010,0.0,0.0,0.0
ASM,2011,0.0,0.0,0.0
ASM,2012,0.0,0.0,0.0
ASM,2013,0.0,0.0,0.0
ASM,2014,0.0,0.0,0.0
ASM,2015,0.0,0.0,0.0
ASM,2016,0.0,0.0,0.0
ASM,2017,0.0,0.0,0.0
ASM,2018,0.0,0.0,0.0
ASM,2019,0.0,0.0,0.0
ASM,2020,0.0,0.0,0.0
ASM,2021,0.0,0.0,0.0
ASM,2022,,,
ASM,2023,,,
ASM,2024,,,
ASM,2025,,,
ATG,1960,,,
ATG,1961,,,
ATG,1962,,,
ATG,1963,,,
ATG,1964,,,
ATG,1965,,,
ATG,1966,,,
ATG,1967,,,
ATG,1968,,,
ATG,1969,,,
ATG,1970,,,
ATG,1971,,,
ATG,1972,,,
ATG,1973,,,
ATG,1974,,,
ATG,1975,,,
ATG,1976,,,
ATG,1977,0.0,,0.0
ATG,1978,0.0,,0.0
ATG,1979,0.0,,0.0
ATG,1980,0.0,0.0,0.0
ATG,1981,0.0,0.0,0.0
ATG,1982,0.0,0.0,0.0
ATG,1983,0.0,0.0,0.0
ATG,1984,0.0,0.0,0.0
ATG,1985,0.0,0.0,0.0
ATG,1986,0.0,0.0,0.0
ATG,1987,0.0,0.0,0.0
ATG,1988,0.0,0.0,0.0
ATG,1989,0.0,0.0,0.0
ATG,1990,0.0,0.0,0.0
ATG,1991,0.0,0.0,0.0
ATG,1992,0.0,0.0,0.0
ATG,1993,0.0,0.0,0.0
ATG,1994,0.0,0.0,0.0
ATG,1995,0.0,0.0,0.0
ATG,1996,0.0,0.0,0.0
ATG,1997,0.0,0.0,0.0
ATG,1998,0.0,0.0,0.0
ATG,1999,0.0,0.0,0.0
ATG,2000,0.0,0.0,0.0
ATG,2001,0.0,0.0,0.0
ATG,2002,0.0,0.0,0.0
ATG,2003,0.0,0.0,0.0
ATG,2004,0.0,0.0,0.0
ATG,2005,0.0,0.0,0.0
ATG,2006,0.0,0.0,0.0
ATG,2007,0.0,0.0,0.0
ATG,2008,0.0,0.0,0.0
ATG,2009,0.0,0.0,0.0
ATG,2010,0.0,0.0,0.0
ATG,2011,0.0,0.0,0.0
ATG,2012,0.0,0.0,0.0
ATG,2013,0.0,0.0,0.0
ATG,2014,0.0,0.0,0.0
ATG,2015,0.0,0.0,0.0
ATG,2016,0.0,0.0,0.0
ATG,2017,0.0,0.0,0.0
ATG,2018,0.0,0.0,0.0
ATG,2019,0.0,0.0,0.0
ATG,2020,0.0,0.0,0.0
ATG,2021,0.0,0.0,0.0
ATG,2022,,,
ATG,2023,,,
ATG,2024,,,
ATG,2025,,,
AUS,1960,,,
AUS,1961,,,
AUS,1962,,,
AUS,1963,,,
AUS,1964,,,
AUS,1965,,,
AUS,1966,,,
AUS,1967,,,
AUS,1968,,,
AUS,1969,,,
AUS,1970,1.82573261827896,0.0153710223028318,1.47068573125166
AUS,1971,1.79849610270316,0.0253198031265626,1.41251580141525
AUS,1972,1.78991800825055,0.0772457057276175,1.31501598596787
AUS,1973,2.5912839936884,0.248095609277592,1.84752224799437
AUS,1974,3.96822807599371,1.24983188764352,2.09247496223803
AUS,1975,4.52463043164182,1.31204877070562,1.62895257727092
AUS,1976,4.96025699286603,1.35846553041966,1.95089766124096
AUS,1977,5.29902627849443,1.51713853676785,2.01708222697788
AUS,1978,4.38713187131316,1.35918446431775,1.52027115722422
AUS,1979,6.22910529337408,2.93104683007127,1.77906779781866
AUS,1980,6.34676100710534,2.80222598045723,1.99293087880216
AUS,1981,5.01787212080984,1.90661890421157,1.34657639539804
AUS,1982,4.26922408952065,1.14392595319274,1.33777651813518
AUS,1983,4.23915837033398,1.42608236601379,1.24589067847388
AUS,1984,4.11842297410993,1.5738765141311,1.34747700868867
AUS,1985,4.83178579259052,1.90782675227061,1.51857079663669
AUS,1986,3.35159311111338,0.912782136823864,1.29155905849684
AUS,1987,3.43625621706477,1.29742789477165,1.41786288435197
AUS,1988,4.20490600390199,0.775504211333759,2.81149219378364
AUS,1989,2.96326048547822,0.794334616368393,1.51430114823268
AUS,1990,3.49861736214292,1.18927836382777,1.50973725272876
AUS,1991,2.64782212263593,0.645649685055411,1.26860233331083
AUS,1992,2.486084263417,0.613094302495831,1.19653198015618
AUS,1993,2.22706966177681,0.610539248128821,0.938088610207713
AUS,1994,2.06192363661753,0.467145046577168,0.944299541982365
AUS,1995,2.12157930837785,0.472621236603855,0.862292199165592
AUS,1996,2.05152656701842,0.49172140428228,0.823661499846139
AUS,1997,1.81825103668089,0.390188127605254,0.769712287568883
AUS,1998,1.91521341585692,0.214859613602787,1.02491377893115
AUS,1999,1.83701904196737,0.302021117738925,0.901811387778998
AUS,2000,2.73432633187857,0.876745345389259,0.944083748919392
AUS,2001,3.26407566374002,0.720452604163645,1.14917513979889
AUS,2002,2.91246931710995,0.803940893602656,1.02724969758044
AUS,2003,2.4632460832839,0.757626170343175,0.756897930134733
AUS,2004,3.14042166653573,0.73789012235773,0.902925008259013
AUS,2005,4.34493817515352,0.887355262985534,1.90313900134245
AUS,2006,5.29178471306579,0.865992075121712,2.80480565031535
AUS,2007,6.51438107527135,0.871982126285964,4.25348976645078
AUS,2008,8.52641938176426,0.935960985495543,4.12640450969226
AUS,2009,4.96777338406714,0.553069182846371,2.37629219907027
AUS,2010,8.06660025617252,0.706854443143111,4.85534836205351
AUS,2011,8.72352035944917,0.877828805391789,5.02848003545977
AUS,2012,5.29813880381044,0.679385653265247,3.0451724905842
AUS,2013,5.32011574075874,0.538515503941203,3.55343966026024
AUS,2014,4.76093943711509,0.488872500922202,2.91578772030696
AUS,2015,3.23765474517452,0.197899254363141,1.85179092446636
AUS,2016,4.08098789525561,0.173168975942925,2.58843372469939
AUS,2017,5.06804774011339,0.198665473505862,3.18587488397102
AUS,2018,5.22752063881788,0.264744671813473,2.86105597221835
AUS,2019,5.74886126457436,0.229199447926395,3.31748180992128
AUS,2020,6.09315865556076,0.108188865636013,4.08804723201659
AUS,2021,13.3578752832739,0.264201375268924,10.4657754902913
AUS,2022,,,
AUS,2023,,,
AUS,2024,,,
AUS,2025,,,
AUT,1960,,,
AUT,1961,,,
AUT,1962,,,
AUT,1963,,,
AUT,1964,,,
AUT,1965,,,
AUT,1966,,,
AUT,1967,,,
AUT,1968,,,
AUT,1969,,,
AUT,1970,0.400546341519539,0.0133840215274099,0.0186908505302563
AUT,1971,0.387714162325778,0.0396656673508013,0.0126810777485168
AUT,1972,0.384089162605966,0.0460995203914106,0.00958974253154221
AUT,1973,0.453572106180284,0.0657208153708483,0.0385820996282036
AUT,1974,0.717174648183114,0.290970933167581,0.0474352510159838
AUT,1975,0.646045278259986,0.212970291690541,0.00778793910558975
AUT,1976,0.666356150269133,0.204521712880777,0.0166956634060225
AUT,1977,0.527354421109549,0.165236137960972,0.00881553842190299
AUT,1978,0.492163619825997,0.141543864580465,0.0022952117457741
AUT,1979,0.675440483192937,0.280504200694145,0.00532624078590168
AUT,1980,0.66746395942607,0.266774154178384,0.00215982201053014
AUT,1981,0.604760312019152,0.223363425571516,0.00148397898080174
AUT,1982,0.469921664124971,0.135193975215537,0.00766845497691777
AUT,1983,0.449535576011637,0.170273903548148,0.00314198708084906
AUT,1984,0.434670440556086,0.17566441690777,8.68113889334424e-05
AUT,1985,0.436100794349791,0.168061790423356,0.000656402206080419
AUT,1986,0.243040259717868,0.0454156428863414,0.0
AUT,1987,0.205204319397335,0.0557035846571561,0.000254473195187491
AUT,1988,0.210820405829208,0.0443388095418362,0.0104169661904677
AUT,1989,0.271464669059182,0.0700210564133721,0.0138429856837824
AUT,1990,0.258750692924662,0.0765118886958938,0.00397444525830774
AUT,1991,0.163916371764872,0.0396873742577725,0.00415544170419795
AUT,1992,0.128975832255952,0.0352680260830231,0.00820806856568284
AUT,1993,0.128355630895217,0.0340668448552991,0.00503668778678816
AUT,1994,0.125142191218122,0.0270900120712639,0.00250431158005373
AUT,1995,0.122347060341747,0.0240556789265433,0.00267225571745197
AUT,1996,0.143216446581989,0.032850191717391,0.00171639829233186
AUT,1997,0.133085932441782,0.0280351908089642,0.00156140358031105
AUT,1998,0.0922215792820081,0.00837486849832363,0.00873918852901666
AUT,1999,0.0993842741345378,0.026292282564808,0.00731505585933767
AUT,2000,0.154666489550113,0.0610377226881713,0.00670765421289272
AUT,2001,0.159532033834928,0.0440884027065614,0.00479817426949512
AUT,2002,0.158690317496488,0.0420533656435616,0.00393650657893622
AUT,2003,0.151822926462491,0.0392050238257237,0.0018586610815492
AUT,2004,0.131901261003047,0.048536725746942,0.00195331095639147
AUT,2005,0.146449379074254,0.060495702750532,0.0134942473857179
AUT,2006,0.186311361086543,0.0662743642127353,0.0140032235645494
AUT,2007,0.208437154382889,0.0586899562102081,0.0335893715818356
AUT,2008,0.258181874700959,0.0884445033789297,0.0395731955644204
AUT,2009,0.167599741014842,0.0534302351399535,0.0109726740699417
AUT,2010,0.216291377827594,0.0599149361185314,0.0450193099135956
AUT,2011,0.244690493569111,0.073845969443668,0.048877479628096
AUT,2012,0.238508218256069,0.0843342386593595,0.0307473608248429
AUT,2013,0.218675365631407,0.0749501568832041,0.0336027672129773
AUT,2014,0.191846540562628,0.0769140310885635,0.0184179467949886
AUT,2015,0.134711076032329,0.0340776955534437,0.00914672765296442
AUT,2016,0.111042441021613,0.0232518762283344,0.0117424269050884
AUT,2017,0.121957004315667,0.0301638333518207,0.0153952766102023
AUT,2018,0.140755073164382,0.0426588456107289,0.0
AUT,2019,0.110022913288221,0.0368255085399603,0.0
AUT,2020,0.07085049948111,0.0172756920777442,0.0
AUT,2021,0.117855774382781,0.0378037868173202,0.0
AUT,2022,,,
AUT,2023,,,
AUT,2024,,,
AUT,2025,,,
AZE,1960,,,
AZE,1961,,,
AZE,1962,,,
AZE,1963,,,
AZE,1964,,,
AZE,1965,,,
AZE,1966,,,
AZE,1967,,,
AZE,1968,,,
AZE,1969,,,
AZE,1970,,,
AZE,1971,,,
AZE,1972,,,
AZE,1973,,,
AZE,1974,,,
AZE,1975,,,
AZE,1976,,,
AZE,1977,,,
AZE,1978,,,
AZE,1979,,,
AZE,1980,,,
AZE,1981,,,
AZE,1982,,,
AZE,1983,,,
AZE,1984,,,
AZE,1985,,,
AZE,1986,,,
AZE,1987,,,
AZE,1988,,,
AZE,1989,,,
AZE,1990,17.7278129354272,15.5492022502738,0.0
AZE,1991,8.68334132986675,7.34652576867916,0.0
AZE,1992,,,1.98280633334656
AZE,1993,41.0109886740765,35.4573315880059,0.309113076546579
AZE,1994,44.5967524687686,38.3122460381466,0.0
AZE,1995,26.0039043047449,20.087202730857,0.0
AZE,1996,26.0389631948694,21.6088403332231,0.0
AZE,1997,18.4331495362395,15.0224092579053,0.0
AZE,1998,5.26124571558297,4.8840188982702,0.00157556189146862
AZE,1999,17.3919391279831,17.0099980276687,0.0
AZE,2000,35.0771900902615,32.9457476254157,0.0
AZE,2001,27.9091787893391,23.7019953992356,0.0
AZE,2002,25.8803395854058,23.2537194764338,0.000284928321572901
AZE,2003,26.088568051437,23.6510138139512,9.80049213706967e-05
AZE,2004,28.7444372660525,26.8343888172544,0.00068230877073383
AZE,2005,38.5912506202751,37.4466296016638,0.0011478644770012
AZE,2006,41.4702603073283,39.5813073807196,0.00121163522688052
AZE,2007,39.1423596411944,36.8683513686981,0.00323360202586949
AZE,2008,43.040682245059,39.5007730331452,0.0048382651286026
AZE,2009,29.639296394547,26.6788300895754,0.0128771526846619
AZE,2010,27.8844974121657,25.5154476387508,0.0949855549611138
AZE,2011,32.878647863762,29.7979549979878,0.11671954948609
AZE,2012,29.0119697503912,25.8177819240506,0.0878361305997428
AZE,2013,25.5323883349298,22.5837832214089,0.0579827506323953
AZE,2014,22.5181229967843,20.2463063109853,0.0506031083752946
AZE,2015,14.4439997922585,12.069575141696,0.0731851344259292
AZE,2016,14.7854023448198,12.7825654497772,0.109557378108189
AZE,2017,19.6746501247433,17.1235678602694,0.309498967400041
AZE,2018,27.6209320144449,24.1724100094907,0.152776194655105
AZE,2019,23.4349054129318,20.4577104992688,0.174093480274439
AZE,2020,13.0027347945894,11.1476827315754,0.240132614538044
AZE,2021,29.9383945565987,20.983375083624,0.349496289014784
AZE,2022,,,
AZE,2023,,,
AZE,2024,,,
AZE,2025,,,
BDI,1960,,,
BDI,1961,,,
BDI,1962,,,
BDI,1963,,,
BDI,1964,,,
BDI,1965,,,
BDI,1966,,,
BDI,1967,,,
BDI,1968,,,
BDI,1969,,,
BDI,1970,6.75179243610598,,0.0
BDI,1971,5.38352192015516,,0.0
BDI,1972,6.30829520929673,,0.0
BDI,1973,8.73543999776321,,0.0117291759585999
BDI,1974,8.53403130645269,,0.0817688848619436
BDI,1975,9.72861507991445,,0.0205842913103856
BDI,1976,8.01546941205375,,0.0333482537306735
BDI,1977,12.5079383280415,,0.0770939407169956
BDI,1978,11.6536279070685,,0.0856189960313403
BDI,1979,8.38373040902871,,0.0896739895148456
BDI,1980,8.97893496518094,0.0,0.0853503713428477
BDI,1981,7.57807236432871,0.0,0.00210009666112685
BDI,1982,10.8146641849216,0.0,0.00127991385340204
BDI,1983,6.54287623578637,0.0,0.00445530967540709
BDI,1984,6.77837470134746,0.0,0.0148994200639678
BDI,1985,5.93607795107987,0.0,0.0065806710167927
BDI,1986,8.5754324322928,0.0,0.00852103384137878
BDI,1987,9.32629775954397,0.0,0.0140834356632904
BDI,1988,10.3888577552606,0.0,0.0121416037260544
BDI,1989,10.6546944331069,0.0,0.00428118869478429
BDI,1990,13.3710325485084,0.0,0.00175158968229572
BDI,1991,12.6945459260951,0.0,0.00870053559697756
BDI,1992,14.0206683948811,0.0,0.0
BDI,1993,14.2386485803442,0.0,0.0
BDI,1994,17.0617153405694,0.0,0.0
BDI,1995,24.0289135102954,0.0,0.279591504328323
BDI,1996,28.9246630230297,0.0,0.90906014042584
BDI,1997,23.6215639518173,0.0,0.0
BDI,1998,27.019238377295,0.0,0.0
BDI,1999,15.4172437381217,0.0,0.0
BDI,2000,15.0609351884312,0.0,0.0
BDI,2001,18.812078088637,0.0,0.0956593961618833
BDI,2002,24.3014254644156,0.0,0.15190525589864
BDI,2003,40.4921952045604,0.0,0.0838956000414317
BDI,2004,30.4545201860965,0.0,0.103358958495224
BDI,2005,26.6807675145409,0.0,0.130980425387447
BDI,2006,23.9491794618101,0.0,0.321245039212551
BDI,2007,32.3563567682481,0.0,0.34513180195038
BDI,2008,33.0482440437363,0.0,0.390316646128731
BDI,2009,30.3366575642074,0.0,0.271088031124722
BDI,2010,23.8533757417192,0.0,0.189455216999623
BDI,2011,24.9891589486881,0.0,0.384587492058988
BDI,2012,17.5501999315408,0.0,0.434074064130662
BDI,2013,17.7328553188701,0.0,0.217091976573797
BDI,2014,17.4547483367972,0.0,0.261465662278109
BDI,2015,15.5344531520944,0.0,0.142891182891181
BDI,2016,19.1016499815056,0.0,0.16404012765731
BDI,2017,18.5076749744059,0.0,0.270235283454907
BDI,2018,13.4317629933204,0.0,0.0
BDI,2019,13.1274376353104,0.0,0.0
BDI,2020,13.8475521568267,0.0,0.0
BDI,2021,13.9570339894077,0.0,0.0
BDI,2022,,,
BDI,2023,,,
BDI,2024,,,
BDI,2025,,,
BEL,1960,,,
BEL,1961,,,
BEL,1962,,,
BEL,1963,,,
BEL,1964,,,
BEL,1965,,,
BEL,1966,,,
BEL,1967,,,
BEL,1968,,,
BEL,1969,,,
BEL,1970,0.166720805852942,,0.0178062285873166
BEL,1971,0.155175694243789,0.0,0.000485555868535339
BEL,1972,0.125280839839213,0.0,0.0
BEL,1973,0.112050270548738,0.0,0.000220537715662711
BEL,1974,0.144268157455947,0.0,0.00284435732923689
BEL,1975,0.245235091361381,0.0,0.0
BEL,1976,0.264358608803277,0.0,0.0033926219589329
BEL,1977,0.217207494671792,0.0,0.00155756711504001
BEL,1978,0.162840366805855,0.0,0.0
BEL,1979,0.136435837454277,0.0,0.0
BEL,1980,0.137648241732599,0.0,0.0
BEL,1981,0.202201670072621,0.0,0.0
BEL,1982,0.257546550999348,0.0,5.17540550197271e-05
BEL,1983,0.198602976986973,0.0,2.29605256407105e-05
BEL,1984,0.167176950009161,0.0,0.0
BEL,1985,0.159111976092052,0.0,0.0
BEL,1986,0.0917054460044947,0.0,0.0
BEL,1987,0.0537848016646428,0.0,0.0
BEL,1988,0.0379531271907621,0.0,0.0
BEL,1989,0.0449648726814043,0.0,0.0
BEL,1990,0.0455475342819501,0.0,0.0
BEL,1991,0.029392012155203,0.0,0.0
BEL,1992,0.0234786815946488,0.0,0.0
BEL,1993,0.025368826442348,0.0,0.0
BEL,1994,0.0233075633423382,0.0,0.0
BEL,1995,0.0211369817546094,0.0,0.0
BEL,1996,0.0226157229287321,0.0,0.0
BEL,1997,0.0203827842039833,0.0,0.0
BEL,1998,0.0234067095603208,0.0,0.0
BEL,1999,0.0228235273408572,0.0,0.0
BEL,2000,0.0246158713800549,0.0,0.0
BEL,2001,0.0209970416496101,0.0,0.0
BEL,2002,0.0236396361540334,0.0,0.0
BEL,2003,0.0216927905709472,0.0,0.0
BEL,2004,0.0158636559921044,0.0,0.0
BEL,2005,0.0157284423744799,5.74329868610464e-05,0.0
BEL,2006,0.0192820878224606,0.00153504351379629,0.0
BEL,2007,0.0190730940958636,0.0,0.0
BEL,2008,0.0183626272056819,0.0,0.0
BEL,2009,0.0173168270083258,0.0,0.0
BEL,2010,0.046971721948549,0.0276859283389536,0.0
BEL,2011,0.0658456068279226,0.0465608455427308,0.0
BEL,2012,0.0633726115847057,0.0447323666928789,0.0
BEL,2013,0.0591221259863187,0.0397728832079876,0.0
BEL,2014,0.0681065559752469,0.048118822461714,0.0
BEL,2015,0.0352518039794327,0.0157279649794816,0.0
BEL,2016,0.0303780062977737,0.0115678220486407,0.0
BEL,2017,0.0371502006793434,0.0205164347675808,0.0
BEL,2018,0.0484487814693338,0.029217776231573,0.0
BEL,2019,0.0422427798272169,0.0271254076077426,0.0
BEL,2020,0.0284876381171316,0.0147576977551149,0.0
BEL,2021,0.0448914290094104,0.0312735679835233,0.0
BEL,2022,,,
BEL,2023,,,
BEL,2024,,,
BEL,2025,,,
BEN,1960,,,
BEN,1961,,,
BEN,1962,,,
BEN,1963,,,
BEN,1964,,,
BEN,1965,,,
BEN,1966,,,
BEN,1967,,,
BEN,1968,,,
BEN,1969,,,
BEN,1970,6.70734124614113,,0.0
BEN,1971,5.79302297530211,0.0,0.0
BEN,1972,5.34084275704274,0.0,0.0
BEN,1973,7.26543586001948,0.0,0.0
BEN,1974,7.30053186653568,0.0,0.0
BEN,1975,8.24811696073847,0.0,0.0
BEN,1976,7.17067351693105,0.0,0.0
BEN,1977,11.9754481763515,0.0,0.0
BEN,1978,9.87506191111996,0.0,0.0
BEN,1979,7.16735084170915,0.0,0.0
BEN,1980,7.31176043884876,0.0,0.0
BEN,1981,8.44352077940067,1.48757375956137,0.0
BEN,1982,10.47772377555,0.504680954031738,0.0
BEN,1983,9.23122618194265,1.54650620426954,0.0
BEN,1984,9.87296573274717,2.61575445484521,0.0
BEN,1985,8.35898246635467,3.00673613438005,0.0
BEN,1986,7.58341909212133,0.848821830801933,0.0
BEN,1987,7.14629255492579,1.48377958534252,0.0
BEN,1988,7.04025026675876,1.0431569279832,0.0
BEN,1989,8.27974889048095,1.58194777477986,0.0
BEN,1990,7.96244835206467,1.5756167070246,0.0
BEN,1991,7.16256774709576,0.817877515983306,0.0
BEN,1992,8.98935720487977,1.41824438128408,0.0
BEN,1993,5.75414194212418,1.00672415635067,0.0
BEN,1994,9.16848910994516,1.17322790855677,0.0
BEN,1995,9.20305097948777,0.54286469566944,0.0
BEN,1996,8.30238134307419,0.395654415709238,0.0
BEN,1997,8.01233326007953,0.303942178232137,0.0
BEN,1998,7.52824530561227,0.101033020834667,0.0354686156430729
BEN,1999,3.14792574635172,,0.000507725600529967
BEN,2000,3.26095148548745,,0.0
BEN,2001,3.08482932392509,,0.000882020376149681
BEN,2002,3.30280929086919,,0.00123780805294916
BEN,2003,4.14024746183491,,0.000492248080616823
BEN,2004,3.12542829249992,0.0,0.000407521404380382
BEN,2005,3.07234403993019,0.0,0.000594103286320443
BEN,2006,3.0487620934124,0.0,0.00186045998816038
BEN,2007,3.6269150463223,0.0,0.00144740391759153
BEN,2008,3.64875464694908,0.0,0.00166749337302723
BEN,2009,3.7029183280864,0.0,0.00197465260379905
BEN,2010,3.42232994008176,0.0,0.00260232665255709
BEN,2011,3.47893234434337,0.0,0.00384931312798048
BEN,2012,3.92162835813785,0.0,0.00345672573555024
BEN,2013,3.56116585676154,0.0,0.00207335421990244
BEN,2014,3.70461552370497,0.0,0.00159576738192757
BEN,2015,4.30030313599698,0.0533746520369224,0.0
BEN,2016,4.4537224695981,0.0514773561767198,0.0
BEN,2017,4.09835325309901,0.0874965519938235,0.0
BEN,2018,2.60830727598415,0.116502415263534,0.0
BEN,2019,2.46799590195586,0.09788725913474,0.0
BEN,2020,2.42798483756811,0.0451182412067022,0.0
BEN,2021,2.30442028320417,0.0,0.0
BEN,2022,,,
BEN,2023,,,
BEN,2024,,,
BEN,2025,,,
BFA,1960,,,
BFA,1961,,,
BFA,1962,,,
BFA,1963,,,
BFA,1964,,,
BFA,1965,,,
BFA,1966,,,
BFA,1967,,,
BFA,1968,,,
BFA,1969,,,
BFA,1970,6.82211867501044,,0.0
BFA,1971,5.717049046642,,0.0
BFA,1972,5.4800450574577,,0.0
BFA,1973,7.9999262761063,,0.0
BFA,1974,7.99075804413878,,0.0
BFA,1975,8.75281726762481,,0.0
BFA,1976,7.53390289320968,,0.0
BFA,1977,11.8602732911478,,0.0
BFA,1978,9.35616803031708,,0.0
BFA,1979,7.40151103111159,,0.0
BFA,1980,8.32728354037215,0.0,0.0
BFA,1981,8.02474857782592,0.0,0.0
BFA,1982,11.2825956149589,0.0,0.0
BFA,1983,8.21124482452801,0.0,0.0
BFA,1984,8.60982356569787,0.0,0.233671727213919
BFA,1985,6.14302586324529,0.0,0.368409333562559
BFA,1986,7.66469160714263,0.0,0.619704304356899
BFA,1987,6.548260423316,0.0,0.573054087740418
BFA,1988,6.51432087897833,0.0,0.541502162328127
BFA,1989,6.70020842635896,0.0,0.530375593477285
BFA,1990,6.81625243815519,0.0,0.27340927057669
BFA,1991,7.26046395583746,0.0,0.777557436043794
BFA,1992,6.38594325517431,0.0,0.0804369740608651
BFA,1993,5.60307109871254,0.0,0.0
BFA,1994,11.6033059336286,0.0,0.134174738033172
BFA,1995,13.843726322489,0.0,0.0799924681567668
BFA,1996,12.8265050804085,0.0,0.124531170638445
BFA,1997,12.7584218450444,0.0,0.097216174596622
BFA,1998,11.6835551560442,0.0,0.0677406138689073
BFA,1999,4.63222320225907,0.0,0.0319119656863443
BFA,2000,5.33460866542021,0.0,0.0381539913096733
BFA,2001,4.7678329673339,0.0,0.0132398344894726
BFA,2002,5.7281615453601,0.0,0.027948686830372
BFA,2003,6.32363457743713,0.0,0.0111085881042359
BFA,2004,5.43726005672726,0.0,0.0260286434124574
BFA,2005,6.37352650275332,0.0,0.0443426028299964
BFA,2006,6.43344765321295,0.0,0.131141061007624
BFA,2007,7.8129241337381,0.0,0.000629309544028717
BFA,2008,8.59697070774107,0.0,0.471558294823088
BFA,2009,9.57845327918773,0.0,1.45795503529807
BFA,2010,11.0860921412972,0.0,4.22402377988937
BFA,2011,13.6361933357251,0.0,7.06149315713164
BFA,2012,12.4016028413011,0.0,5.10230867157689
BFA,2013,10.7523406528446,0.0,3.6188959933092
BFA,2014,10.3109055603822,0.0,2.78132209742585
BFA,2015,11.6328502278275,0.0,2.43619453376634
BFA,2016,12.6155172354896,0.0,3.65447126182336
BFA,2017,12.3099089646115,0.0,4.18031048444882
BFA,2018,8.87619594401664,0.0,3.65248145757513
BFA,2019,8.32797318460633,0.0,3.43823460667145
BFA,2020,9.17782687692865,0.0,4.35726996984512
BFA,2021,20.1354014379911,0.0,15.4526004842572
BFA,2022,,,
BFA,2023,,,
BFA,2024,,,
BFA,2025,,,
BGD,1960,,,
BGD,1961,,,
BGD,1962,,,
BGD,1963,,,
BGD,1964,,,
BGD,1965,,,
BGD,1966,,,
BGD,1967,,,
BGD,1968,,,
BGD,1969,,,
BGD,1970,0.326560893035859,0.000599113644161149,0.0
BGD,1971,0.304763457232683,0.000854000655155613,0.0
BGD,1972,0.382448023577422,0.00105028928263975,0.0
BGD,1973,0.549827752631731,0.00102088938933604,0.0
BGD,1974,0.423691747807607,0.00396545147052567,0.0
BGD,1975,0.584495581917578,0.00276065599008583,0.0
BGD,1976,0.767371749363743,0.00578092098146322,0.0
BGD,1977,2.56785261364521,0.00631915272858013,0.0
BGD,1978,1.8249629940207,0.00424574634425189,0.0
BGD,1979,0.693956305275022,0.00775011811267739,0.0
BGD,1980,0.766135473162533,0.00626125829030046,0.0
BGD,1981,0.546744126402728,0.00492794525304968,0.0
BGD,1982,0.870437532799511,0.00355681985514395,0.0
BGD,1983,0.686116744519493,0.00967400970444961,0.0
BGD,1984,0.53575768794391,0.0150348240417558,0.0
BGD,1985,0.335445824458567,0.0149931930609909,0.0
BGD,1986,0.668100156202787,0.00765990418806397,0.0
BGD,1987,0.581090658521554,0.0101506500659474,0.0
BGD,1988,0.549496598855429,0.0077472979212532,0.0
BGD,1989,0.615855369464613,0.00978772290798522,0.0
BGD,1990,0.686510706810621,0.0203201461879886,0.0
BGD,1991,0.628027177658942,0.0113715162813764,0.0
BGD,1992,0.654704269151057,0.0140449207472924,0.0
BGD,1993,0.582732541029045,0.0123153025022102,0.0
BGD,1994,0.600057139596724,0.0172049134880783,0.0
BGD,1995,0.668909980730037,0.0131964705068302,0.0
BGD,1996,0.590055045886,0.0178010302921139,0.0
BGD,1997,0.511157807467368,0.0173308738284211,0.0
BGD,1998,0.537803801940501,0.00801045726433241,0.0
BGD,1999,0.663669373400762,0.0179507388011089,0.0
BGD,2000,0.923670143871526,0.0353231482134216,0.0
BGD,2001,0.95102951129156,0.0543710423247111,0.0
BGD,2002,1.15631580460455,0.0837501114858241,0.0
BGD,2003,1.1726703179764,0.0708422538942109,0.0
BGD,2004,1.25033088137691,0.0886657388470392,0.0
BGD,2005,1.42150860907864,0.0854314760057084,0.0
BGD,2006,1.62191450084584,0.101110752410513,0.0
BGD,2007,1.28014684364958,0.146631401064833,0.0
BGD,2008,1.24590842426876,0.207602557921387,0.0
BGD,2009,1.19267876534874,0.0809215445999961,0.0
BGD,2010,1.41590969915937,0.110401376114165,0.0
BGD,2011,1.58942506825245,0.148237511200664,0.0
BGD,2012,1.55456977469424,0.165239328703379,0.0
BGD,2013,1.15168388504547,0.136547577119521,0.0
BGD,2014,1.0471807482358,0.0959581611484122,0.0
BGD,2015,0.899813880185078,0.0516183234195442,0.0
BGD,2016,0.716140756665905,0.0314940256004778,0.0
BGD,2017,0.710420009979719,0.0460395273977644,0.0
BGD,2018,0.649238822939078,0.0613027609024662,0.0
BGD,2019,0.637717563815013,0.0401609167939213,0.0
BGD,2020,0.560867699425496,0.0164788319009585,0.0
BGD,2021,0.610069177584654,0.0315771885826906,0.0
BGD,2022,,,
BGD,2023,,,
BGD,2024,,,
BGD,2025,,,
BGR,1960,,,
BGR,1961,,,
BGR,1962,,,
BGR,1963,,,
BGR,1964,,,
BGR,1965,,,
BGR,1966,,,
BGR,1967,,,
BGR,1968,,,
BGR,1969,,,
BGR,1970,,,
BGR,1971,,,
BGR,1972,,,
BGR,1973,,,
BGR,1974,,,
BGR,1975,,,
BGR,1976,,,
BGR,1977,,,
BGR,1978,,,
BGR,1979,,,
BGR,1980,1.84565645890179,0.0995954310579948,0.558803512273566
BGR,1981,1.96561435488843,0.0770048003957087,0.345232740511075
BGR,1982,2.05125743024026,0.0536326670421855,0.352059532750186
BGR,1983,1.49283027098411,0.0743297285404802,0.346012497371534
BGR,1984,1.29223155573136,0.101803892526708,0.386031887087066
BGR,1985,1.65953520689263,0.156159134802039,0.4989185858508
BGR,1986,0.807505167730179,0.048995763378736,0.133535951873163
BGR,1987,0.552177362028996,0.0579643762507766,0.163185468046959
BGR,1988,2.97602354735435,0.0486972160838721,2.45228007151873
BGR,1989,2.73713710437441,0.0905874606849773,2.15475260915506
BGR,1990,1.11438192336028,0.105709691779651,0.382672578019077
BGR,1991,1.38922350558753,0.0292033619087007,0.376599846732091
BGR,1992,1.38870788658558,0.029445833366527,0.454915431089594
BGR,1993,0.977500985414262,0.0187795648595516,0.317298600985775
BGR,1994,1.09498985430188,0.0271668036563252,0.575113811211671
BGR,1995,0.853350672167653,0.0145595594944047,0.459058980012511
BGR,1996,1.00162472163927,0.0217715233132045,0.40076241930076
BGR,1997,0.969971853679339,0.0161313187847838,0.467956972021173
BGR,1998,0.537067260909246,0.0050276720983797,0.178116688707267
BGR,1999,0.617206953468906,0.0163645931817806,0.0652162503959179
BGR,2000,0.682250473694737,0.0741391525631751,0.04334628179999
BGR,2001,0.714335209608195,0.0192284252329358,0.025760203658008
BGR,2002,0.459805802148112,0.0210526231438115,0.017954482563267
BGR,2003,0.430571953471522,0.0161830349966762,0.0145644580109714
BGR,2004,1.13721174341521,0.0286550756706803,0.109883692079409
BGR,2005,0.981901509777394,0.037174267548741,0.281830642652777
BGR,2006,1.83143811540013,0.0372114671373268,1.09488397380926
BGR,2007,1.6864723678113,0.032067929991172,0.8960925418945
BGR,2008,1.97470276622532,0.0385928436056197,0.515520516734355
BGR,2009,0.704216078965934,0.0216533526362494,0.159923949769656
BGR,2010,1.67975403719023,0.0253291596859351,0.724359680957923
BGR,2011,2.14267004784609,0.0367278516384984,0.816225355852268
BGR,2012,1.60464880529568,0.0377761581591458,0.847075070547068
BGR,2013,1.1076323174832,0.0340056163950494,0.608878277562414
BGR,2014,0.784766836474764,0.0309655080286577,0.36071035944508
BGR,2015,0.6587242316101,0.0148484893305972,0.260084624393388
BGR,2016,0.526340830586215,0.0107367793608996,0.177081545142641
BGR,2017,0.749247066231762,0.0150539945411986,0.316211256207862
BGR,2018,0.678372706778028,0.0215683047004454,0.270432989561586
BGR,2019,0.580269555247755,0.0184983412131835,0.248855463356659
BGR,2020,0.618935967577506,0.00967333606272928,0.34845622392036
BGR,2021,0.917744335906696,0.0193926462885907,0.593627371344038
BGR,2022,,,
BGR,2023,,,
BGR,2024,,,
BGR,2025,,,
BHR,1960,,,
BHR,1961,,,
BHR,1962,,,
BHR,1963,,,
BHR,1964,,,
BHR,1965,,,
BHR,1966,,,
BHR,1967,,,
BHR,1968,,,
BHR,1969,,,
BHR,1970,,,
BHR,1971,,,
BHR,1972,,,
BHR,1973,,,
BHR,1974,,,
BHR,1975,,,
BHR,1976,,,
BHR,1977,,,
BHR,1978,,,
BHR,1979,,,
BHR,1980,71.3393304804284,68.1362125392305,0.0
BHR,1981,60.6677370225297,58.0699222662964,0.0
BHR,1982,34.7756748440513,33.7423368813276,0.0
BHR,1983,32.2435994918753,29.0419490949798,0.0
BHR,1984,34.6847206034164,31.8871060471681,0.0
BHR,1985,33.9345144741502,30.4149282702955,0.0
BHR,1986,28.2159970267233,23.3122958880053,0.0
BHR,1987,33.7458417423417,30.0343307928011,0.0
BHR,1988,26.7828579624703,23.1071212143896,0.0
BHR,1989,34.7461741237401,31.1467417262058,0.0
BHR,1990,40.8740682384437,37.0437374677071,0.0
BHR,1991,23.6193077854387,20.4853120745387,0.0
BHR,1992,24.1753653686519,20.7616769769703,0.0
BHR,1993,21.4839214614228,17.9580307941121,0.0
BHR,1994,18.235083153916,14.682952911195,0.0
BHR,1995,18.958919570053,15.2459702602519,0.0
BHR,1996,22.4740735880541,18.4494024419669,0.0
BHR,1997,20.9239457699085,16.418731399958,0.0
BHR,1998,15.1566374540832,10.6376958646887,0.0
BHR,1999,18.9307099565332,14.7940799756461,0.0
BHR,2000,22.6166110930815,18.711078045797,0.0
BHR,2001,19.6064806102315,15.0074471454831,0.0
BHR,2002,18.3096740288898,14.4906538546743,0.0
BHR,2003,18.2515226696453,14.9880274040125,0.0
BHR,2004,19.5474993928405,16.6530213443367,0.0
BHR,2005,23.5501782556664,20.0931217396654,0.0
BHR,2006,23.9324887044813,20.3670614713082,0.0
BHR,2007,22.2759061285424,18.9906048191926,0.0
BHR,2008,24.8161182032708,21.6815768768211,0.0
BHR,2009,18.0762091411409,14.4351176966592,0.0
BHR,2010,20.4621165633706,17.3156329535965,0.0
BHR,2011,26.9949431372074,23.3980559518896,0.0
BHR,2012,23.5822213574272,20.0940234657871,0.0
BHR,2013,24.5336335455131,20.8660137007827,0.0
BHR,2014,22.4113282575127,18.8709266924557,0.0
BHR,2015,12.6346752292951,9.82474436918962,0.0
BHR,2016,9.6486154919148,7.62960432748572,0.0
BHR,2017,11.1603274625829,8.93795259727704,0.0
BHR,2018,14.7513564173951,11.3900811220261,0.0
BHR,2019,13.3637839937888,9.8481886760226,0.0
BHR,2020,10.7041414154858,6.69558923237194,0.0
BHR,2021,16.6400337175308,10.9376756365994,0.0
BHR,2022,,,
BHR,2023,,,
BHR,2024,,,
BHR,2025,,,
BHS,1960,,,
BHS,1961,,,
BHS,1962,,,
BHS,1963,,,
BHS,1964,,,
BHS,1965,,,
BHS,1966,,,
BHS,1967,,,
BHS,1968,,,
BHS,1969,,,
BHS,1970,0.906985201999454,,0.0
BHS,1971,0.84733571919426,,0.0
BHS,1972,0.893551077349997,,0.0
BHS,1973,0.847806842061722,,0.0
BHS,1974,0.747448128196058,,0.0
BHS,1975,0.444608754694519,,0.0
BHS,1976,0.270890813759775,,0.0
BHS,1977,0.293562658991994,,0.0
BHS,1978,0.296956268908364,,0.0
BHS,1979,0.200212488912186,,0.0
BHS,1980,0.226219081925722,0.0,0.0
BHS,1981,0.187229091685762,0.0,0.0
BHS,1982,0.185349292530907,0.0,0.0
BHS,1983,0.140886368617226,0.0,0.0
BHS,1984,0.114903865735357,0.0,0.0
BHS,1985,0.0408415258595623,0.0,0.0
BHS,1986,0.0404236909300599,0.0,0.0
BHS,1987,0.0430349819374979,0.0,0.0
BHS,1988,0.0661437990601393,0.0,0.0
BHS,1989,0.0583698885624857,0.0,0.0
BHS,1990,0.117517922654803,0.0,0.0
BHS,1991,0.0985386018898743,0.0,0.0
BHS,1992,0.0847378457760751,0.0,0.0
BHS,1993,0.106734839094133,0.0,0.0
BHS,1994,0.0823949449552514,0.0,0.0
BHS,1995,0.0939755068763486,0.0,0.0
BHS,1996,0.0800968796029261,0.0,0.0
BHS,1997,0.0406913459063713,0.0,0.0
BHS,1998,0.00982060005443367,0.0,0.0
BHS,1999,0.00894710566624494,0.0,0.0
BHS,2000,0.0065462344231874,0.0,0.0
BHS,2001,0.00672552681484684,0.0,0.0
BHS,2002,0.00802761910159939,0.0,0.0
BHS,2003,0.00711913265164592,0.0,0.0
BHS,2004,0.00632085195324348,0.0,0.0
BHS,2005,0.00625322241800192,0.0,0.0
BHS,2006,0.00740185924800783,0.0,0.0
BHS,2007,0.00786416942490994,0.0,0.0
BHS,2008,0.00881508179515022,0.0,0.0
BHS,2009,0.00862539932676807,0.0,0.0
BHS,2010,0.015294777644818,0.0,0.0
BHS,2011,0.0133672662693222,0.0,0.0
BHS,2012,0.0123502671887337,0.0,0.0
BHS,2013,0.0157205965291449,0.0,0.0
BHS,2014,0.0177506910216208,0.0,0.0
BHS,2015,0.0142629231307782,0.0,0.0
BHS,2016,0.0174296477466322,0.0,0.0
BHS,2017,0.017196510578808,0.0,0.0
BHS,2018,0.0131261113776456,0.0,0.0
BHS,2019,0.0121899442192584,0.0,0.0
BHS,2020,0.0192026251424872,0.0,0.0
BHS,2021,0.0147540061086709,0.0,0.0
BHS,2022,,,
BHS,2023,,,
BHS,2024,,,
BHS,2025,,,
BIH,1960,,,
BIH,1961,,,
BIH,1962,,,
BIH,1963,,,
BIH,1964,,,
BIH,1965,,,
BIH,1966,,,
BIH,1967,,,
BIH,1968,,,
BIH,1969,,,
BIH,1970,,,
BIH,1971,,,
BIH,1972,,,
BIH,1973,,,
BIH,1974,,,
BIH,1975,,,
BIH,1976,,,
BIH,1977,,,
BIH,1978,,,
BIH,1979,,,
BIH,1980,,,
BIH,1981,,,
BIH,1982,,,
BIH,1983,,,
BIH,1984,,,
BIH,1985,,,
BIH,1986,,,
BIH,1987,,,
BIH,1988,,,
BIH,1989,,,
BIH,1990,,,
BIH,1991,,,
BIH,1992,,,
BIH,1993,,,
BIH,1994,0.248609656022149,0.0,0.160892051264671
BIH,1995,1.36814058272155,0.0,0.0663635676615582
BIH,1996,0.0917408632221787,0.0,0.0145003111862726
BIH,1997,1.91036737563414,0.0,0.0114487773584079
BIH,1998,1.54826333366866,0.0,0.0528852069774588
BIH,1999,1.36092469205014,0.0,0.0389809900657342
BIH,2000,1.2556172695724,0.0,0.0579154373195127
BIH,2001,1.32134721307544,0.0,0.0318881569647862
BIH,2002,0.876972619924244,0.0,0.0177361168867414
BIH,2003,0.823756269015972,0.0,0.0197041644928246
BIH,2004,1.70617299249607,0.0,0.0901895502146079
BIH,2005,1.83045077708021,0.0,0.703806919458126
BIH,2006,1.64395598738016,0.0,0.458670810593586
BIH,2007,2.12464876712097,0.0,0.791281846862712
BIH,2008,3.63776732743269,0.0,0.746316087254571
BIH,2009,1.45852244978434,0.0,0.264643735328446
BIH,2010,2.72228942887324,0.0,0.809638528559299
BIH,2011,3.52625270170032,0.0,1.08585787931275
BIH,2012,2.2205854902667,0.0,0.816582827983134
BIH,2013,1.76161048085692,0.0,0.805134663067053
BIH,2014,1.23632273750299,0.0,0.459672382464352
BIH,2015,1.0186279504412,0.0,0.255856935979025
BIH,2016,1.04695668588363,0.0,0.279700782849483
BIH,2017,1.28162139967933,0.0,0.356165463303674
BIH,2018,1.05259180342277,0.0,0.156407536593965
BIH,2019,0.800756928062343,0.0,0.0334032987362757
BIH,2020,0.7812488464624,0.0,0.0281513827376126
BIH,2021,0.813398711441269,0.0,0.0397800429056463
BIH,2022,,,
BIH,2023,,,
BIH,2024,,,
BIH,2025,,,
BLR,1960,,,
BLR,1961,,,
BLR,1962,,,
BLR,1963,,,
BLR,1964,,,
BLR,1965,,,
BLR,1966,,,
BLR,1967,,,
BLR,1968,,,
BLR,1969,,,
BLR,1970,,,
BLR,1971,,,
BLR,1972,,,
BLR,1973,,,
BLR,1974,,,
BLR,1975,,,
BLR,1976,,,
BLR,1977,,,
BLR,1978,,,
BLR,1979,,,
BLR,1980,,,
BLR,1981,,,
BLR,1982,,,
BLR,1983,,,
BLR,1984,,,
BLR,1985,,,
BLR,1986,,,
BLR,1987,,,
BLR,1988,,,
BLR,1989,,,
BLR,1990,1.46495317023793,1.44597190733028,0.0
BLR,1991,0.699615527627753,0.683545756548029,0.0
BLR,1992,2.26416851675533,0.678212480241202,0.0
BLR,1993,2.21248202232482,0.683699221725561,0.0
BLR,1994,1.92293267171276,0.662921666065701,0.0
BLR,1995,2.29540392663341,0.764551766430683,0.0
BLR,1996,3.37119722373573,0.962363803239676,0.0
BLR,1997,3.18802305084874,0.782137211300665,0.0
BLR,1998,0.79713486531659,0.225994396151491,0.0
BLR,1999,1.72073029417856,0.852060708251057,0.0
BLR,2000,2.54557671523974,1.78844487580508,0.0
BLR,2001,2.14528094220705,1.34865249857526,0.0
BLR,2002,1.81125653175824,1.17776447049082,0.0
BLR,2003,1.76539619642518,1.13171633278447,0.0
BLR,2004,1.79153055739652,1.1746798782904,0.0
BLR,2005,1.76999857555488,1.28297270844558,0.0
BLR,2006,1.67789507585865,1.21065194701197,0.0
BLR,2007,1.55510160465908,1.09295340297526,0.0
BLR,2008,1.60385129982227,1.1998245861583,0.0
BLR,2009,1.14110578701464,0.730286719935005,0.0
BLR,2010,1.2135788388197,0.772806204282758,0.0
BLR,2011,1.6541017837394,1.17084554095057,0.0
BLR,2012,1.72782026745452,1.04464650090861,0.0
BLR,2013,1.43580105606,0.832270804096301,0.0
BLR,2014,1.32461564136151,0.734771849347757,0.0
BLR,2015,1.16867046065759,0.439126030844868,0.0
BLR,2016,1.24276957113325,0.386692377932086,0.0
BLR,2017,1.56417583319201,0.509192771843037,0.0
BLR,2018,1.98128406238056,0.81482381135107,0.0
BLR,2019,1.66960534709783,0.652174604477283,0.0
BLR,2020,1.52063831654103,0.36508491305747,0.0
BLR,2021,1.86330240223309,0.81410582144289,0.0
BLR,2022,,,
BLR,2023,,,
BLR,2024,,,
BLR,2025,,,
BLZ,1960,,,
BLZ,1961,,,
BLZ,1962,,,
BLZ,1963,,,
BLZ,1964,,,
BLZ,1965,,,
BLZ,1966,,,
BLZ,1967,,,
BLZ,1968,,,
BLZ,1969,,,
BLZ,1970,0.993307334043983,,0.0
BLZ,1971,0.890162687149574,,0.0
BLZ,1972,0.817435115175508,,0.0
BLZ,1973,1.32184713319987,,0.0
BLZ,1974,0.992842713017703,,0.0
BLZ,1975,1.21772070905146,,0.0
BLZ,1976,1.13198492989767,,0.0
BLZ,1977,1.06115934450631,,0.0
BLZ,1978,1.12096925040997,,0.0
BLZ,1979,1.55744855218411,,0.0
BLZ,1980,1.31899914769082,0.0,0.0
BLZ,1981,1.0980515425706,0.0,0.0
BLZ,1982,1.72491766728428,0.0,0.0
BLZ,1983,0.983097545178214,0.0,0.0
BLZ,1984,0.660556480895898,0.0,0.0
BLZ,1985,0.563075709885316,0.0,0.0
BLZ,1986,0.458824722665737,0.0,0.0
BLZ,1987,0.768025229925464,0.0,0.0
BLZ,1988,0.666135185141073,0.0,0.0
BLZ,1989,0.650219921896862,0.0,0.0
BLZ,1990,0.572758685347127,0.0,0.0
BLZ,1991,0.535944914133926,0.0,0.0
BLZ,1992,0.47752264160565,0.0,0.0
BLZ,1993,0.436250448086704,0.0,0.0
BLZ,1994,0.397405387876174,0.0,0.0
BLZ,1995,0.4873231540489,0.0,0.0
BLZ,1996,0.409891121326979,0.0,0.0
BLZ,1997,0.396693346471525,0.0,0.0
BLZ,1998,0.331381514331657,0.0,0.000654591206111299
BLZ,1999,0.282795926405084,0.0,0.000907606184650073
BLZ,2000,0.205648153993696,0.0,0.00121728831019178
BLZ,2001,0.204856054940229,0.0,6.83778575389436e-05
BLZ,2002,0.214525511494211,0.0,0.000127978934701093
BLZ,2003,0.209561895130113,0.0,0.000243124192989949
BLZ,2004,0.185339714258494,0.0,0.0
BLZ,2005,0.216624955471021,0.0302356662908637,0.0
BLZ,2006,2.3394592469035,2.1564696584244,0.00343960264927482
BLZ,2007,3.04354958283073,2.82529999150958,0.00337912128061899
BLZ,2008,4.78778762102232,4.54726478814353,0.00405781354043484
BLZ,2009,3.21021774100455,2.97041788271908,0.00484743829496492
BLZ,2010,4.21853544863999,3.81365912702217,0.0
BLZ,2011,5.75130266465738,5.39177359139515,0.0
BLZ,2012,3.9491024337509,3.61620294980385,0.0
BLZ,2013,2.7478714589422,2.37815923726399,0.0
BLZ,2014,2.06063048735068,1.66821698471204,0.0
BLZ,2015,0.832694636763692,0.50187422826991,0.0
BLZ,2016,0.707884094800211,0.324173047828252,0.0
BLZ,2017,0.740544655771488,0.383066806127611,0.0
BLZ,2018,0.796890251194486,0.502364606863084,0.0
BLZ,2019,0.584709328866043,0.336504088611723,0.0
BLZ,2020,0.478914006262091,0.135640326595164,0.0
BLZ,2021,0.523036536890701,0.280281956428533,0.0
BLZ,2022,,,
BLZ,2023,,,
BLZ,2024,,,
BLZ,2025,,,
BMU,1960,,,
BMU,1961,,,
BMU,1962,,,
BMU,1963,,,
BMU,1964,,,
BMU,1965,,,
BMU,1966,,,
BMU,1967,,,
BMU,1968,,,
BMU,1969,,,
BMU,1970,0.0,,0.0
BMU,1971,0.0,,0.0
BMU,1972,0.0,,0.0
BMU,1973,0.0,,0.0
BMU,1974,0.0,,0.0
BMU,1975,0.0,,0.0
BMU,1976,0.0,,0.0
BMU,1977,0.0,,0.0
BMU,1978,0.0,,0.0
BMU,1979,0.0,,0.0
BMU,1980,0.0,0.0,0.0
BMU,1981,0.0,0.0,0.0
BMU,1982,0.0,0.0,0.0
BMU,1983,0.0,0.0,0.0
BMU,1984,0.0,0.0,0.0
BMU,1985,0.0,0.0,0.0
BMU,1986,0.0,0.0,0.0
BMU,1987,0.0,0.0,0.0
BMU,1988,0.0,0.0,0.0
BMU,1989,0.0,0.0,0.0
BMU,1990,0.0,0.0,0.0
BMU,1991,0.0,0.0,0.0
BMU,1992,0.0,0.0,0.0
BMU,1993,0.0,0.0,0.0
BMU,1994,0.0,0.0,0.0
BMU,1995,0.0,0.0,0.0
BMU,1996,0.0,0.0,0.0
BMU,1997,0.0,0.0,0.0
BMU,1998,0.0,0.0,0.0
BMU,1999,0.0,0.0,0.0
BMU,2000,0.0,0.0,0.0
BMU,2001,0.0,0.0,0.0
BMU,2002,0.0,0.0,0.0
BMU,2003,0.0,0.0,0.0
BMU,2004,0.0,0.0,0.0
BMU,2005,0.0,0.0,0.0
BMU,2006,0.0,0.0,0.0
BMU,2007,0.0,0.0,0.0
BMU,2008,0.0,0.0,0.0
BMU,2009,0.0,0.0,0.0
BMU,2010,0.0,0.0,0.0
BMU,2011,0.0,0.0,0.0
BMU,2012,0.0,0.0,0.0
BMU,2013,0.0,0.0,0.0
BMU,2014,0.0,0.0,0.0
BMU,2015,0.0,0.0,0.0
BMU,2016,0.0,0.0,0.0
BMU,2017,0.0,0.0,0.0
BMU,2018,0.0,0.0,0.0
BMU,2019,0.0,0.0,0.0
BMU,2020,0.0,0.0,0.0
BMU,2021,0.0,0.0,0.0
BMU,2022,,,
BMU,2023,,,
BMU,2024,,,
BMU,2025,,,
BOL,1960,,,
BOL,1961,,,
BOL,1962,,,
BOL,1963,,,
BOL,1964,,,
BOL,1965,,,
BOL,1966,,,
BOL,1967,,,
BOL,1968,,,
BOL,1969,,,
BOL,1970,1.99545883045688,0.414649790617165,1.05118143849649
BOL,1971,1.60568602023854,0.665714020190133,0.469637163444323
BOL,1972,1.60774067196897,0.571149783034975,0.528017210093262
BOL,1973,4.62783678157376,1.0309604428977,2.71394460214494
BOL,1974,8.57918560262433,3.52258007760293,4.14524681973909
BOL,1975,4.71568892233748,2.99141060687901,0.530852098947061
BOL,1976,4.28977128412561,2.87079668141286,0.431358154117883
BOL,1977,4.93349327282901,1.70014358966065,2.61633282115755
BOL,1978,5.2938418538521,1.97464196310885,2.62688110466736
BOL,1979,8.8102393990601,4.44938590228508,3.13496448766853
BOL,1980,11.6971201422054,5.44751163751417,4.40201554589631
BOL,1981,5.13576825558408,2.84128762572181,1.31226812908617
BOL,1982,3.88183938441437,1.9497511710971,0.986962633807602
BOL,1983,4.69810993606131,2.51904585140964,1.1370234951631
BOL,1984,3.90523863325772,2.28481799586335,0.707916274590702
BOL,1985,3.51239464709064,2.14769704421791,0.405535200879668
BOL,1986,2.50385639964433,1.13382149372689,0.0779394113952785
BOL,1987,3.61638536540683,1.98031887414419,0.467650145305885
BOL,1988,5.36042214815822,1.45643295413321,3.04753900791756
BOL,1989,7.4237948553511,2.14090278296784,4.2511982472232
BOL,1990,7.28776717511939,2.75361755081365,3.04173796185884
BOL,1991,3.86536252330757,1.37366238218404,1.18788762413393
BOL,1992,3.83579549195986,1.42097317088114,1.09727031615049
BOL,1993,3.64155613379886,1.3937400044077,0.798346265084072
BOL,1994,4.41108909617144,1.32063764470926,1.73890914907193
BOL,1995,5.11080000814782,1.67539093460871,2.04389063801456
BOL,1996,4.73280305606934,2.08266621438735,1.46212762695585
BOL,1997,4.01382529219893,1.64557088716868,1.26953717155461
BOL,1998,2.23594806398861,1.24033297671521,0.169697256119387
BOL,1999,2.77497627522259,1.83148099301924,0.211120591313388
BOL,2000,4.61282788346862,3.20071915897547,0.278147845667971
BOL,2001,4.33368686543391,2.70191454521148,0.121156626329288
BOL,2002,4.94485124710044,3.20143436722118,0.224689917053631
BOL,2003,5.31627802754268,3.57840976144804,0.23473798970115
BOL,2004,7.4299811875095,5.08868092656529,0.56359830222864
BOL,2005,11.5452208680479,7.33080300030145,0.913753281667752
BOL,2006,14.6334565247073,6.90511113358437,3.57670624063231
BOL,2007,13.9849345825977,4.87482833139779,4.52067350442681
BOL,2008,12.7766867611472,5.13358898631882,3.46252645043463
BOL,2009,7.44851742232197,1.99901854108232,1.63166193147975
BOL,2010,9.16161212209317,2.81120414194023,3.2482634773025
BOL,2011,14.001095606139,3.57882129837961,5.12663676709338
BOL,2012,12.3531411069095,3.58582706729094,3.23074692838332
BOL,2013,11.9598682861297,3.31838837807072,2.55541456378636
BOL,2014,10.5328802221264,3.03332355757079,2.18635765248212
BOL,2015,4.11807754841214,1.14024731448316,0.154530695755321
BOL,2016,2.97275312620724,0.788114698375915,0.707160512505969
BOL,2017,5.01456692473101,1.02986757658124,2.42321513255476
BOL,2018,5.37166725772886,1.4498952900262,1.16643513443381
BOL,2019,4.09529358747088,1.0303191682966,0.562741001877922
BOL,2020,2.7203797976672,0.497346305966912,0.453988608258518
BOL,2021,9.46769419569564,1.26335187425347,5.91005603334556
BOL,2022,,,
BOL,2023,,,
BOL,2024,,,
BOL,2025,,,
BRA,1960,,,
BRA,1961,,,
BRA,1962,,,
BRA,1963,,,
BRA,1964,,,
BRA,1965,,,
BRA,1966,,,
BRA,1967,,,
BRA,1968,,,
BRA,1969,,,
BRA,1970,1.61330030982628,0.0580871342065977,0.489549107599451
BRA,1971,1.39264441373664,0.0866783727871194,0.397243118339099
BRA,1972,1.38003707047932,0.0829818942691442,0.458517275019689
BRA,1973,1.40788298659705,0.106009897227546,0.380213588755104
BRA,1974,1.83087242188651,0.472519637288271,0.564246680863701
BRA,1975,2.00567768248299,0.373603862526055,0.648535358235827
BRA,1976,1.93362759577417,0.330242444580902,0.866695810832042
BRA,1977,1.76823165078168,0.232335459886067,0.619314040120066
BRA,1978,1.69806200881092,0.224772563826461,0.493968868581604
BRA,1979,2.36476911799912,0.550618644310113,0.567144838747346
BRA,1980,2.77080988581465,0.699999011497544,0.707473754491925
BRA,1981,2.4347097567803,0.629316306688949,0.646954627487347
BRA,1982,2.68175882307319,0.435449134712181,0.680272326468683
BRA,1983,3.513261433871,1.07979579101903,0.978207998412623
BRA,1984,3.5338366382632,1.49331145061436,0.989265371762926
BRA,1985,3.80860118136164,1.79285373159391,1.10649847955781
BRA,1986,2.3664187207187,0.65804142113814,0.856235316638621
BRA,1987,2.65274212548969,0.957379779624883,0.801432362326877
BRA,1988,2.35076334658211,0.643872438571442,0.843087562676458
BRA,1989,2.30401251802806,0.782840220998812,0.753599477657633
BRA,1990,2.68167389862843,1.03088670277662,0.768736210537957
BRA,1991,2.32109734238196,0.635770130186733,0.668690322705163
BRA,1992,2.48015551009855,0.721680504993654,0.653833070192071
BRA,1993,2.05663127242723,0.627722800383303,0.401330252888895
BRA,1994,1.37319774228072,0.444187728125844,0.256437173723599
BRA,1995,1.14877560865906,0.362004918741715,0.186451621726932
BRA,1996,1.14889170835858,0.471367837068537,0.193354110465506
BRA,1997,1.03895894476099,0.425301553735655,0.164715646996924
BRA,1998,0.962811621846264,0.269584542259557,0.291965682511125
BRA,1999,1.71450974118159,0.755293266193,0.347740643528655
BRA,2000,2.15912007223176,1.41179870802297,0.287289488101813
BRA,2001,2.23774123802714,1.27147695936395,0.427934714658352
BRA,2002,2.8154673100718,1.67933238308169,0.427572122123379
BRA,2003,2.70034429443933,1.73818665052402,0.216753354731614
BRA,2004,2.53496036492128,1.88707133960992,0.0993366848795947
BRA,2005,3.65047497650545,2.36913016995635,0.824394034854481
BRA,2006,3.82714515901824,2.44556560201409,0.885931939469878
BRA,2007,4.10201494553661,2.06708286540223,1.54918209203662
BRA,2008,4.7760488329414,2.44243714676148,1.86813935454653
BRA,2009,2.38487387569911,1.33048498208149,0.590993460618904
BRA,2010,3.64871282999395,1.49436765608812,1.63133477933765
BRA,2011,4.33686638966397,2.04628720532789,1.81291052174163
BRA,2012,3.85552495977285,2.04370817642662,1.28444928435221
BRA,2013,3.78686028400519,1.82332429100899,1.36949504191434
BRA,2014,3.28623279487755,1.86374490964098,0.819525992656112
BRA,2015,2.35832735012319,1.03926987894612,0.570992536585529
BRA,2016,2.43013532231265,0.832280473743435,0.771513115023924
BRA,2017,2.73375767842298,1.12836853918598,0.827049853703138
BRA,2018,3.61759120230309,1.90111531664903,0.839935533119731
BRA,2019,3.21717303299592,1.6761311575078,0.79915174911943
BRA,2020,3.22987656043381,1.07872778605369,1.14458939921673
BRA,2021,7.94111199933246,2.60445733698427,4.48894018515032
BRA,2022,,,
BRA,2023,,,
BRA,2024,,,
BRA,2025,,,
BRB,1960,,,
BRB,1961,,,
BRB,1962,,,
BRB,1963,,,
BRB,1964,,,
BRB,1965,,,
BRB,1966,,,
BRB,1967,,,
BRB,1968,,,
BRB,1969,,,
BRB,1970,,,
BRB,1971,,,
BRB,1972,,,
BRB,1973,,,
BRB,1974,0.350418652416126,0.340186631141167,0.0
BRB,1975,0.334129284177781,0.32130511572033,0.0
BRB,1976,0.396754188745285,0.385736298950942,0.0
BRB,1977,0.346395217055425,0.335836031110512,0.0
BRB,1978,0.389467425885756,0.379520275189301,0.0
BRB,1979,0.880396232887003,0.864958555471364,0.0
BRB,1980,0.790167198077343,0.770105630007003,0.0
BRB,1981,0.426921047606178,0.417196586572948,0.0
BRB,1982,0.296856408936094,0.284683399410002,0.0
BRB,1983,0.542142113569443,0.529135521856333,0.0
BRB,1984,0.805267489915018,0.79182040505135,0.0
BRB,1985,0.783951444284363,0.768484155595027,0.0
BRB,1986,0.257829883393311,0.245552114702255,0.0
BRB,1987,0.331409509324591,0.323893995282382,0.0
BRB,1988,0.20254243234365,0.195489380890473,0.0
BRB,1989,0.26508625426957,0.250544900133297,0.0
BRB,1990,0.420228750334141,0.400105606628418,0.0
BRB,1991,0.230289623411501,0.215801509024324,0.0
BRB,1992,0.275134669548413,0.259967750227605,0.0
BRB,1993,0.24914883503728,0.220950034231678,0.0
BRB,1994,0.223828846014171,0.203752656578402,0.0
BRB,1995,0.258669173463335,0.23589004398015,0.0
BRB,1996,0.230653856863165,0.215160119006138,0.0
BRB,1997,0.176665303195437,0.16364458574617,0.0
BRB,1998,0.144360374300053,0.133788317191513,0.0
BRB,1999,0.272777479325596,0.260829730780095,0.0
BRB,2000,0.380670352993213,0.366975715871392,0.0
BRB,2001,0.246298575712051,0.233968575112161,0.0
BRB,2002,0.243476236193269,0.233345874765377,0.0
BRB,2003,0.22450334353528,0.216001790781783,0.0
BRB,2004,0.23925567556558,0.231208899358295,0.0
BRB,2005,0.356611997189558,0.344768895111478,0.0
BRB,2006,0.397643724326972,0.381788552150649,0.0
BRB,2007,0.354933567682052,0.337029001675535,0.0
BRB,2008,0.400710135217005,0.381152347371583,0.0
BRB,2009,0.217755377729703,0.195379735576456,0.0
BRB,2010,0.297144735120965,0.274995862501036,0.0
BRB,2011,0.478258261538397,0.44650222837092,0.0
BRB,2012,0.455018922008083,0.421754818765643,0.0
BRB,2013,0.383795670096944,0.345790863079305,0.0
BRB,2014,0.327779295536994,0.293287641580527,0.0
BRB,2015,0.129202531392543,0.105085270554838,0.0
BRB,2016,0.0966644797426343,0.0786113955245193,0.0
BRB,2017,0.13228226291345,0.113958458217943,0.0
BRB,2018,0.214063429251287,0.193101287398602,0.0
BRB,2019,0.230547661622418,0.211318147181856,0.0
BRB,2020,0.138343276363777,0.118477272101359,0.0
BRB,2021,0.328405869203115,0.309362900191603,0.0
BRB,2022,,,
BRB,2023,,,
BRB,2024,,,
BRB,2025,,,
BRN,1960,,,
BRN,1961,,,
BRN,1962,,,
BRN,1963,,,
BRN,1964,,,
BRN,1965,,,
BRN,1966,,,
BRN,1967,,,
BRN,1968,,,
BRN,1969,,,
BRN,1970,3.1223848976925,2.74112553444977,0.0
BRN,1971,3.31998435488875,2.68505332797632,0.0
BRN,1972,9.96079848698807,9.2129250732725,0.0
BRN,1973,24.8462723103536,23.0550006711005,0.0
BRN,1974,62.6066949632889,56.6551762756192,0.0
BRN,1975,65.5154368311645,52.9310118193498,0.0
BRN,1976,69.5544887840784,55.2783051703255,0.0
BRN,1977,65.35439118757,52.7272115263147,0.0
BRN,1978,61.720982948731,49.1589692551152,0.0
BRN,1979,,,0.0
BRN,1980,59.9004315226865,52.7396416550522,0.0
BRN,1981,39.2975147095092,35.9351425751176,0.0
BRN,1982,24.4442998217197,23.1195915132058,0.0
BRN,1983,33.1713091192494,30.3469179395202,0.0
BRN,1984,37.9330038895309,34.3361652000866,0.0
BRN,1985,34.7995986956058,30.03550300042,0.0
BRN,1986,33.9562595972498,22.9691135535257,0.0
BRN,1987,35.1004069730623,26.7855376176689,0.0
BRN,1988,26.4239625063631,19.0003232268832,0.0
BRN,1989,32.9595689344962,25.6466724918498,0.0
BRN,1990,38.9442334526855,30.6838382585785,0.0
BRN,1991,24.5444897748744,17.8487047904996,0.0
BRN,1992,26.0034551280989,19.1281731093251,0.0
BRN,1993,27.5414502126718,18.7936196786674,0.0
BRN,1994,26.0634043120685,16.0500449703665,0.0
BRN,1995,23.9593323667548,13.7981248795186,0.0
BRN,1996,26.9444100718296,16.06642734769,0.0
BRN,1997,25.8932437123593,14.8382113343604,0.0
BRN,1998,18.2806644004442,8.7864524447592,0.0
BRN,1999,24.3701807888526,14.7734214326029,0.0
BRN,2000,34.9806797269488,23.4896305488652,0.0
BRN,2001,28.0689587422791,16.742683402114,0.0
BRN,2002,25.6090865095569,16.1096999175722,0.0
BRN,2003,28.186665250467,16.6876107710204,0.0
BRN,2004,30.6736955466632,19.7780085437059,0.0
BRN,2005,34.870561902884,25.956729633831,0.0
BRN,2006,37.4065877795075,30.500356671909,0.0
BRN,2007,33.5991567858711,27.5236863460397,0.0
BRN,2008,31.9744920960436,26.3149392802544,0.0
BRN,2009,23.5521044849525,16.6918809538917,0.0
BRN,2010,26.7152441963854,20.3808570661645,0.0
BRN,2011,29.6086211413466,24.1925755555505,0.0
BRN,2012,25.2092889599313,20.2405416655378,0.0
BRN,2013,21.4732323194006,16.496289516532,0.0
BRN,2014,22.0986474634681,14.6726548413146,0.0
BRN,2015,18.8982989274798,7.67941403200076,0.0
BRN,2016,15.6737709259074,6.61076862656256,0.0
BRN,2017,17.1505902720615,8.33582039119995,0.0
BRN,2018,22.5076667399112,11.046476859895,0.0
BRN,2019,20.8493177212138,9.00049471310791,0.0
BRN,2020,13.7524545777569,3.45811781195258,0.0
BRN,2021,24.2800139399884,10.3734034426076,0.0
BRN,2022,,,
BRN,2023,,,
BRN,2024,,,
BRN,2025,,,
BTN,1960,,,
BTN,1961,,,
BTN,1962,,,
BTN,1963,,,
BTN,1964,,,
BTN,1965,,,
BTN,1966,,,
BTN,1967,,,
BTN,1968,,,
BTN,1969,,,
BTN,1970,,,
BTN,1971,,,
BTN,1972,,,
BTN,1973,,,
BTN,1974,,,
BTN,1975,,,
BTN,1976,,,
BTN,1977,,,
BTN,1978,,,
BTN,1979,,,
BTN,1980,14.4060852475573,0.0,0.0
BTN,1981,11.7053133936962,0.0,0.0
BTN,1982,17.2879710771912,0.0,0.0
BTN,1983,10.6667344334234,0.0,0.0
BTN,1984,8.62081863986927,0.0,0.0
BTN,1985,5.91255720226313,0.0,0.0
BTN,1986,8.47256742362119,0.0,0.0
BTN,1987,6.15214136489004,0.0,0.0
BTN,1988,5.75256642731219,0.0,0.0
BTN,1989,5.7649077813051,0.0,0.0
BTN,1990,6.2621190380538,0.0,0.0
BTN,1991,7.57357543047097,0.0,0.0
BTN,1992,7.94072808955455,0.0,0.0
BTN,1993,6.51762391632971,0.0,0.0
BTN,1994,5.36071134054987,0.0,0.0
BTN,1995,6.1254404510305,0.0,0.0
BTN,1996,5.8349893078325,0.0,0.0
BTN,1997,4.28026008090708,0.0,0.0
BTN,1998,4.18976747526365,0.0,0.0
BTN,1999,4.28453588934316,0.0,0.0
BTN,2000,3.99249791992571,0.0,0.0
BTN,2001,3.85986523622213,0.0,0.0
BTN,2002,3.57415905695312,0.0,0.0
BTN,2003,3.33824659651879,0.0,0.0
BTN,2004,2.96502678462155,0.0,0.0
BTN,2005,2.6909483288888,0.0,0.0296108217912019
BTN,2006,3.39463477873421,0.0,0.0279021600404686
BTN,2007,4.30343281187343,0.0,0.0
BTN,2008,4.20220994620471,0.0,0.0
BTN,2009,3.53573296043821,0.0,0.0
BTN,2010,5.30448103550043,0.0,0.0
BTN,2011,4.92099178553179,0.0,0.0
BTN,2012,4.25283283104005,0.0,0.0221312240981869
BTN,2013,3.47642434931993,0.0,0.126629869230923
BTN,2014,3.4188576402575,0.0,0.0670274097883301
BTN,2015,4.0282954127605,0.0,0.0644025812863949
BTN,2016,4.43640193256866,0.0,0.0452314045297359
BTN,2017,3.36403341231926,0.0,0.0540584874730229
BTN,2018,1.98850743903733,0.0,0.0696622256776991
BTN,2019,2.1900698281611,0.0,0.103603698823657
BTN,2020,2.79203234949683,0.0,0.0524082823857014
BTN,2021,2.73325446048629,0.0,0.0750347930087043
BTN,2022,,,
BTN,2023,,,
BTN,2024,,,
BTN,2025,,,
BWA,1960,,,
BWA,1961,,,
BWA,1962,,,
BWA,1963,,,
BWA,1964,,,
BWA,1965,,,
BWA,1966,,,
BWA,1967,,,
BWA,1968,,,
BWA,1969,,,
BWA,1970,3.1539871567487,,0.0
BWA,1971,2.10662941293803,0.0,0.0
BWA,1972,1.88880476141673,0.0,0.0
BWA,1973,2.45821339454053,0.0,0.397735400382093
BWA,1974,4.71547413802842,0.0,2.79543493225443
BWA,1975,4.50437561460799,0.0,2.04994645845496
BWA,1976,8.42668402298768,0.0,5.56298325451874
BWA,1977,7.20883695872298,0.0,3.45621023427269
BWA,1978,3.5853846648505,0.0,0.628313951220582
BWA,1979,4.77198382565836,0.0,2.53819201556498
BWA,1980,4.31752918480549,0.0,2.08674100875835
BWA,1981,3.14247228662862,0.0,0.692480437463306
BWA,1982,3.49473617688353,0.0,0.290520287988385
BWA,1983,2.30324418106768,0.0,0.530853988713432
BWA,1984,1.64485337986057,0.0,0.208943335577195
BWA,1985,1.88553881942524,0.0,0.334786318597234
BWA,1986,1.48504010770118,0.0,0.00635896233733323
BWA,1987,1.14242972380008,0.0,0.211059107115485
BWA,1988,7.25076480890219,0.0,6.40506703214743
BWA,1989,5.5697917729506,0.0,4.75034804266577
BWA,1990,2.04902385582127,0.0,1.19812933826623
BWA,1991,3.070979269326,0.0,2.2804589414101
BWA,1992,1.97153795463796,0.0,1.20043127928839
BWA,1993,1.14828195290547,0.0,0.515037409081755
BWA,1994,1.62952199048033,0.0,0.943221994027424
BWA,1995,2.32135451850578,0.0,1.44847120894485
BWA,1996,1.2490411836837,0.0,0.490842683780012
BWA,1997,1.38262764865296,0.0,0.728962454318317
BWA,1998,0.852197294186411,0.0,0.180956861366555
BWA,1999,1.35861662081351,0.0,0.935691248771073
BWA,2000,2.37714702277095,0.0,1.9342105987552
BWA,2001,1.16385362507893,0.0,0.602410887426727
BWA,2002,0.914120248089873,0.0,0.370227785209537
BWA,2003,1.93144907309188,0.0,1.41345478237527
BWA,2004,3.22396760199793,0.0,2.60289908335249
BWA,2005,2.34343304226201,0.0,1.80451408678862
BWA,2006,6.44214501334577,0.0,5.8715277565173
BWA,2007,7.41241849763415,0.0,6.72227465431483
BWA,2008,3.96220451892022,0.0,2.74590642530052
BWA,2009,2.2457224349065,0.0,1.5646188550371
BWA,2010,2.10519505915873,0.0,1.33622855939048
BWA,2011,1.89428505199175,0.0,1.20501593357667
BWA,2012,2.25863530970605,0.0,1.35326347337962
BWA,2013,1.42514080375562,0.0,0.617000175777391
BWA,2014,0.927757760163875,0.0,0.221227865232098
BWA,2015,0.804774555171728,0.0,0.0458970459055873
BWA,2016,0.762292638118151,0.0,0.059400480666283
BWA,2017,0.880112468848718,0.0,0.0638031677366841
BWA,2018,0.869694754311434,0.0,0.062240812691455
BWA,2019,0.656053805525875,0.0,0.0539100990692102
BWA,2020,0.675042393475679,0.0,0.0692367788657271
BWA,2021,1.03853443914101,0.0,0.242401015769655
BWA,2022,,,
BWA,2023,,,
BWA,2024,,,
BWA,2025,,,
CAF,1960,,,
CAF,1961,,,
CAF,1962,,,
CAF,1963,,,
CAF,1964,,,
CAF,1965,,,
CAF,1966,,,
CAF,1967,,,
CAF,1968,,,
CAF,1969,,,
CAF,1970,8.23424630585922,,0.0
CAF,1971,8.06681115669064,,0.0
CAF,1972,9.00910875043085,,0.0
CAF,1973,12.1458882060324,,0.0
CAF,1974,11.3710603689298,,0.0
CAF,1975,10.4601226359877,,0.0
CAF,1976,8.59719839790315,,0.0
CAF,1977,11.3529502830117,,0.0
CAF,1978,10.5583932570226,,0.0
CAF,1979,9.3862613838053,,0.0251994537162235
CAF,1980,10.0920450629049,0.0,0.0898798715802864
CAF,1981,9.87266053457357,0.0,0.0419825852106697
CAF,1982,11.3446708331431,0.0,0.0254175679628
CAF,1983,9.20741189969057,0.0,0.0714179428922493
CAF,1984,9.01827799160902,0.0,0.155487416354477
CAF,1985,5.48291975769364,0.0,0.0807713644776144
CAF,1986,5.98444005599789,0.0,0.0565709961590914
CAF,1987,5.42855292552335,0.0,0.0958730590710699
CAF,1988,5.53049968134074,0.0,0.128029728101879
CAF,1989,6.12900263539733,0.0,0.066719011613983
CAF,1990,6.36218527896026,0.0,0.0458795767883306
CAF,1991,6.17153668390898,0.0,0.0707919928844022
CAF,1992,6.89469255761926,0.0,0.0329342012315817
CAF,1993,6.52279360281746,0.0,0.0494390024264404
CAF,1994,11.7665873676875,0.0,0.0767773012913199
CAF,1995,12.3967733718779,0.0,0.0121625622639931
CAF,1996,12.0071547470753,0.0,0.0320684954495187
CAF,1997,13.1964001171988,0.0,0.0209711728973715
CAF,1998,13.5362576835447,0.0,0.00900189011330563
CAF,1999,9.612906860768,0.0,0.00510609429482512
CAF,2000,11.1834541155259,0.0,0.00268071275368099
CAF,2001,10.8709245460195,0.0,0.00433400512692771
CAF,2002,11.3592017688794,0.0,0.00521228510367512
CAF,2003,11.7035944958621,0.0,0.00230510920825197
CAF,2004,8.16831180133758,0.0,0.000693933579054636
CAF,2005,8.63532012713763,0.0,0.00218731694397849
CAF,2006,10.0149391864689,0.0,0.00373003251029934
CAF,2007,9.94773670399437,0.0,0.00366106045431971
CAF,2008,11.7427274520468,0.0,0.0176030768666518
CAF,2009,8.76357439936913,0.0,0.0283705393270576
CAF,2010,7.89856275992667,0.0,0.0347440245644676
CAF,2011,8.45049853159435,0.0,0.0447415565872955
CAF,2012,9.16768384336065,0.0,0.042192971015475
CAF,2013,13.29568815319,0.0,0.0460300011133632
CAF,2014,11.2660722533116,0.0,0.0335637510136221
CAF,2015,12.6926233912315,0.0,0.0282855145599758
CAF,2016,13.0582628938186,0.0,0.0337874046918489
CAF,2017,13.4175903775497,0.0,0.0474263730896755
CAF,2018,11.1787424768372,0.0,0.0556825136573876
CAF,2019,9.81112301862311,0.0,0.0696846840058246
CAF,2020,9.88532886509892,0.0,0.187943545798735
CAF,2021,10.2601957578803,0.0,0.76804803651011
CAF,2022,,,
CAF,2023,,,
CAF,2024,,,
CAF,2025,,,
CAN,1960,,,
CAN,1961,,,
CAN,1962,,,
CAN,1963,,,
CAN,1964,,,
CAN,1965,,,
CAN,1966,,,
CAN,1967,,,
CAN,1968,,,
CAN,1969,,,
CAN,1970,1.97883548476178,0.426218710916176,1.29973721082201
CAN,1971,1.68765051266342,0.483633891255014,0.942167856866809
CAN,1972,1.76968831431431,0.590960087858191,0.862279377565741
CAN,1973,2.91469825076744,0.686930362294564,1.70972461489151
CAN,1974,5.73857768623766,2.38832396012474,1.7708508063348
CAN,1975,4.63818460956733,2.22091277208219,0.788855385748874
CAN,1976,4.15553992219347,1.95008492096025,0.743593959966158
CAN,1977,4.33594681021949,2.09690953813731,0.594436695681017
CAN,1978,3.9435407894632,1.98951388040675,0.360267309183678
CAN,1979,8.45963339670007,4.31015132989068,0.64632511264266
CAN,1980,9.04855856351785,5.01982219226639,0.900067442255319
CAN,1981,5.82610102003029,3.28392374750294,0.486517344775379
CAN,1982,3.2491612073497,1.97676703684554,0.356449698348743
CAN,1983,4.28149482838967,2.44822333019716,0.371859889218298
CAN,1984,4.27715647839391,2.2666488894717,0.395074532825599
CAN,1985,4.19241992197057,2.35728323441837,0.33634571889016
CAN,1986,1.87617525224145,0.99798271953185,0.229114969557248
CAN,1987,2.70475406044989,1.43056959785417,0.345823584294277
CAN,1988,2.72005770603422,0.882613319611029,1.09689359806209
CAN,1989,2.66632156919484,1.1043802752248,0.790006586119934
CAN,1990,2.75149660597247,1.48748684267335,0.549339394031579
CAN,1991,2.10518930781771,1.00432007393102,0.469744784784788
CAN,1992,2.35646663286738,1.08494897339021,0.346063228785098
CAN,1993,2.61882501357104,1.00984609631256,0.202891515474079
CAN,1994,2.48735968532937,0.968662410274702,0.297840897202919
CAN,1995,2.48630196327422,1.03435296028991,0.403004702773876
CAN,1996,3.20298844899117,1.29674202820292,0.298429960631947
CAN,1997,2.71190740654354,0.806571445967673,0.218185373462659
CAN,1998,1.69513810815863,0.35126817314169,0.104340832200499
CAN,1999,2.36216086159937,0.764045566591957,0.125058639678642
CAN,2000,4.60751758237025,1.47117947256471,0.180010591231763
CAN,2001,3.49736523473696,0.858857509112782,0.122183454333239
CAN,2002,2.86861445184707,0.955943439201293,0.138256427266278
CAN,2003,4.12923765244659,1.12578576172741,0.153175450905851
CAN,2004,4.43821726904446,1.49755944499054,0.285289345037603
CAN,2005,5.56481908611814,1.78498681477884,0.278767398290625
CAN,2006,4.0838166222725,1.79784487204702,0.602746949973667
CAN,2007,3.90022693990303,1.79572860434846,0.785283814075548
CAN,2008,5.07361690424834,2.54002352343034,0.513529436655604
CAN,2009,1.92304119754021,1.33142171181656,0.203571172276145
CAN,2010,2.12754227247051,1.36035981724265,0.449991271187577
CAN,2011,2.59347020768665,1.65206257737853,0.555035051706879
CAN,2012,1.44307674491624,0.873035162318975,0.33817353580594
CAN,2013,1.71420267216183,1.25009355545576,0.280229667910082
CAN,2014,1.68853293506066,1.16512699520053,0.252537145628929
CAN,2015,0.332933838108915,0.0345891578218769,0.153735192881661
CAN,2016,0.786494936523475,0.471724709301756,0.160582352644183
CAN,2017,1.19690470285221,0.816766635206739,0.204739486731936
CAN,2018,1.79820431653194,1.50562872928079,0.125273089273862
CAN,2019,1.93317583033348,1.6199500962193,0.188938776268746
CAN,2020,1.24181874632923,0.8889084820818,0.233498836098608
CAN,2021,4.94905581435186,2.82978528865474,1.18426034810901
CAN,2022,,,
CAN,2023,,,
CAN,2024,,,
CAN,2025,,,
CEB,1960,,,
CEB,1961,,,
CEB,1962,,,
CEB,1963,,,
CEB,1964,,,
CEB,1965,,,
CEB,1966,,,
CEB,1967,,,
CEB,1968,,,
CEB,1969,,,
CEB,1970,,,
CEB,1971,,,
CEB,1972,,,
CEB,1973,,,
CEB,1974,,,
CEB,1975,,,
CEB,1976,,,
CEB,1977,,,
CEB,1978,,,
CEB,1979,,,
CEB,1980,,,
CEB,1981,,,
CEB,1982,,,
CEB,1983,,,
CEB,1984,,,
CEB,1985,,,
CEB,1986,,,
CEB,1987,2.75059639989592,1.07803632494396,0.167395905888939
CEB,1988,3.39653174821758,0.775926565441269,1.03490766506026
CEB,1989,3.49006298514793,1.14634294329414,0.942284878667119
CEB,1990,2.7178991218467,0.516627029729591,0.3837563812603
CEB,1991,1.92459104094795,0.266960826683488,0.1996153633378
CEB,1992,1.58818339140375,0.261531429401098,0.212698848129975
CEB,1993,1.36262269466892,0.234706418779695,0.144526415563341
CEB,1994,1.05700075313255,0.188189153810233,0.159518592798466
CEB,1995,1.1263652618033,0.175356555561562,0.148874527451663
CEB,1996,1.03635672701621,0.223064882641393,0.081326969033171
CEB,1997,0.945386570230413,0.168801828509255,0.100481355929872
CEB,1998,0.50334604532278,0.0465926145094419,0.0240821673030772
CEB,1999,0.58967288712734,0.137926157561,0.0244265718137158
CEB,2000,0.939457391256684,0.309119355056625,0.0456392186026152
CEB,2001,1.01979872521841,0.207612021783596,0.0141452385586599
CEB,2002,0.744572295180919,0.186597933349575,0.0181133645131846
CEB,2003,0.717838049113847,0.179026745182262,0.0270066923950767
CEB,2004,1.1061097330347,0.196715317027076,0.0935876717295227
CEB,2005,0.964281330836715,0.234228684845765,0.100625738375398
CEB,2006,1.19480132473422,0.227341500592706,0.278042896919201
CEB,2007,1.05152672179859,0.20601319199778,0.215350069221804
CEB,2008,1.55001632883028,0.238548179197409,0.0983176986586973
CEB,2009,0.897497864660391,0.144168043827483,0.100843544757223
CEB,2010,2.20029237738755,0.148601101831123,1.19619705264914
CEB,2011,2.86079487305536,0.214127223109781,1.64092326277558
CEB,2012,2.06986567788745,0.220641321090719,1.1128973791034
CEB,2013,1.76799260913013,0.201941009775412,1.02731958103052
CEB,2014,1.63159566473226,0.181805309186322,0.997978576038892
CEB,2015,0.825631539045938,0.0891244285609806,0.31527946000084
CEB,2016,1.01596313200799,0.0667780578769204,0.56823959614082
CEB,2017,1.46868644836589,0.088567301983669,0.917155550238669
CEB,2018,1.37821568057069,0.126452410447952,0.787274567899187
CEB,2019,0.587609631709931,0.112793834086681,0.0867126369007863
CEB,2020,0.476124718719927,0.0588785189463163,0.075881540440314
CEB,2021,0.786964127057054,0.121158113913304,0.203066417318596
CEB,2022,,,
CEB,2023,,,
CEB,2024,,,
CEB,2025,,,
CHE,1960,,,
CHE,1961,,,
CHE,1962,,,
CHE,1963,,,
CHE,1964,,,
CHE,1965,,,
CHE,1966,,,
CHE,1967,,,
CHE,1968,,,
CHE,1969,,,
CHE,1970,,,
CHE,1971,,,
CHE,1972,,,
CHE,1973,,,
CHE,1974,,,
CHE,1975,,,
CHE,1976,,,
CHE,1977,,,
CHE,1978,,,
CHE,1979,,,
CHE,1980,0.0583477574755523,0.0,0.0
CHE,1981,0.0528346275517151,0.0,0.0
CHE,1982,0.0457506263005582,0.0,0.0
CHE,1983,0.0377489903636084,0.0,0.0
CHE,1984,0.0423731952549756,0.0,0.0
CHE,1985,0.0395717424102526,0.0,0.0
CHE,1986,0.037128723027519,0.0,0.0
CHE,1987,0.0298605489726404,0.0,0.0
CHE,1988,0.0283911119785343,0.0,0.0
CHE,1989,0.0329601106001632,0.0,0.0
CHE,1990,0.0386096534590046,0.0,0.0
CHE,1991,0.0210511330775071,0.0,0.0
CHE,1992,0.020686004971823,0.0,0.0
CHE,1993,0.0205399061352376,0.0,0.0
CHE,1994,0.0195523824339793,0.0,0.0
CHE,1995,0.019344501065301,0.0,0.0
CHE,1996,0.0184092683245298,0.0,0.0
CHE,1997,0.0195028572201222,0.0,0.0
CHE,1998,0.0176056456990415,0.0,0.0
CHE,1999,0.0170124455735738,0.0,0.0
CHE,2000,0.0339378282692173,0.0,0.0
CHE,2001,0.020027551740193,0.0,0.0
CHE,2002,0.0174874465729194,0.0,0.0
CHE,2003,0.0179605826583903,0.0,0.0
CHE,2004,0.0139653911937158,0.000185269236564892,0.0
CHE,2005,0.0146097923245434,0.000317765513572658,0.0
CHE,2006,0.0174346266304433,0.00063711934471555,0.0
CHE,2007,0.0193040083982512,0.000749164452712047,0.0
CHE,2008,0.0170877778380369,0.000960013727719588,0.0
CHE,2009,0.0149515003832237,0.000203202550011871,0.0
CHE,2010,0.0153502739851764,0.000301351052291844,7.47099527614027e-05
CHE,2011,0.0129731788701895,0.000356657639592002,0.000158290078438681
CHE,2012,0.0116054102262085,0.000416318750538044,0.000120322502342235
CHE,2013,0.0122925706275075,0.000268214621739725,0.000106794575909661
CHE,2014,0.0133939110821008,0.000243487314364699,7.91492699486152e-05
CHE,2015,0.0106918477707141,0.000125064111504765,0.0
CHE,2016,0.0105099534065671,0.000116660133874781,0.0
CHE,2017,0.00979558760538153,0.0001785775350507,0.0
CHE,2018,0.0130088671838284,0.000217357272570462,0.0
CHE,2019,0.0091832516564973,0.000444794821757431,0.0
CHE,2020,0.00802785319765779,0.000231251911067443,0.0
CHE,2021,0.00910740311945595,0.000512290057871237,0.0
CHE,2022,,,
CHE,2023,,,
CHE,2024,,,
CHE,2025,,,
CHI,1960,,,
CHI,1961,,,
CHI,1962,,,
CHI,1963,,,
CHI,1964,,,
CHI,1965,,,
CHI,1966,,,
CHI,1967,,,
CHI,1968,,,
CHI,1969,,,
CHI,1970,,,
CHI,1971,,,
CHI,1972,,,
CHI,1973,,,
CHI,1974,,,
CHI,1975,,,
CHI,1976,,,
CHI,1977,,,
CHI,1978,,,
CHI,1979,,,
CHI,1980,,,
CHI,1981,,,
CHI,1982,,,
CHI,1983,,,
CHI,1984,,,
CHI,1985,,,
CHI,1986,,,
CHI,1987,,,
CHI,1988,,,
CHI,1989,,,
CHI,1990,,,
CHI,1991,,,
CHI,1992,,,
CHI,1993,,,
CHI,1994,,,
CHI,1995,,,
CHI,1996,,,
CHI,1997,,,
CHI,1998,0.0,,0.0
CHI,1999,0.0,,0.0
CHI,2000,0.0,,0.0
CHI,2001,0.0,,0.0
CHI,2002,0.0,,0.0
CHI,2003,0.0,,0.0
CHI,2004,0.0,,0.0
CHI,2005,0.0,,0.0
CHI,2006,0.0,,0.0
CHI,2007,0.0,,0.0
CHI,2008,,,
CHI,2009,,,
CHI,2010,,,
CHI,2011,,,
CHI,2012,,,
CHI,2013,,,
CHI,2014,,,
CHI,2015,,,
CHI,2016,,,
CHI,2017,,,
CHI,2018,,,
CHI,2019,,,
CHI,2020,,,
CHI,2021,,,
CHI,2022,,,
CHI,2023,,,
CHI,2024,,,
CHI,2025,,,
CHL,1960,,,
CHL,1961,,,
CHL,1962,,,
CHL,1963,,,
CHL,1964,,,
CHL,1965,,,
CHL,1966,,,
CHL,1967,,,
CHL,1968,,,
CHL,1969,,,
CHL,1970,10.1337971525781,0.0562266313632991,9.59895832358477
CHL,1971,6.60493057257233,0.0773644632134632,6.06780412709776
CHL,1972,5.79741785753672,0.0828826445018713,5.24782050943475
CHL,1973,7.36475733501654,0.104264180453157,6.80675558750919
CHL,1974,11.1469005022528,0.606349740712544,9.90344616491281
CHL,1975,13.2400638141578,1.2361480689743,10.391760017988
CHL,1976,12.8977687651848,0.979511538628698,10.9194038414317
CHL,1977,8.77587881957493,0.607553508279438,7.32665707887451
CHL,1978,7.54057954192026,0.582775440508512,6.08038237146518
CHL,1979,9.48990916461053,1.11799850318142,7.55880390263055
CHL,1980,8.71519847548594,1.03979635359195,6.87269781508473
CHL,1981,5.56381496748019,0.903989200937335,4.02403099077619
CHL,1982,6.62939973489201,0.772552374023926,4.94006171633485
CHL,1983,9.16236173269569,1.18928887039012,7.0633787038882
CHL,1984,8.09788641648206,1.18048972397471,6.00314320808787
CHL,1985,9.03292014450356,1.17571112818707,7.21348513904364
CHL,1986,7.08457413109978,0.409029921948734,6.06592838172831
CHL,1987,8.58218696306459,0.544418330796708,7.49238211923099
CHL,1988,11.8720794878324,0.282172670801024,10.9038080225235
CHL,1989,12.8332145779434,0.335865076332922,11.8368550331015
CHL,1990,11.1674175940099,0.378183852893491,9.54796165008491
CHL,1991,5.94722567017809,0.15702683344808,4.75579550316189
CHL,1992,4.63171552198061,0.123100470876911,3.63722443219166
CHL,1993,3.35411622206962,0.101835542669396,2.264798518016
CHL,1994,4.8849330643983,0.0759573406290912,4.06408790954284
CHL,1995,6.55630977481336,0.0577970101150581,5.71244002014051
CHL,1996,4.95869610912803,0.0596959389109353,4.35408641638342
CHL,1997,4.60520277817387,0.038289499179926,4.10331909636315
CHL,1998,2.51172777125851,0.0234700874281488,1.99827242912151
CHL,1999,3.6694603049762,0.0418250296937214,2.99596980125977
CHL,2000,4.87094937341686,0.0648093154178196,4.3408550303353
CHL,2001,3.94016087143578,0.0510190743548732,3.31968916729076
CHL,2002,3.69658229472728,0.0501709401792536,2.82461629362167
CHL,2003,5.01162090891452,0.0506283318232754,4.38038439919149
CHL,2004,9.56665341226193,0.0480418034693177,9.08081866316417
CHL,2005,9.79630843278012,0.0466681498310735,9.27535102760256
CHL,2006,17.3488493708667,0.0305200002965691,16.8703851667569
CHL,2007,17.1517567156625,0.0244412955141765,16.5646131991133
CHL,2008,13.8254393455321,0.0394143420844663,13.0984754101501
CHL,2009,8.79204050030603,0.0241963153528489,8.12539086996139
CHL,2010,11.9881628362203,0.0177167005915164,11.317663311545
CHL,2011,12.1645185437385,0.0202996901928584,11.524686737595
CHL,2012,9.05442637303188,0.0339242699071752,8.45777139773805
CHL,2013,7.66232423505302,0.0371419227856785,7.00031067490142
CHL,2014,6.87780503013052,0.0299545823134528,6.15970096777187
CHL,2015,4.04461870413776,0.00702175038442219,3.28771652306778
CHL,2016,3.20569572328577,0.00716567782254964,2.42915567711849
CHL,2017,5.30261792520974,0.00833339168997084,4.40604754508335
CHL,2018,5.83707726201581,0.0122096396579944,4.99157894253016
CHL,2019,2.56889266052365,0.01138461169495,1.75323566107489
CHL,2020,5.48716936741024,0.00734834195127083,4.60239970949196
CHL,2021,16.9044168802743,0.0126983242549898,16.2274265774554
CHL,2022,,,
CHL,2023,,,
CHL,2024,,,
CHL,2025,,,
CHN,1960,,,
CHN,1961,,,
CHN,1962,,,
CHN,1963,,,
CHN,1964,,,
CHN,1965,,,
CHN,1966,,,
CHN,1967,,,
CHN,1968,,,
CHN,1969,,,
CHN,1970,0.840416943708215,0.0239932527380286,0.190311947728461
CHN,1971,0.773897108383394,0.0326166388114579,0.142432078198573
CHN,1972,0.895123275339724,0.110289049637007,0.111912039283719
CHN,1973,1.79558411793063,0.335981223804028,0.175160226082526
CHN,1974,5.00070904496983,2.77486095153925,0.31941707077155
CHN,1975,7.33042405539159,3.13064076517083,0.22050058635815
CHN,1976,9.22371412496225,4.11075236691182,0.421319811368948
CHN,1977,9.60235224195703,4.32661024057366,0.423540650502366
CHN,1978,11.2104687263013,5.55801172476075,0.280544558453324
CHN,1979,17.0999242275286,11.6010159186869,0.354068171396976
CHN,1980,19.741557918563,12.2797158609943,0.404616392108178
CHN,1981,19.467446076565,9.41179174665108,0.532478138222438
CHN,1982,16.7508523318146,6.06435465384148,0.465097625470962
CHN,1983,12.6162173602657,6.54804530796784,0.407938801657631
CHN,1984,10.3999047481946,6.22299902406109,0.287607377236682
CHN,1985,9.78977585019452,5.60486220624911,0.254013353131154
CHN,1986,5.75920686839352,2.8471706463358,0.175061500665316
CHN,1987,6.49280601379339,4.78169369741204,0.258693727832562
CHN,1988,6.28565315693549,3.18960289496402,1.11136888543569
CHN,1989,7.05998093097386,4.15992450908559,0.395103473714275
CHN,1990,8.63870038140403,5.54445902741075,0.376864557442531
CHN,1991,6.08171887067132,3.02704993378969,0.742892477567943
CHN,1992,5.33846886521972,2.96010199129732,0.68941916565197
CHN,1993,4.4490741652727,2.81111820572631,0.523713114155201
CHN,1994,3.28088501510221,1.9160808560853,0.444568832397725
CHN,1995,3.26699888521005,1.62342401977579,0.317944090455996
CHN,1996,3.00480163840847,1.84232152309017,0.238792079367953
CHN,1997,2.39155664717565,1.44303352016986,0.23416085353456
CHN,1998,1.71539063096113,0.634591601254742,0.4381486529878
CHN,1999,1.84532736658367,1.08727720069319,0.337011065325236
CHN,2000,2.6977401923859,2.03905175243341,0.143065124667862
CHN,2001,2.59237672666031,1.32058497741337,0.124862064663083
CHN,2002,1.95629636692387,1.24409369454799,0.127806840215127
CHN,2003,2.01790669504299,1.28559248986066,0.137301920518456
CHN,2004,4.72487591845752,1.63506369666261,0.263034043120524
CHN,2005,5.10277288536313,2.23061473485701,0.719382293325194
CHN,2006,5.52119781017524,2.2255244607283,1.17112949883967
CHN,2007,6.32787936346715,1.75983053566581,2.15745853560002
CHN,2008,9.6484135442271,1.9902860340032,2.36221058764274
CHN,2009,3.91782120825988,0.899050539990343,0.996362930664087
CHN,2010,6.2867264165298,1.22257362123247,2.02001128407646
CHN,2011,7.68520289897261,1.54520918045373,2.33286209782444
CHN,2012,4.0884931932087,1.28348679227813,0.783715365961303
CHN,2013,2.98307168349706,1.07614082250695,0.604283761994796
CHN,2014,2.31013480472694,0.888100390466572,0.358822126128755
CHN,2015,1.17476659078236,0.335243616051991,0.203345375101355
CHN,2016,1.0524740832802,0.245866848453772,0.185155152566946
CHN,2017,1.31423766724865,0.313804041024999,0.235890375798972
CHN,2018,1.42518421392494,0.413038667779282,0.178921788137024
CHN,2019,1.26691367576973,0.298457754882779,0.272313304955158
CHN,2020,0.863774740928771,0.114304451775114,0.168349189697692
CHN,2021,1.70756488252672,0.308578757061099,0.510049245324858
CHN,2022,,,
CHN,2023,,,
CHN,2024,,,
CHN,2025,,,
CIV,1960,,,
CIV,1961,,,
CIV,1962,,,
CIV,1963,,,
CIV,1964,,,
CIV,1965,,,
CIV,1966,,,
CIV,1967,,,
CIV,1968,,,
CIV,1969,,,
CIV,1970,5.88211960748263,,0.0
CIV,1971,5.64893582443539,0.0,0.0
CIV,1972,6.24912983609408,0.0,0.0
CIV,1973,7.46318789264459,0.0,0.0
CIV,1974,6.97736372517021,0.0,0.0
CIV,1975,5.73987904350225,0.0,0.0
CIV,1976,5.84187720102765,0.0,0.0
CIV,1977,5.2925209975451,0.0,0.0
CIV,1978,4.33407992517679,0.0,0.0
CIV,1979,4.7895015532176,0.0,0.0
CIV,1980,4.92349095170293,0.11162471818467,0.0
CIV,1981,4.54771649448935,0.406239015865524,0.0
CIV,1982,5.51492457907009,0.344693538381303,0.0
CIV,1983,5.73408169227322,1.08325619955352,0.0
CIV,1984,5.26549184879047,1.23720996916911,0.0
CIV,1985,4.57801260968679,1.32980271732637,0.0
CIV,1986,3.56320419608402,0.326483420224798,0.0
CIV,1987,3.29287411035561,0.535702692063633,0.0
CIV,1988,2.81389097771771,0.284584624376772,0.000300183379616858
CIV,1989,2.93839141128914,0.104980258706609,0.000452448894464279
CIV,1990,4.08956490608254,0.111829077867099,0.000578576008430695
CIV,1991,3.47748565263375,0.0411260342677253,0.0
CIV,1992,3.46029006444351,0.21395748137054,0.027459715250273
CIV,1993,3.38754855261651,0.231249910568653,0.0302548152341097
CIV,1994,5.29950791803271,0.263283893930115,0.0654345154290398
CIV,1995,5.16486501492941,0.230815868459038,0.128619001646594
CIV,1996,3.10906315979616,0.380359773738748,0.0
CIV,1997,2.79707040165525,0.319862757443427,0.0287402582201248
CIV,1998,2.46774712006096,0.101604151054954,0.0
CIV,1999,2.23064062431383,0.162964832198363,0.0
CIV,2000,2.86211491053466,0.308013121439312,0.0
CIV,2001,2.32208785748223,0.184450908626382,0.0
CIV,2002,2.45890647990383,0.449871788392484,0.0
CIV,2003,2.64883554896755,0.547536157690114,0.0123903278170218
CIV,2004,2.49321707811937,0.868358242832743,0.0
CIV,2005,3.71197677716882,2.12719162540331,0.0
CIV,2006,5.60158447625658,3.70627347527892,0.00907627499073501
CIV,2007,4.9838724678869,2.92984750032697,0.0
CIV,2008,5.56200251854781,3.23685198449427,0.110068813260895
CIV,2009,3.87323197312723,1.55323608726763,0.240205141462773
CIV,2010,4.33013803473931,1.97607516845206,0.0937491381749339
CIV,2011,5.53239950172039,2.38568766510419,0.654511620365384
CIV,2012,5.36757176448081,2.01610713884301,0.530274437341492
CIV,2013,4.15503587681362,1.32089224861062,0.368977123492966
CIV,2014,3.41935511091434,0.691789500523942,0.351420911174992
CIV,2015,3.07259669730878,0.366602851194199,0.361552777361383
CIV,2016,3.23053071841614,0.384370728252087,0.559881099662443
CIV,2017,3.38876801583982,0.811412807702894,0.400849571195147
CIV,2018,3.10996909544373,0.930497052970617,0.455348393491403
CIV,2019,2.95827158248838,0.857465003549306,0.574500241538047
CIV,2020,2.59163858078542,0.371217181360166,0.724356662445554
CIV,2021,4.73502206212113,0.70017290136454,2.50107699952363
CIV,2022,,,
CIV,2023,,,
CIV,2024,,,
CIV,2025,,,
CMR,1960,,,
CMR,1961,,,
CMR,1962,,,
CMR,1963,,,
CMR,1964,,,
CMR,1965,,,
CMR,1966,,,
CMR,1967,,,
CMR,1968,,,
CMR,1969,,,
CMR,1970,3.9056080686076,,0.0
CMR,1971,3.44997096942163,0.0,0.0
CMR,1972,3.40293940698369,0.0,0.0
CMR,1973,4.16426611493589,0.0,0.0
CMR,1974,4.46539196756751,0.0,0.0
CMR,1975,4.14874628645289,0.0,1.40411839368583e-05
CMR,1976,4.29183538065111,0.0,0.0
CMR,1977,5.50587069688216,0.0781817184019177,0.0
CMR,1978,5.258276204833,0.83681430650894,0.0
CMR,1979,8.6753319317877,4.76693275264051,0.000219369328193939
CMR,1980,10.665759917148,6.6964981697782,0.000346227933686028
CMR,1981,9.2169659100934,5.87804427818666,0.00020522471811716
CMR,1982,6.89224737528175,2.87852166523641,0.000261541296918523
CMR,1983,9.03755710702326,6.02763685227288,0.000702275272812551
CMR,1984,10.4276064282249,7.82271434985394,0.000459768611993915
CMR,1985,12.0212500844164,9.97862114735416,0.000238441853845397
CMR,1986,4.42594525006075,2.36486314097188,0.000230297601435934
CMR,1987,6.46397291302272,4.54942204576229,0.00031512253685072
CMR,1988,5.82856800063092,3.73209127245004,0.000277173618079365
CMR,1989,10.1594216647002,7.61262799687422,0.000182334074669925
CMR,1990,11.9086296967309,8.68450877617334,0.000143136032628421
CMR,1991,7.76889322336422,4.65315901033898,0.000274508830624769
CMR,1992,7.80091581012743,4.7419927824119,0.0
CMR,1993,5.29907362885666,3.08798938410601,0.0
CMR,1994,8.65495242504441,3.96666682607101,0.0
CMR,1995,8.98379335404863,3.7645468556202,0.010297915241149
CMR,1996,9.19379916300563,4.21594793357001,0.0323695377209902
CMR,1997,8.90970986050162,4.60078884361968,0.0202518036215724
CMR,1998,5.51531751570534,2.051675402548,0.0154146966487109
CMR,1999,5.15124734114853,2.7393088165397,0.0107622058372603
CMR,2000,8.33574817486337,5.65350106318017,0.0193819949111035
CMR,2001,5.68439536844397,3.59717199204675,0.0184512221716903
CMR,2002,5.27982808459118,3.05284107934737,0.0209055571751343
CMR,2003,5.0826805069134,2.31676395154355,0.00824392638455723
CMR,2004,4.73178788679167,2.75939445890458,0.0100498206680563
CMR,2005,7.39166566634719,5.28439433394488,0.0149995961676798
CMR,2006,8.54390800832229,6.18342969188823,0.039115141119154
CMR,2007,8.98192175035093,6.03958891829607,0.0390110756046046
CMR,2008,10.0769277835546,7.12107584128101,0.0441662425191704
CMR,2009,5.82385438485316,3.18641938368574,0.0619603414591366
CMR,2010,6.92041886170631,4.14191421736693,0.0721667406406687
CMR,2011,8.16416608406496,5.25804310748538,0.107504320036144
CMR,2012,8.40581417479506,5.26170344833076,0.095786445422802
CMR,2013,7.33302882488587,4.19597685270569,0.0615594112069462
CMR,2014,7.03590731300358,3.67835628658685,0.0436954410837232
CMR,2015,5.63563339959601,1.89664344480798,0.0446758359983917
CMR,2016,5.36737216526029,1.55546940126434,0.0547069367728853
CMR,2017,6.08352640758934,2.19707562839754,0.0415320830954527
CMR,2018,6.10463986256462,2.78430133697793,0.0
CMR,2019,5.55584424286198,2.42269397588966,0.0
CMR,2020,4.34202268521826,1.28058779283346,0.0
CMR,2021,5.52598268395679,2.36159953238547,0.0
CMR,2022,,,
CMR,2023,,,
CMR,2024,,,
CMR,2025,,,
COD,1960,,,
COD,1961,,,
COD,1962,,,
COD,1963,,,
COD,1964,,,
COD,1965,,,
COD,1966,,,
COD,1967,,,
COD,1968,,,
COD,1969,,,
COD,1970,11.5046853227158,,8.92290452712947
COD,1971,7.72327726191126,0.0,5.67927166173065
COD,1972,7.43392562272526,0.0,5.22896995914273
COD,1973,11.9960503859177,0.0,9.19374863024914
COD,1974,11.6583916855696,0.0,9.00307897741882
COD,1975,6.71984207250208,0.00167216263987805,3.4187623218039
COD,1976,8.1737053449497,0.73175808205292,4.15862447212194
COD,1977,7.88149912064675,0.646473546532972,2.7257164479727
COD,1978,6.42880460245793,0.371763445844138,2.17366126841336
COD,1979,8.436072055967,1.16243208437868,3.36583589799015
COD,1980,10.6395169208555,0.972185772178855,4.59485727038497
COD,1981,9.82072833832507,0.748745254525893,3.88671609515526
COD,1982,9.63848872576461,0.293930091965501,2.63800251670225
COD,1983,10.6597698511749,0.83527905758779,4.12582677794153
COD,1984,13.4416318491215,1.72331982799581,4.35099053360733
COD,1985,13.2611891160138,2.14537157884134,4.86822180497709
COD,1986,12.7478537069267,0.635779190957398,3.33834114026698
COD,1987,16.4658779391934,1.38967425377524,5.8719526472672
COD,1988,19.3538876984561,0.926352686963646,9.53234841633837
COD,1989,20.3570439094778,1.46454484550055,9.72711361193236
COD,1990,20.0654594433289,2.06738083913538,6.59796069695133
COD,1991,13.3310087682815,1.0194588751419,1.0138162501562
COD,1992,15.849972288394,1.18085978623998,0.495761075956426
COD,1993,10.7154645334115,0.83847770505667,0.142035110748043
COD,1994,23.5633733588919,1.38193909888382,0.275094631434153
COD,1995,36.2921410617751,1.80440473026036,0.365253823097639
COD,1996,36.2990334122152,2.19515258214803,0.301368882318591
COD,1997,32.2278074977846,1.8203081208374,0.196892316502676
COD,1998,32.1829001126895,0.797078595749003,0.212448292720936
COD,1999,28.4965787872588,1.73975706615301,0.35166289490923
COD,2000,7.51126046065517,0.862629545247728,0.0774613162726291
COD,2001,18.4200094895652,1.71728779678104,0.115803321235549
COD,2002,18.8676859222972,1.45214336853988,0.12708365849521
COD,2003,29.5533566420657,1.59353042142954,0.216470606221018
COD,2004,24.0864214623167,2.13752329731202,0.405551757964498
COD,2005,23.7428655133964,2.66413154294407,1.52097033196487
COD,2006,24.0258161811706,2.58333183654341,5.05804607329062
COD,2007,25.7637080243213,2.54642184974013,2.41940915087099
COD,2008,28.4584070916592,2.83293568116403,4.34789395952976
COD,2009,28.261800820164,1.37907393656144,3.809428143282
COD,2010,25.9608846428413,1.80606291179953,6.41161516606728
COD,2011,28.8830474855316,2.44284320183572,9.3917398141362
COD,2012,27.1229704627568,2.05735950238427,7.62424604775848
COD,2013,25.746219512295,1.5624595976329,7.80936228605857
COD,2014,24.5568779878184,1.0574581164719,6.96634515795802
COD,2015,20.1093927301662,0.345534121829134,3.2899447509583
COD,2016,20.5721227000572,0.306678110044986,2.46160219519804
COD,2017,24.7656558437341,0.659902410781335,7.00172639884998
COD,2018,18.4167757889728,0.783495113502667,8.09288830144681
COD,2019,12.7500585788424,0.629309383334329,3.63527603517241
COD,2020,15.9281973313702,0.358850561150071,5.63458993212314
COD,2021,38.8272665239082,0.649836903019219,28.8127978039482
COD,2022,,,
COD,2023,,,
COD,2024,,,
COD,2025,,,
COG,1960,,,
COG,1961,,,
COG,1962,,,
COG,1963,,,
COG,1964,,,
COG,1965,,,
COG,1966,,,
COG,1967,,,
COG,1968,,,
COG,1969,,,
COG,1970,6.64483208044262,0.0115602838766326,0.0548569620412514
COG,1971,5.89798568466017,0.00309843738837228,0.122284946364673
COG,1972,5.74750804951389,0.186200888466482,0.304539468617859
COG,1973,7.45591229078477,1.51885780119361,0.742585877808311
COG,1974,29.5241490629841,24.2620319664417,0.523345140972501
COG,1975,17.0646401469805,13.1385741712754,0.41908407713063
COG,1976,19.7434495458121,15.4202485231747,0.262950836464388
COG,1977,21.7703953144671,16.5001923359572,0.177008257141605
COG,1978,22.5804659965101,17.1334552526525,0.252829718039546
COG,1979,43.0659126477545,37.9393625588413,0.47744222938895
COG,1980,33.8386873025772,29.3499929583315,0.294431963473939
COG,1981,20.6974005938285,17.8736388507926,0.124054674353655
COG,1982,9.91090162200608,7.25092356913313,0.0423335117927588
COG,1983,20.1874480240288,17.9104655007995,0.0200854755614458
COG,1984,24.3770640167178,22.3319139805741,0.00732932342878929
COG,1985,26.1502684270415,24.1675969162857,0.018585243026041
COG,1986,13.4057657739929,9.9166539586636,0.0236890001422501
COG,1987,21.6894901597359,18.2464767133142,0.0495302436939317
COG,1988,22.3720464943537,17.2879024167938,0.781737493354227
COG,1989,36.5775807866716,31.9903938330206,0.21007406304897
COG,1990,42.7260969986879,37.0679852946243,0.354261665293333
COG,1991,25.375432599605,20.7037580261964,0.894608857748024
COG,1992,27.615953975567,23.3587405950744,0.255693534297515
COG,1993,32.036674252406,27.2825783443645,0.206598044573756
COG,1994,39.6825674039049,32.4835583497713,0.21909719916636
COG,1995,39.1289096653397,31.3905248097934,0.0399320210296037
COG,1996,39.2687753315493,34.2466290821695,0.0994954758020608
COG,1997,45.5915923371128,38.8429815606382,0.492168672200092
COG,1998,30.5229307392362,23.4026290591939,0.00089335282741799
COG,1999,39.2437225352843,34.4709216830853,0.000528602192937492
COG,2000,59.6838725227388,55.9533665542603,0.000634467059634891
COG,2001,48.0984534986102,43.2924415564204,0.000722654768183349
COG,2002,46.645011436159,40.6339102482945,0.000855530950456708
COG,2003,39.3172945315231,32.8203228243625,0.0003757662868597
COG,2004,40.0820482272883,36.7574181614469,0.00433357312227434
COG,2005,48.0989114251068,44.9456173814714,0.00352047916312986
COG,2006,53.3147620920685,50.1208093428642,0.00675492863484863
COG,2007,47.4870837640152,43.9536353057112,0.00708564504835651
COG,2008,52.6445029945798,48.8603735696485,0.00700479907864409
COG,2009,35.5779092675085,32.0193923725837,0.00988882600394737
COG,2010,43.9398414162223,40.9410251641332,0.0141542458702399
COG,2011,51.8437302128778,48.6661331517592,0.0197193859186748
COG,2012,41.3573491386651,38.0875246076633,0.0163254434710574
COG,2013,33.1448495573332,29.6858074019147,0.0108389927350306
COG,2014,27.6582312920434,24.8226399767107,0.00887586844693833
COG,2015,15.885704604199,12.2746700668843,0.010085419968275
COG,2016,17.0000392659621,12.8004971968497,0.0150847854361375
COG,2017,29.8063807729514,25.0227768251894,0.0112608678152659
COG,2018,42.6682046537325,38.248715891351,0.0
COG,2019,39.2430391553175,35.8517991110343,0.0
COG,2020,26.2181324216101,22.4084125429251,0.0
COG,2021,37.7125480946685,34.3828809069635,0.0
COG,2022,,,
COG,2023,,,
COG,2024,,,
COG,2025,,,
COL,1960,,,
COL,1961,,,
COL,1962,,,
COL,1963,,,
COL,1964,,,
COL,1965,,,
COL,1966,,,
COL,1967,,,
COL,1968,,,
COL,1969,,,
COL,1970,0.971130535161595,0.453852135192152,0.017180319796966
COL,1971,1.23438280998411,0.685517417606044,0.0260991870600675
COL,1972,1.29333669655888,0.657317983358433,0.0111491913547999
COL,1973,1.76450005369904,0.92942316517958,0.0093496239259464
COL,1974,4.75675236217101,3.98291235195913,0.0122687964710081
COL,1975,4.63550477940996,3.33821480333793,0.0197907863447448
COL,1976,3.98023301354462,2.86098892003378,0.0220333308028012
COL,1977,2.76586869988934,1.78535540238928,0.016919951452368
COL,1978,2.45162230150973,1.56559233732864,0.00964453748920664
COL,1979,4.31749348621964,3.25082063533461,0.0522390219520828
COL,1980,4.87046442956039,3.40244588319501,0.500909369958568
COL,1981,3.96009110273866,2.79806453723812,0.253160621011535
COL,1982,2.80472484483233,1.67230460563661,0.146454347587994
COL,1983,3.42751874293806,2.43966813941097,0.244720173151981
COL,1984,3.5938946568258,2.66352851984923,0.277520221139241
COL,1985,3.95951373552137,2.92183566367263,0.259642509965555
COL,1986,3.10535994984469,2.14754362376945,0.265949765796251
COL,1987,5.14044865983841,4.29296249771919,0.337280013754299
COL,1988,4.02186465581087,2.8758638419425,0.622310867694618
COL,1989,5.89175959366568,4.66461024743611,0.476020537832789
COL,1990,6.90290637643892,5.85725180474062,0.226326363568747
COL,1991,4.19951137793811,3.02073717145768,0.434369845203408
COL,1992,3.65200984470421,2.83229170281085,0.316107147628042
COL,1993,2.98064670992827,2.45619870164746,0.180953994161367
COL,1994,2.41695103636019,1.94674410530817,0.22263856294937
COL,1995,3.12840978420135,2.53983784015495,0.254858717722288
COL,1996,3.72384039434735,3.29062171473192,0.198986783735337
COL,1997,3.06670230612638,2.73078985975652,0.114781886992231
COL,1998,2.05430024171781,1.79752139116737,0.0304677457348933
COL,1999,4.32181182919172,3.89182280764251,0.195505617924094
COL,2000,5.79241275178545,5.13691457442314,0.389708655622565
COL,2001,3.898278216233,3.3895291211657,0.152327976739115
COL,2002,3.95007189063968,3.4723491449574,0.224937813829373
COL,2003,4.56302920257189,3.70073313323441,0.620164530768051
COL,2004,5.92813672580534,3.84640284854431,0.841593768194265
COL,2005,6.26115845587611,4.6618753019502,0.80580348647962
COL,2006,7.29062678619221,5.14627956079988,1.23045243442855
COL,2007,6.6997731158152,4.23708928157192,1.22421445839599
COL,2008,8.78822691726813,5.53392629328463,0.483899310883528
COL,2009,4.85703346033699,3.27049268265203,0.558259226379061
COL,2010,6.70109253013503,4.39207978728564,0.735935017297204
COL,2011,9.86049155221695,6.932640671944,0.779801054641043
COL,2012,8.29683079092449,6.20532168790636,0.686447911012174
COL,2013,7.3843393604104,5.87412217837008,0.349514038217319
COL,2014,6.53057789835517,5.26376178203189,0.264573877688045
COL,2015,3.70587614553491,2.62770808784162,0.174415252189526
COL,2016,3.09947714544169,1.86176731845908,0.28236548926945
COL,2017,3.72823321108347,2.42584234973897,0.217285980775992
COL,2018,4.940258188938,3.64006660382347,0.146434355249825
COL,2019,4.30433092902696,3.14271008185612,0.19876158397522
COL,2020,2.55119417609951,1.56279790261714,0.334771272385278
COL,2021,5.32396445388134,3.42402487593374,0.910145514972726
COL,2022,,,
COL,2023,,,
COL,2024,,,
COL,2025,,,
COM,1960,,,
COM,1961,,,
COM,1962,,,
COM,1963,,,
COM,1964,,,
COM,1965,,,
COM,1966,,,
COM,1967,,,
COM,1968,,,
COM,1969,,,
COM,1970,,,
COM,1971,,,
COM,1972,,,
COM,1973,,,
COM,1974,,,
COM,1975,,,
COM,1976,,,
COM,1977,,,
COM,1978,,,
COM,1979,,,
COM,1980,0.814546844007259,0.0,0.0
COM,1981,0.811701996052721,0.0,0.0
COM,1982,1.28846170265126,0.0,0.0
COM,1983,0.793048315135405,0.0,0.0
COM,1984,0.769874522955636,0.0,0.0
COM,1985,0.516529285634037,0.0,0.0
COM,1986,0.619038524904053,0.0,0.0
COM,1987,0.505536403155049,0.0,0.0
COM,1988,0.546126078404436,0.0,0.0
COM,1989,0.599385261262843,0.0,0.0
COM,1990,0.733042703680398,0.0,0.0
COM,1991,0.752536473967662,0.0,0.0
COM,1992,0.732272832794765,0.0,0.0
COM,1993,0.633194861811434,0.0,0.0
COM,1994,1.09160634596395,0.0,0.0
COM,1995,1.68993932810546,0.0,0.0
COM,1996,1.72539613160936,0.0,0.0
COM,1997,1.76066086457314,0.0,0.0
COM,1998,1.83249756382208,0.0,0.0
COM,1999,1.27104755225648,0.0,0.0
COM,2000,1.39951988105558,0.0,0.0
COM,2001,1.27343022376926,0.0,0.0
COM,2002,1.37514673190594,0.0,0.0
COM,2003,1.65536751885293,0.0,0.0
COM,2004,1.23259320703783,0.0,0.0
COM,2005,1.29730854580131,0.0,0.0
COM,2006,1.26530963882956,0.0,0.0
COM,2007,1.58338531970231,0.0,0.0
COM,2008,1.71669245535594,0.0,0.0
COM,2009,1.74911916314292,0.0,0.0
COM,2010,1.59344239758779,0.0,0.0
COM,2011,1.63354218561465,0.0,0.0
COM,2012,1.91653686564634,0.0,0.0
COM,2013,1.84106336379863,0.0,0.0
COM,2014,1.97695678379704,0.0,0.0
COM,2015,2.46576426845081,0.0,0.0
COM,2016,2.50675650816682,0.0,0.0
COM,2017,2.36385311111587,0.0,0.0
COM,2018,1.55194278873705,0.0,0.0
COM,2019,1.48652356146246,0.0,0.0
COM,2020,1.59920965443734,0.0,0.0
COM,2021,1.62843413378353,0.0,0.0
COM,2022,,,
COM,2023,,,
COM,2024,,,
COM,2025,,,
CPV,1960,,,
CPV,1961,,,
CPV,1962,,,
CPV,1963,,,
CPV,1964,,,
CPV,1965,,,
CPV,1966,,,
CPV,1967,,,
CPV,1968,,,
CPV,1969,,,
CPV,1970,,,
CPV,1971,,,
CPV,1972,,,
CPV,1973,,,
CPV,1974,,,
CPV,1975,,,
CPV,1976,,,
CPV,1977,,,
CPV,1978,,,
CPV,1979,,,
CPV,1980,,,0.0
CPV,1981,,,0.0
CPV,1982,,,0.0
CPV,1983,,,0.0
CPV,1984,,,0.0
CPV,1985,,,0.0
CPV,1986,,,0.0
CPV,1987,60.8796729017154,0.0,0.0
CPV,1988,60.0629565311657,0.0,0.0
CPV,1989,70.3592648621057,0.0,0.0
CPV,1990,59.4333436553037,0.0,0.0
CPV,1991,56.3332448772327,0.0,0.0
CPV,1992,45.7077442097603,0.0,0.0
CPV,1993,27.1444086620911,0.0,0.0
CPV,1994,28.7234814829324,0.0,0.0
CPV,1995,29.9993587098815,0.0,0.0
CPV,1996,29.5237149865058,0.0,0.0
CPV,1997,28.6220609982413,0.0,0.0
CPV,1998,22.5622500835649,0.0,0.0
CPV,1999,14.2843908832858,0.0,0.0
CPV,2000,17.4649201812329,0.0,0.0
CPV,2001,24.2633064289875,0.0,0.0
CPV,2002,19.1975373411355,0.0,0.0
CPV,2003,14.3561834653377,0.0,0.0
CPV,2004,25.6539720118683,0.0,0.0
CPV,2005,32.1530220394275,0.0,0.0
CPV,2006,30.8532933725145,0.0,0.0
CPV,2007,22.0523330657685,0.0,0.0
CPV,2008,49.2057876087633,0.0,0.0
CPV,2009,21.7497375837386,0.0,0.0
CPV,2010,33.2873704914624,0.0,0.0
CPV,2011,40.1340983255841,0.0,0.0
CPV,2012,25.055847063546,0.0,0.0
CPV,2013,16.5579387748728,0.0,0.0
CPV,2014,12.0093542433174,0.0,0.0
CPV,2015,9.49812397150104,0.0,0.0
CPV,2016,10.1923207968108,0.0,0.0
CPV,2017,12.3203094483764,0.0,0.0
CPV,2018,14.343668170972,0.0,0.0
CPV,2019,13.1611296712207,0.0,0.0
CPV,2020,11.5827986817016,0.0,0.0
CPV,2021,17.6577234520724,0.0,0.0
CPV,2022,,,
CPV,2023,,,
CPV,2024,,,
CPV,2025,,,
CRI,1960,,,
CRI,1961,,,
CRI,1962,,,
CRI,1963,,,
CRI,1964,,,
CRI,1965,,,
CRI,1966,,,
CRI,1967,,,
CRI,1968,,,
CRI,1969,,,
CRI,1970,4.1381093479382,,0.0
CRI,1971,3.81416475888186,0.0,0.0
CRI,1972,3.96846111840314,0.0,0.0
CRI,1973,5.86324949378323,0.0,0.0
CRI,1974,5.390086997843,0.0,0.0
CRI,1975,7.25532165838192,0.0,0.0
CRI,1976,5.57056100054415,0.0,0.0
CRI,1977,5.77839973265896,0.0,0.0
CRI,1978,5.62614581157511,0.0,0.0
CRI,1979,6.95956771927222,0.0,0.0178223345927696
CRI,1980,5.35292211938217,0.0,0.118451966276252
CRI,1981,8.51618483880154,0.0,0.129127788037623
CRI,1982,12.0102516165451,0.0,0.0975150535081069
CRI,1983,5.07941728214559,0.0,0.141385562796264
CRI,1984,2.93758009771221,0.0,0.0882879365701097
CRI,1985,2.44375554019942,0.0,0.0214602012822487
CRI,1986,2.51558334113549,0.0,0.0318100498448544
CRI,1987,3.25696100718751,0.0,0.0119141811318091
CRI,1988,3.04797984016949,0.0,0.009013311152319
CRI,1989,2.81183420537514,0.0,0.00325102935529245
CRI,1990,3.29362536409102,0.0,0.00205811943715435
CRI,1991,2.7705851981399,0.0,0.0123960826213459
CRI,1992,2.57139424487584,0.0,0.0
CRI,1993,2.20327488825599,0.0,0.0
CRI,1994,2.36855202407589,0.0,0.0
CRI,1995,2.90594941109728,0.0,0.0198851199311391
CRI,1996,2.57877076272718,0.0,0.0203766895261232
CRI,1997,2.28730285708989,0.0,0.010574299244613
CRI,1998,1.51817198447363,0.0,0.00540689366699148
CRI,1999,1.15423351439575,0.0,0.00170714970915606
CRI,2000,1.01441557771135,0.0,0.000646314517951147
CRI,2001,1.05121844888149,0.0,0.000497762772491522
CRI,2002,0.981118861036768,0.0283908073416018,0.00095180489289832
CRI,2003,1.02044880139504,0.0374595979479728,0.00200982825469008
CRI,2004,1.00110593588162,0.0613781507663448,0.00490037392806359
CRI,2005,1.12142978712725,0.13263457054308,0.0149614957385484
CRI,2006,1.49198409303492,0.145655110180747,0.0583936415535772
CRI,2007,1.63840228211153,0.177661149458376,0.0883425044126957
CRI,2008,1.48654911478283,0.177814056910713,0.00701556216592066
CRI,2009,1.2301475943504,0.0442489217587359,0.00794854259965576
CRI,2010,1.62716715850808,0.0,0.0173466150644474
CRI,2011,1.26384990129987,0.0,0.033253848839724
CRI,2012,1.2425772572914,0.0649850267861909,0.0242863788778182
CRI,2013,1.34122901696494,0.0577584252152377,0.00342713896408193
CRI,2014,1.387670718648,0.0518301508258059,0.00229688333739257
CRI,2015,1.13397448273593,0.0200960578384208,0.00141785290308843
CRI,2016,1.23322083330008,0.0158677459016205,0.00213415610925803
CRI,2017,1.13383955527767,0.00585553483434446,0.00200025050881263
CRI,2018,0.945537295658598,0.00900722494170017,0.0
CRI,2019,0.759689840900586,0.00698634796129753,0.0
CRI,2020,0.904748239780319,0.00341590826010993,0.0
CRI,2021,0.763407374189705,0.00896579369125843,0.0
CRI,2022,,,
CRI,2023,,,
CRI,2024,,,
CRI,2025,,,
CSS,1960,,,
CSS,1961,,,
CSS,1962,,,
CSS,1963,,,
CSS,1964,,,
CSS,1965,,,
CSS,1966,,,
CSS,1967,,,
CSS,1968,,,
CSS,1969,,,
CSS,1970,5.57680083307752,,4.4015455031447
CSS,1971,5.22399048212083,,4.1553955947164
CSS,1972,4.80041291831336,,3.70077444471438
CSS,1973,4.28891165982576,,2.83580010811796
CSS,1974,5.52092445796698,,4.50090525499342
CSS,1975,4.04612138951367,,2.94983867498327
CSS,1976,3.98932796024793,,3.0771921101502
CSS,1977,4.2272966752354,,3.28652436922055
CSS,1978,3.84015900764549,,2.96306637751375
CSS,1979,3.13482012649561,,2.10641254173414
CSS,1980,20.7302716044224,17.7701676451974,1.65159690190537
CSS,1981,17.5748276854919,15.242401151281,1.39336256056694
CSS,1982,8.29654517426623,6.17439627398537,1.11348100256453
CSS,1983,9.3184300046987,7.57238133318588,0.810573873265261
CSS,1984,9.97805587561796,7.81929654596712,1.19073720890023
CSS,1985,9.90444063995805,7.75490430449041,1.13607617998749
CSS,1986,5.85218829817433,3.73142370922022,1.24441050412613
CSS,1987,6.96347273027407,5.39215795558132,0.812482500900989
CSS,1988,5.35884239851733,3.91463120362818,0.728049065738594
CSS,1989,7.5824874931979,5.86619801124887,0.86932411512273
CSS,1990,9.19105071753038,7.40601893629692,0.769245618621192
CSS,1991,5.84699018617096,4.04465522770786,0.819813097065449
CSS,1992,5.53288209686735,3.89493374562664,0.706540261218887
CSS,1993,5.81022215904801,3.77344079534481,0.848349014381956
CSS,1994,5.65261092028439,3.46205663755616,0.975479129893922
CSS,1995,6.03113890771322,3.92308129885373,0.717996786577503
CSS,1996,6.61228187514655,4.51522081545144,0.81892812010194
CSS,1997,4.98937229875134,3.32475075721887,0.537084915485095
CSS,1998,2.70858900218704,1.63946955062042,0.299193117028137
CSS,1999,3.93180840097457,2.75162656704281,0.260156614283608
CSS,2000,5.4262796858701,3.81038563633121,0.293964637054318
CSS,2001,4.14056738211568,2.57705286070072,0.2004191065007
CSS,2002,4.54870109040218,3.21087033169404,0.149882107233485
CSS,2003,4.67391932378817,3.21906900299251,0.203310130070507
CSS,2004,5.20851232156477,3.65112697959022,0.352359294779996
CSS,2005,7.92869429416839,5.3764001523357,0.512295811846747
CSS,2006,9.04782500216796,5.65424482599575,0.50305884359915
CSS,2007,8.52784792905006,4.64969691714734,0.615648934717564
CSS,2008,9.14138794290036,5.39709982727337,0.579884579518114
CSS,2009,8.22719067407141,3.09947389254255,0.884626937924602
CSS,2010,8.58497024344945,3.69238598781906,1.73510272138148
CSS,2011,13.278999370676,5.18889607014926,2.3323787806933
CSS,2012,12.2406253394284,4.24402056984891,2.39702478146653
CSS,2013,11.5019134178589,3.6641437320089,1.53979875017494
CSS,2014,9.06476250289659,3.17913079662608,0.762425832786322
CSS,2015,4.28496238024667,1.19872479388157,0.348310618167064
CSS,2016,3.82156090521278,0.930669160982675,1.42264643693946
CSS,2017,4.58360385585124,1.33822547661198,1.47079189240851
CSS,2018,5.50150187114763,1.84320957858616,0.178096902312157
CSS,2019,5.16511225563906,1.38844318084256,0.201484234184309
CSS,2020,4.01930905523046,1.49752878847758,0.272478585265929
CSS,2021,7.88856961719093,4.31352281767729,1.20295922806199
CSS,2022,,,
CSS,2023,,,
CSS,2024,,,
CSS,2025,,,
CUB,1960,,,
CUB,1961,,,
CUB,1962,,,
CUB,1963,,,
CUB,1964,,,
CUB,1965,,,
CUB,1966,,,
CUB,1967,,,
CUB,1968,,,
CUB,1969,,,
CUB,1970,0.871413245874392,0.00477129606050145,0.753701855139697
CUB,1971,0.722411837252439,0.0140045517696139,0.60870723264445
CUB,1972,0.644933508259752,0.0186977412483791,0.529232206730924
CUB,1973,0.587847692926757,0.0337887211090941,0.421514333281308
CUB,1974,0.672692913383691,0.197845984286904,0.358592835485603
CUB,1975,0.787509328770194,0.193309806881375,0.449572315271122
CUB,1976,0.845151370645404,0.196787845883152,0.520712355293205
CUB,1977,0.786682536491151,0.160586274366474,0.472816375484958
CUB,1978,0.43925773880604,0.140414786124696,0.151410231616863
CUB,1979,0.843778961882749,0.33619086941619,0.289277785436581
CUB,1980,0.817020353846739,0.23011806408963,0.357442835656865
CUB,1981,0.758167049686305,0.301829036754566,0.248851625675764
CUB,1982,0.604480181788268,0.217067936658417,0.0453234406587562
CUB,1983,0.530018273503049,0.335359837135922,0.0388719952431731
CUB,1984,0.529418950042002,0.380565874392903,0.0559169454208194
CUB,1985,0.597719579112468,0.428379697837274,0.0920065445477483
CUB,1986,0.287335279632591,0.184420150331265,0.00376074104880916
CUB,1987,0.398841269016968,0.286924401277863,0.00780331294145515
CUB,1988,1.53552007339462,0.164363422913367,1.28089239457548
CUB,1989,1.66008278080847,0.252991351505356,1.30238069724206
CUB,1990,0.889900006052379,0.31891247361977,0.413760587138379
CUB,1991,0.974175974856255,0.201212158276417,0.568997216809207
CUB,1992,0.980780881926143,0.281464360818641,0.46725201633409
CUB,1993,0.726531018736827,0.313376335941248,0.197521069501746
CUB,1994,0.749040387549148,0.374698995902472,0.201519313925196
CUB,1995,1.1031987834832,0.369987817099305,0.522060943731005
CUB,1996,1.42702180446909,0.675390195778219,0.54055045575281
CUB,1997,1.13012663531633,0.626493951547418,0.273632762886802
CUB,1998,0.568750635856304,0.300379052764362,0.0690646560643225
CUB,1999,0.788553451429859,0.543947892989849,0.150182890936726
CUB,2000,1.9061358593501,1.03392160067739,0.758448871373936
CUB,2001,1.17627917876909,0.779894730792667,0.286976709278629
CUB,2002,1.36767488938968,0.831779750838195,0.398376406700825
CUB,2003,1.92021874871511,0.993675537981586,0.801614763360525
CUB,2004,2.70599089783315,1.18579942444702,1.41256359931533
CUB,2005,2.637736541097,1.37378607233087,1.14142467909218
CUB,2006,3.74613117909438,1.4879931750339,2.08765491529857
CUB,2007,6.72039794760689,1.5704638638002,4.9731457818943
CUB,2008,3.18662044497083,2.02585670473765,0.989721930731839
CUB,2009,1.7631346184052,0.987366610395309,0.592984043923936
CUB,2010,2.69060313010367,1.34124170669609,1.1702972760544
CUB,2011,2.92694825350704,1.84020872037107,0.884147807708422
CUB,2012,2.18752036209115,1.66617403150143,0.326318370339285
CUB,2013,1.71188160483376,1.44283922428397,0.0536041471000662
CUB,2014,1.66734771791981,1.25544342902406,0.195859030603102
CUB,2015,0.693800859230045,0.439949990553393,0.109233697562895
CUB,2016,0.469100172114536,0.325419833747477,0.0238749644752808
CUB,2017,0.66367803344131,0.457704950515475,0.0906302871023188
CUB,2018,1.10185419907902,0.731495348136671,0.243514309322097
CUB,2019,0.920750895009186,0.543713406970896,0.261017130526117
CUB,2020,0.565351678337536,0.222499890127649,0.244316813023768
CUB,2021,,,
CUB,2022,,,
CUB,2023,,,
CUB,2024,,,
CUB,2025,,,
CUW,1960,,,
CUW,1961,,,
CUW,1962,,,
CUW,1963,,,
CUW,1964,,,
CUW,1965,,,
CUW,1966,,,
CUW,1967,,,
CUW,1968,,,
CUW,1969,,,
CUW,1970,,,
CUW,1971,,,
CUW,1972,,,
CUW,1973,,,
CUW,1974,,,
CUW,1975,,,
CUW,1976,,,
CUW,1977,,,
CUW,1978,,,
CUW,1979,,,
CUW,1980,,,
CUW,1981,,,
CUW,1982,,,
CUW,1983,,,
CUW,1984,,,
CUW,1985,,,
CUW,1986,,,
CUW,1987,,,
CUW,1988,,,
CUW,1989,,,
CUW,1990,,,
CUW,1991,,,
CUW,1992,,,
CUW,1993,,,
CUW,1994,,,
CUW,1995,,,
CUW,1996,,,
CUW,1997,,,
CUW,1998,,,
CUW,1999,,,
CUW,2000,,,
CUW,2001,,,
CUW,2002,,,
CUW,2003,,,
CUW,2004,,,
CUW,2005,,,
CUW,2006,,,
CUW,2007,,,
CUW,2008,,,
CUW,2009,,,
CUW,2010,,,
CUW,2011,0.0,,0.0
CUW,2012,0.0,,0.0
CUW,2013,0.0,,0.0
CUW,2014,0.0,,0.0
CUW,2015,0.0,,0.0
CUW,2016,0.0,,0.0
CUW,2017,0.0,,0.0
CUW,2018,0.0,,0.0
CUW,2019,0.0,,0.0
CUW,2020,0.0,,0.0
CUW,2021,0.0,,0.0
CUW,2022,,,
CUW,2023,,,
CUW,2024,,,
CUW,2025,,,
CYM,1960,,,
CYM,1961,,,
CYM,1962,,,
CYM,1963,,,
CYM,1964,,,
CYM,1965,,,
CYM,1966,,,
CYM,1967,,,
CYM,1968,,,
CYM,1969,,,
CYM,1970,,,
CYM,1971,,,
CYM,1972,,,
CYM,1973,,,
CYM,1974,,,
CYM,1975,,,
CYM,1976,,,
CYM,1977,,,
CYM,1978,,,
CYM,1979,,,
CYM,1980,,,
CYM,1981,,,
CYM,1982,,,
CYM,1983,,,
CYM,1984,,,
CYM,1985,,,
CYM,1986,,,
CYM,1987,,,
CYM,1988,,,
CYM,1989,,,
CYM,1990,,,
CYM,1991,,,
CYM,1992,,,
CYM,1993,,,
CYM,1994,,,
CYM,1995,,,
CYM,1996,,,
CYM,1997,,,
CYM,1998,,,
CYM,1999,,,
CYM,2000,,,
CYM,2001,,,
CYM,2002,,,
CYM,2003,,,
CYM,2004,,,
CYM,2005,,,
CYM,2006,0.0,0.0,0.0
CYM,2007,0.0,0.0,0.0
CYM,2008,0.0,0.0,0.0
CYM,2009,0.0,0.0,0.0
CYM,2010,0.0,0.0,0.0
CYM,2011,0.0,0.0,0.0
CYM,2012,0.0,0.0,0.0
CYM,2013,0.0,0.0,0.0
CYM,2014,0.0,0.0,0.0
CYM,2015,0.0,0.0,0.0
CYM,2016,0.0,0.0,0.0
CYM,2017,0.0,0.0,0.0
CYM,2018,0.0,0.0,0.0
CYM,2019,0.0,0.0,0.0
CYM,2020,0.0,0.0,0.0
CYM,2021,0.0,0.0,0.0
CYM,2022,,,
CYM,2023,,,
CYM,2024,,,
CYM,2025,,,
CYP,1960,,,
CYP,1961,,,
CYP,1962,,,
CYP,1963,,,
CYP,1964,,,
CYP,1965,,,
CYP,1966,,,
CYP,1967,,,
CYP,1968,,,
CYP,1969,,,
CYP,1970,,,
CYP,1971,,,
CYP,1972,,,
CYP,1973,,,
CYP,1974,,,
CYP,1975,1.33558242324273,0.0,1.12484191773555
CYP,1976,1.6540805723547,0.0,1.23994406040521
CYP,1977,0.730411026613017,0.0,0.463034428257613
CYP,1978,0.440335784335549,0.0,0.281492090558427
CYP,1979,0.218306989900052,0.0,0.0952897270039437
CYP,1980,0.149344974402906,0.0,0.0626121160508291
CYP,1981,0.0896944705506046,0.0,0.0
CYP,1982,0.0811781689210763,0.0,0.0167740629167392
CYP,1983,0.0852004092049143,0.0,0.0328546850898601
CYP,1984,0.0723751482220645,0.0,0.0227612852201955
CYP,1985,0.0693100703438997,0.0,0.0203286505587103
CYP,1986,0.046626947783059,0.0,0.00505044158807556
CYP,1987,0.0379449475755301,0.0,0.00151734805784558
CYP,1988,0.0475562446015073,0.0,0.00912951842635035
CYP,1989,0.0500361818506939,0.0,0.023877509707542
CYP,1990,0.0303952864480007,0.0,0.011808044392088
CYP,1991,0.0187457227477713,0.0,0.00225463924949963
CYP,1992,0.0128024574009668,0.0,0.00188681818535309
CYP,1993,0.0128980238783898,0.0,0.00121405117668219
CYP,1994,0.00959880836273062,0.0,0.0
CYP,1995,0.00774000899775011,0.0,0.0
CYP,1996,0.0147205658958886,0.0,0.00655077086202969
CYP,1997,0.0246337691800294,0.0,0.0180628486040296
CYP,1998,0.0110822711497632,0.0,0.00702441436401552
CYP,1999,0.0141093077274847,0.0,0.00965008203372152
CYP,2000,0.0191984782389763,0.0,0.0168027182428898
CYP,2001,0.00987827702334223,0.0,0.00786149446271734
CYP,2002,0.0109470392404487,0.0,0.00949225875864242
CYP,2003,0.00789406967300194,0.0,0.00686359832762761
CYP,2004,0.00877046492863859,0.0,0.00798728378322582
CYP,2005,0.00193200965790521,0.00120177163901405,0.0
CYP,2006,0.00186320101838702,0.00127433498559614,0.0
CYP,2007,0.00764839042080836,0.00117988658125929,0.00494683036744994
CYP,2008,0.0195934764177584,0.0150445662460913,0.00300667236227514
CYP,2009,0.0272664916801355,0.00868111599731847,0.0178052349957399
CYP,2010,0.0445722498723438,0.00549581724887354,0.0384173210170689
CYP,2011,0.0717517642796192,0.0100066330418738,0.0610565826464798
CYP,2012,0.072728856527206,0.0105936802654269,0.0612559497233609
CYP,2013,0.0449091633428491,0.00316216169680669,0.0409904332747014
CYP,2014,0.0348718589179378,0.00228489772489687,0.0318131656258371
CYP,2015,0.0198578971713362,0.0,0.0188605287867583
CYP,2016,0.00147131380581406,0.000276297291237262,0.0
CYP,2017,0.0053914863858221,0.0,0.00409708338237163
CYP,2018,0.00469231201910547,0.0,0.00373416802406763
CYP,2019,0.00361325176711909,0.0,0.00280269409965182
CYP,2020,0.0079310862289615,0.0,0.00712423748271897
CYP,2021,0.0127645649104764,0.0,0.0119250208694213
CYP,2022,,,
CYP,2023,,,
CYP,2024,,,
CYP,2025,,,
CZE,1960,,,
CZE,1961,,,
CZE,1962,,,
CZE,1963,,,
CZE,1964,,,
CZE,1965,,,
CZE,1966,,,
CZE,1967,,,
CZE,1968,,,
CZE,1969,,,
CZE,1970,,,
CZE,1971,,,
CZE,1972,,,
CZE,1973,,,
CZE,1974,,,
CZE,1975,,,
CZE,1976,,,
CZE,1977,,,
CZE,1978,,,
CZE,1979,,,
CZE,1980,,,
CZE,1981,,,
CZE,1982,,,
CZE,1983,,,
CZE,1984,,,
CZE,1985,,,
CZE,1986,,,
CZE,1987,,,
CZE,1988,,,
CZE,1989,,,
CZE,1990,1.43334671231639,0.0241546688775384,0.0201709514957406
CZE,1991,1.70354684019902,0.0185752326970374,0.0172671772904825
CZE,1992,1.10996929899171,0.0144138022143178,0.0322571389266327
CZE,1993,0.977474119452411,0.0143009433982058,0.0273678721816331
CZE,1994,0.728570452420536,0.0125335992840751,0.0130686340187891
CZE,1995,0.746615356396145,0.0137249404827816,0.00885415993529177
CZE,1996,0.701959148878735,0.0239398023552188,0.00696964674161958
CZE,1997,0.661458599163763,0.0158931801493376,0.00642267451709681
CZE,1998,0.515210661088895,0.00507702640106989,0.0
CZE,1999,0.436825556358793,0.0159526982087267,0.0
CZE,2000,0.557045437582327,0.0350742549672057,0.0
CZE,2001,0.778678694450316,0.02445812874736,0.0
CZE,2002,0.47003867905998,0.0304619403231985,0.0
CZE,2003,0.416967463955133,0.0351709363162619,0.0
CZE,2004,0.888200041529852,0.0383298465371606,0.0
CZE,2005,0.76785403178025,0.0508088454131561,0.0
CZE,2006,0.764905941611277,0.0436075630517138,0.0
CZE,2007,0.695946015888964,0.0367473553909014,0.0
CZE,2008,1.53373245830398,0.0429704222612688,0.0
CZE,2009,0.70108342596168,0.0244055189347667,0.0
CZE,2010,0.965734444102689,0.0217719950834572,0.0
CZE,2011,1.07008711032612,0.0306168472969245,0.0
CZE,2012,0.640579925432997,0.0305352758913579,0.0
CZE,2013,0.382852117100547,0.0274970082447114,0.0
CZE,2014,0.345428962074698,0.0252681890510458,0.0
CZE,2015,0.314061907144002,0.0102914811209634,0.0
CZE,2016,0.310276297011828,0.00692491287997829,0.0
CZE,2017,0.372292874562504,0.00881622275858796,0.0
CZE,2018,0.389418621280193,0.0125584051035841,0.0
CZE,2019,0.399790319341053,0.0083220468689857,0.0
CZE,2020,0.416571327081177,0.00507207922757448,0.0
CZE,2021,0.394999591152656,0.00965696429550218,0.0
CZE,2022,,,
CZE,2023,,,
CZE,2024,,,
CZE,2025,,,
DEU,1960,,,
DEU,1961,,,
DEU,1962,,,
DEU,1963,,,
DEU,1964,,,
DEU,1965,,,
DEU,1966,,,
DEU,1967,,,
DEU,1968,,,
DEU,1969,,,
DEU,1970,0.243896617794209,0.003119345734465,0.00792984334552876
DEU,1971,0.259783001782497,0.00827984563331017,0.00555268383956011
DEU,1972,0.22196483821418,0.00987085147451372,0.00577425488019809
DEU,1973,0.236370058903682,0.0125932623508712,0.0186280456804566
DEU,1974,0.395499191820421,0.0636311442347421,0.00734104112105322
DEU,1975,0.764278003293905,0.049587458458777,0.00199966999297654
DEU,1976,0.804260045238619,0.0488229037244032,0.00226050203686152
DEU,1977,0.679211567856559,0.043999724735129,0.00227371455394814
DEU,1978,0.505147852708335,0.0339752739440099,0.00180783883774648
DEU,1979,0.498226115948777,0.0654284851480787,0.00525587201353556
DEU,1980,0.610616968210703,0.0742475623624776,0.0137334051087278
DEU,1981,0.966482896088582,0.0682735897626839,0.00963215564434828
DEU,1982,0.985564012483947,0.0422334668266535,0.00432272997389729
DEU,1983,0.63931904379523,0.05339348179652,0.00628900983064682
DEU,1984,0.518091356526257,0.057063416709362,0.00124942787135904
DEU,1985,0.552657484851422,0.0587343665748451,0.00120404846288219
DEU,1986,0.252337888536255,0.0159854011950339,0.000298026254742129
DEU,1987,0.149492707169921,0.0191694523183211,0.000443325060135894
DEU,1988,0.134667344624283,0.0143130278652513,0.000599567401177702
DEU,1989,0.17431176657951,0.0221132214990713,0.000503587595352771
DEU,1990,0.23086703036565,0.022824397451738,0.000270542418556017
DEU,1991,0.130095413089166,0.00981743806321872,0.000442015612330887
DEU,1992,0.0915064787649089,0.00896910677422249,0.000176738669853314
DEU,1993,0.0756219891534557,0.00831356998485869,2.13041620012685e-06
DEU,1994,0.0618221828038375,0.00668466618014011,3.05740037934531e-06
DEU,1995,0.0748695306426973,0.00633933907972327,9.42432970649036e-06
DEU,1996,0.082276615808835,0.0090419036366161,6.64955581058908e-06
DEU,1997,0.0806339060335601,0.00778008068542512,1.08792805309918e-05
DEU,1998,0.0528973819389487,0.00249770506951134,9.48144834711453e-05
DEU,1999,0.0466617970193825,0.00713206799652999,6.4064240215426e-05
DEU,2000,0.0941468902454084,0.0201562303638046,0.000222783857547795
DEU,2001,0.131528983850298,0.0153289209077331,0.000135057831713304
DEU,2002,0.104825753269086,0.016056222546191,0.000117724703520263
DEU,2003,0.0963792384818933,0.0165037382126426,6.14627294705321e-05
DEU,2004,0.138403613195226,0.0185417711460884,9.51458181304022e-05
DEU,2005,0.138854594958633,0.027268431145628,0.000264918426255141
DEU,2006,0.163910635584427,0.0291731982459974,0.000312536126871344
DEU,2007,0.170900169099195,0.028013355499561,0.000747533916287596
DEU,2008,0.305968628578443,0.034054769495246,0.00102210231944589
DEU,2009,0.158934708555447,0.0184514937131976,0.000234753701460163
DEU,2010,0.195522369883906,0.0190328024560215,0.000979580824080147
DEU,2011,0.228554942117436,0.0301021983000363,0.00124543609878311
DEU,2012,0.1648561931117,0.030322053441343,0.00074976914783629
DEU,2013,0.12505562713457,0.0270022581641135,0.000688312398977174
DEU,2014,0.0973612592499159,0.0223645319543507,0.000392191974926981
DEU,2015,0.0760120087289006,0.0109585492863493,0.0
DEU,2016,0.0642202510440344,0.00795427640685235,0.0
DEU,2017,0.0682636663146081,0.0108326903342219,0.0
DEU,2018,0.0847654608298758,0.0150774778092678,0.0
DEU,2019,0.0926260316690242,0.0127922924108005,0.0303655728087302
DEU,2020,0.0767453976974352,0.00673003142464202,0.0317233744566275
DEU,2021,0.0770848993139744,0.0140349033815617,0.0
DEU,2022,,,
DEU,2023,,,
DEU,2024,,,
DEU,2025,,,
DJI,1960,,,
DJI,1961,,,
DJI,1962,,,
DJI,1963,,,
DJI,1964,,,
DJI,1965,,,
DJI,1966,,,
DJI,1967,,,
DJI,1968,,,
DJI,1969,,,
DJI,1970,,,
DJI,1971,,,
DJI,1972,,,
DJI,1973,,,
DJI,1974,,,
DJI,1975,,,
DJI,1976,,,
DJI,1977,,,
DJI,1978,,,
DJI,1979,,,
DJI,1980,,,
DJI,1981,,,
DJI,1982,,,
DJI,1983,,,
DJI,1984,,,
DJI,1985,0.174830504488676,0.0,0.0
DJI,1986,,,
DJI,1987,0.552230097475681,0.0,0.0
DJI,1988,0.562759522869694,0.0,0.0
DJI,1989,0.588732441405909,0.0,0.0
DJI,1990,0.568218462886332,0.0,0.0
DJI,1991,0.583263427907537,0.0,0.0
DJI,1992,0.496362277793244,0.0,0.0
DJI,1993,0.380891593939275,0.0,0.0
DJI,1994,0.418635434843989,0.0,0.0
DJI,1995,0.632478856364887,0.0,0.0
DJI,1996,0.664007194070733,0.0,0.0
DJI,1997,0.676909112820101,0.0,0.0
DJI,1998,0.947348471648493,0.0,0.0
DJI,1999,0.391087417725675,0.0,0.0
DJI,2000,0.382079268168498,0.0,0.0
DJI,2001,0.415974590900068,0.0,0.0
DJI,2002,0.454277724249501,0.0,0.0
DJI,2003,0.623059168138342,0.0,0.0
DJI,2004,0.573154706409986,0.0,0.0
DJI,2005,0.539507984654084,0.0,0.0
DJI,2006,0.616385691846383,0.0,0.0
DJI,2007,0.523310116566421,0.0,0.0
DJI,2008,0.790439021922725,0.0,0.0
DJI,2009,0.743212074330782,0.0,0.0
DJI,2010,0.838156180608274,0.0,0.0
DJI,2011,0.888463490648047,0.0,0.0
DJI,2012,0.945907199473507,0.0,0.0
DJI,2013,0.526727088783967,0.0,0.0
DJI,2014,0.788998443214345,0.0,0.0
DJI,2015,0.662618364843773,0.0,0.0
DJI,2016,0.484424417766637,0.0,0.0
DJI,2017,0.571398008790601,0.0,0.0
DJI,2018,0.278959298930402,0.0,0.0
DJI,2019,0.358531614173272,0.0,0.0
DJI,2020,0.322148755925581,0.0,0.0
DJI,2021,0.277110490356489,0.0,0.0
DJI,2022,,,
DJI,2023,,,
DJI,2024,,,
DJI,2025,,,
DMA,1960,,,
DMA,1961,,,
DMA,1962,,,
DMA,1963,,,
DMA,1964,,,
DMA,1965,,,
DMA,1966,,,
DMA,1967,,,
DMA,1968,,,
DMA,1969,,,
DMA,1970,,,
DMA,1971,,,
DMA,1972,,,
DMA,1973,,,
DMA,1974,,,
DMA,1975,,,
DMA,1976,,,
DMA,1977,0.190569228471034,,0.0
DMA,1978,0.152935787115245,,0.0
DMA,1979,0.180520043313538,,0.0
DMA,1980,0.153105968731269,0.0,0.0
DMA,1981,0.120961388074794,0.0,0.0
DMA,1982,0.235477935110223,0.0,0.0
DMA,1983,0.072052805526428,0.0,0.0
DMA,1984,0.0377085347156818,0.0,0.0
DMA,1985,0.0216690300467132,0.0,0.0
DMA,1986,0.0189349981061481,0.0,0.0
DMA,1987,0.0162466786941711,0.0,0.0
DMA,1988,0.0142580636132164,0.0,0.0
DMA,1989,0.0133180427385914,0.0,0.0
DMA,1990,0.0424903299693723,0.0,0.0
DMA,1991,0.0460385416149244,0.0,0.0
DMA,1992,0.040582544046184,0.0,0.0
DMA,1993,0.0296385518931758,0.0,0.0
DMA,1994,0.0331806409887336,0.0,0.0
DMA,1995,0.040285356560087,0.0,0.0
DMA,1996,0.0276148169977592,0.0,0.0
DMA,1997,0.0378963294235721,0.0,0.0
DMA,1998,0.030749193943209,0.0,0.0
DMA,1999,0.0254617300675232,0.0,0.0
DMA,2000,0.0249171756986981,0.0,0.0
DMA,2001,0.0242728754618539,0.0,0.0
DMA,2002,0.0221389612774031,0.0,0.0
DMA,2003,0.0228107663152698,0.0,0.0
DMA,2004,0.0220286901534381,0.0,0.0
DMA,2005,0.0216343439628061,0.0,0.0
DMA,2006,0.0286807337863141,0.0,0.0
DMA,2007,0.0270653732412566,0.0,0.0
DMA,2008,0.026123998947793,0.0,0.0
DMA,2009,0.0219865512592661,0.0,0.0
DMA,2010,0.0491548799650004,0.0,0.0
DMA,2011,0.0412282999821639,0.0,0.0
DMA,2012,0.0414520814234463,0.0,0.0
DMA,2013,0.0539374373872897,0.0,0.0
DMA,2014,0.0651451844425706,0.0,0.0
DMA,2015,0.0474677077229137,0.0,0.0
DMA,2016,0.0602343950060558,0.0,0.0
DMA,2017,0.0559454272358846,0.0,0.0
DMA,2018,0.0348243046150246,0.0,0.0
DMA,2019,0.0284260300710226,0.0,0.0
DMA,2020,0.0462893309270096,0.0,0.0
DMA,2021,0.0330678676450178,0.0,0.0
DMA,2022,,,
DMA,2023,,,
DMA,2024,,,
DMA,2025,,,
DNK,1960,,,
DNK,1961,,,
DNK,1962,,,
DNK,1963,,,
DNK,1964,,,
DNK,1965,,,
DNK,1966,,,
DNK,1967,,,
DNK,1968,,,
DNK,1969,,,
DNK,1970,0.0681236895703212,,0.000566697404442834
DNK,1971,0.055822086722921,0.0,8.42984783815081e-05
DNK,1972,0.0580702341958266,0.00161842660114196,0.000436749622186042
DNK,1973,0.0644467311839644,0.00319230880138287,0.000411158901499201
DNK,1974,0.05750323467104,0.0118267238577085,0.000476079017427843
DNK,1975,0.0627025229054102,0.0167783915854529,5.69010909779871e-05
DNK,1976,0.0696335883641144,0.0197155024164032,0.000225096676577867
DNK,1977,0.0890660324370962,0.0484291915614412,0.000365955269321387
DNK,1978,0.0780802834339308,0.0340799183951375,0.000283133511583771
DNK,1979,0.119545579684181,0.07123223340412,0.000559654509982826
DNK,1980,0.121113480530045,0.0616235932319062,0.00472430672435042
DNK,1981,0.198367928817846,0.147568040067466,0.0
DNK,1982,0.295145091421216,0.212887308237001,0.0
DNK,1983,0.412054411193707,0.352613165036274,0.0
DNK,1984,0.455971173683134,0.399647348313672,0.0
DNK,1985,0.574785716043828,0.490174877747444,0.0
DNK,1986,0.257805309882822,0.170962490662189,0.0
DNK,1987,0.333208831007466,0.279283559325191,0.0
DNK,1988,0.258014016322381,0.207672303278001,0.0
DNK,1989,0.481868105462183,0.396823782567179,0.0254812052656054
DNK,1990,0.55047686901933,0.479073854272228,0.00857974269043281
DNK,1991,0.325339494910881,0.272818388965526,0.0
DNK,1992,0.331978946058947,0.297883018458222,0.0
DNK,1993,0.389353553697419,0.3259609735924,0.0
DNK,1994,0.354976841233315,0.294240233120455,0.0
DNK,1995,0.370903244860634,0.278953388003317,0.0
DNK,1996,0.537019819498268,0.433297740669085,0.0
DNK,1997,0.544009603413417,0.403535371493423,0.0
DNK,1998,0.155032601795186,0.127015619249163,0.0
DNK,1999,0.548736539146912,0.521371441625143,0.0
DNK,2000,1.51892677429467,1.36695481609054,0.0
DNK,2001,1.23299491333174,0.95285040740933,0.0
DNK,2002,1.17562784999384,0.977649521931382,0.0
DNK,2003,1.10244846958108,0.93307700460479,0.0
DNK,2004,1.30912670625197,1.15749023574584,0.0
DNK,2005,1.72068305179766,1.57548312247966,0.00298278138657987
DNK,2006,1.82155048329142,1.5417001087756,0.00279857476941565
DNK,2007,1.60947260771918,1.37515571112353,0.00480264927966494
DNK,2008,2.10773304572988,1.70355050889399,0.00603744624773316
DNK,2009,1.18379214338833,0.914832469823829,0.00561807105668662
DNK,2010,1.21806959470816,0.983292205895114,0.0
DNK,2011,1.63537891856148,1.3683944127568,0.000892637102572135
DNK,2012,1.52209845823621,1.2608873326792,0.00281871358647831
DNK,2013,1.17608346343677,0.967648067154255,0.000595737548355968
DNK,2014,0.983209243067839,0.834668694474792,0.0
DNK,2015,0.521484568638432,0.389980667105512,0.0
DNK,2016,0.342477974632511,0.261758496429453,0.0
DNK,2017,0.470200711781742,0.367052364111918,0.0
DNK,2018,0.587862611976543,0.459098841781269,0.0
DNK,2019,0.446224762644461,0.372447675054216,0.0
DNK,2020,0.162332732247836,0.137036781200766,0.0
DNK,2021,0.33866438619955,0.270290117190291,0.0
DNK,2022,,,
DNK,2023,,,
DNK,2024,,,
DNK,2025,,,
DOM,1960,,,
DOM,1961,,,
DOM,1962,,,
DOM,1963,,,
DOM,1964,,,
DOM,1965,,,
DOM,1966,,,
DOM,1967,,,
DOM,1968,,,
DOM,1969,,,
DOM,1970,0.728567422733497,,0.666930707104093
DOM,1971,0.782206676901005,0.0,0.72550223338129
DOM,1972,1.93534214348468,0.0,1.87456332713367
DOM,1973,2.67666623839731,0.0,2.58503066067959
DOM,1974,2.67558268354915,0.0,2.5989812387347
DOM,1975,2.1673311970796,0.0,2.08775490910046
DOM,1976,2.02607388264791,0.0,1.96511021327137
DOM,1977,1.79331732731552,0.0,1.70610543537458
DOM,1978,0.892600908317629,0.0,0.805252155404613
DOM,1979,2.09348745467702,0.0,2.00854536766232
DOM,1980,3.12052826225933,0.0,3.03791236311233
DOM,1981,1.97339347448151,0.0,1.90118634515784
DOM,1982,0.925069502881458,0.0,0.782645976922222
DOM,1983,1.09028392575454,0.0,1.04458976493086
DOM,1984,0.705552974343997,0.0,0.683252994680559
DOM,1985,1.44604970194254,0.0,1.4116715404151
DOM,1986,0.566831964434162,0.0,0.537934960537782
DOM,1987,1.20252745945999,0.0,1.17151096338274
DOM,1988,5.71664846649267,0.0,5.68337605773851
DOM,1989,4.48380373359192,0.0,4.45646100563035
DOM,1990,2.01017458840216,0.0,1.92925125131684
DOM,1991,1.40795463511044,0.0,1.33886482367976
DOM,1992,0.802566480155784,0.0,0.747149722460792
DOM,1993,0.270241819529112,0.0,0.231340419760861
DOM,1994,0.793311412444342,0.0,0.75201621104255
DOM,1995,1.14002177756892,0.0,1.09234745026709
DOM,1996,0.70339446524712,0.0,0.671155358607122
DOM,1997,0.503240742590817,0.0,0.46365724204154
DOM,1998,0.0481131529630172,0.0,0.0163062445282127
DOM,1999,0.190528242624742,0.0,0.163860528829725
DOM,2000,0.341026792433444,0.0,0.317058364257036
DOM,2001,0.0227890061773118,0.0,0.0
DOM,2002,0.0276477786257098,0.0,0.00818310706534512
DOM,2003,0.541632394719868,0.0,0.515241558007629
DOM,2004,1.21413014952002,0.0,1.18793379308578
DOM,2005,0.721035390362793,0.0,0.704552608290341
DOM,2006,1.6062343112117,0.0,1.57147795106193
DOM,2007,2.52804800376544,0.0,2.49633606037311
DOM,2008,0.234147045628384,0.0,0.203833346821756
DOM,2009,0.123503913034202,0.0,0.0957122813826542
DOM,2010,0.172400177111422,0.0,0.116273238164466
DOM,2011,0.340210817624619,0.0,0.295353946361018
DOM,2012,0.446840708804603,0.0,0.404673373832009
DOM,2013,1.02972097005091,0.0,0.974400856614988
DOM,2014,1.03750954514513,0.0,0.9733496247505
DOM,2015,0.535347858231712,0.0,0.487794699076486
DOM,2016,1.2819479321571,0.0,1.22105831015897
DOM,2017,1.03534454096242,0.0,0.98408437077863
DOM,2018,0.868889463505184,0.0,0.83234888656992
DOM,2019,1.05544444208182,0.0,1.0218209372648
DOM,2020,1.23931109405337,0.0,1.19539932542519
DOM,2021,2.07711318519727,0.0,2.0447901942435
DOM,2022,,,
DOM,2023,,,
DOM,2024,,,
DOM,2025,,,
DZA,1960,,,
DZA,1961,,,
DZA,1962,,,
DZA,1963,,,
DZA,1964,,,
DZA,1965,,,
DZA,1966,,,
DZA,1967,,,
DZA,1968,,,
DZA,1969,,,
DZA,1970,7.89139762018415,7.16190012707325,0.171412475450066
DZA,1971,7.73825551275711,6.99097752673545,0.182914658503287
DZA,1972,9.69187373577921,9.01389998420143,0.152052987198225
DZA,1973,11.5412438120884,10.8416352012321,0.158091710880301
DZA,1974,28.4844510661463,27.7199227930192,0.326816266712063
DZA,1975,23.7050346704932,22.633272567122,0.305620274306071
DZA,1976,24.6730137652963,23.7199737259153,0.174381268555128
DZA,1977,24.2575666522682,23.1641392496026,0.285054422338676
DZA,1978,21.2858880613224,20.1203326203857,0.0658029398412843
DZA,1979,39.0840713137545,36.9394487987451,0.0605837818340959
DZA,1980,31.4905481132839,30.4169667655539,0.0777873682438038
DZA,1981,26.0704654087533,24.5140416578688,0.0771245491920053
DZA,1982,19.2755546256023,18.3348339984003,0.0961243361188464
DZA,1983,19.2386683793611,16.5357512739164,0.0674533845388098
DZA,1984,17.7269351262912,15.4490512271312,0.0535650300974824
DZA,1985,16.2532794265488,14.2827795193099,0.0462605812937922
DZA,1986,7.79806706971035,5.87028540433224,0.0317581667781217
DZA,1987,10.3843346447279,8.53318724872721,0.0247208812823772
DZA,1988,10.3023656851285,8.0022301703217,0.0498041368539326
DZA,1989,15.0746904253939,12.5689148306239,0.062889308694976
DZA,1990,18.3773769843497,15.7969733351133,0.0453315133849535
DZA,1991,17.1441948451787,13.5417656312112,0.0382610160718507
DZA,1992,16.3874531653913,13.0452267711099,0.0462178718628034
DZA,1993,14.9124077932801,11.7164360598656,0.0296584776910349
DZA,1994,16.433844006441,12.6865225216351,0.0255301520076082
DZA,1995,18.8771195086714,14.1774813179102,0.0232419159888825
DZA,1996,21.1719242100152,16.3135923983909,0.0240730637079515
DZA,1997,20.3327344060761,14.7901349570278,0.0167029949615872
DZA,1998,14.6270810412232,9.01756331973938,0.043122511921964
DZA,1999,18.6233051712637,12.955667382787,0.0259486752552404
DZA,2000,26.6868973861091,20.2038945100895,0.0216085733371284
DZA,2001,23.6309412932778,16.7197713612172,0.0209913566660275
DZA,2002,23.4709385218627,17.703706765696,0.0173275115286968
DZA,2003,24.452322612612,19.6786326659537,0.0108310764410362
DZA,2004,26.1573130077943,22.1269733272223,0.0143692812615109
DZA,2005,32.6800315430258,27.9141141505655,0.0488688923690098
DZA,2006,34.1913224229422,29.5343935472454,0.0724122609853375
DZA,2007,32.0600728476928,27.9267087662485,0.130378859112722
DZA,2008,32.865091355443,29.1086401323721,0.334277849762946
DZA,2009,24.2022509333631,19.9046263657492,0.171442811044615
DZA,2010,25.5383244245491,21.9939993236664,0.15354556834639
DZA,2011,28.5812899587159,25.0260096148481,0.155584161415637
DZA,2012,26.2525144621236,22.6025382987382,0.142947452820782
DZA,2013,24.2231338959379,20.8724313901278,0.079994049293044
DZA,2014,22.6123097835033,19.3167294732848,0.0545536170787534
DZA,2015,14.9252527493911,11.7459031918092,0.0564100379035482
DZA,2016,12.8191814025545,10.0262189142963,0.0507846759461622
DZA,2017,15.372392970843,12.1565741270026,0.0407837177161842
DZA,2018,20.7172028374976,15.9428081774505,0.0265132651271735
DZA,2019,18.5236789388593,14.1421031504305,0.00290128738989528
DZA,2020,14.0343770936226,9.03841379679424,0.00200999741569609
DZA,2021,22.5902703479201,14.4615654623053,0.00378676836519861
DZA,2022,,,
DZA,2023,,,
DZA,2024,,,
DZA,2025,,,
EAP,1960,,,
EAP,1961,,,
EAP,1962,,,
EAP,1963,,,
EAP,1964,,,
EAP,1965,,,
EAP,1966,,,
EAP,1967,,,
EAP,1968,,,
EAP,1969,,,
EAP,1970,1.8232204762874,0.0511254789952364,0.336836680935021
EAP,1971,1.81098417110917,0.056184264572647,0.266081915145085
EAP,1972,2.43988473720725,0.195830432685192,0.311225820247882
EAP,1973,4.31978704388956,0.589670774419175,0.543278067591389
EAP,1974,7.85463923198897,4.07519618324887,0.78334746823599
EAP,1975,9.00823315140926,4.17056755912853,0.406002711838777
EAP,1976,10.605458728022,5.20525051087129,0.56529423244763
EAP,1977,11.1659133711404,5.49301451015476,0.632462418312616
EAP,1978,11.5305948511442,5.89388796389748,0.582063067359082
EAP,1979,19.1929705511082,12.7018104803685,0.797477214067403
EAP,1980,19.6627512507828,12.3314645867275,0.860811741332664
EAP,1981,16.4439688400928,9.26667919314291,0.697921363378979
EAP,1982,13.4714868988342,5.60316242606854,0.536482238172777
EAP,1983,12.1642432259617,6.52779761203743,0.54300499366469
EAP,1984,10.352352383924,6.46197431240877,0.404775872821982
EAP,1985,9.72653301753906,5.80934335254491,0.391520058047084
EAP,1986,6.4181714828182,2.88831950420531,0.30033670899489
EAP,1987,7.63335262423906,4.35448393022337,0.425752184442022
EAP,1988,7.09334930513758,3.0041800466815,1.13424158632593
EAP,1989,8.22806538317946,4.15127951286827,0.703887037822232
EAP,1990,9.26960091059725,5.43236305345372,0.552375460702863
EAP,1991,6.52439326004338,2.97050679182337,0.567913246095281
EAP,1992,6.12279932812429,2.91220466874198,0.492723213886201
EAP,1993,5.19659043764181,2.63425974427104,0.339497410946918
EAP,1994,4.21663255363438,1.88431144847837,0.333386663066384
EAP,1995,4.18607062431678,1.67431170296067,0.359192239146536
EAP,1996,3.95616283219073,1.89970525921861,0.259636723045605
EAP,1997,3.35651771935571,1.58499074499858,0.244644245332301
EAP,1998,2.68032862471703,0.82364792389779,0.425601600859669
EAP,1999,2.79711616188599,1.35714692502629,0.337462772586217
EAP,2000,4.08275237467761,2.53874246563762,0.22076919781079
EAP,2001,3.60408789685391,1.69723092754366,0.18432436642258
EAP,2002,2.95073450878053,1.56257098388654,0.189421809429934
EAP,2003,3.20369254849271,1.59536987887077,0.210113196335885
EAP,2004,5.40074680175966,2.04459250128373,0.326440718187447
EAP,2005,5.92034119778028,2.73601565447452,0.721789941264279
EAP,2006,6.17500327167284,2.67038580832722,1.13892172231337
EAP,2007,6.75455489362504,2.11422194264089,2.00553459191997
EAP,2008,9.50498457593684,2.44082342031983,1.99122264264765
EAP,2009,4.29151930414519,1.122500238196,0.958837945307254
EAP,2010,6.3097398625033,1.45267123806988,1.8162265159091
EAP,2011,7.63586513877191,1.82368130083762,2.0894952821657
EAP,2012,4.40483513578008,1.52725618263697,0.750575204639752
EAP,2013,3.36520379171158,1.28018940924384,0.60613863152379
EAP,2014,2.77347015250941,1.07377224077087,0.364060268110022
EAP,2015,1.53497670406624,0.418715443546744,0.209326345168077
EAP,2016,1.35376307004502,0.313917385681464,0.199300199072954
EAP,2017,1.64957342779913,0.400607821161342,0.255520182823863
EAP,2018,1.82587903450451,0.52284404703479,0.225828814677185
EAP,2019,1.57316452950628,0.368420114250063,0.283604315160153
EAP,2020,1.1002123597412,0.138213900819018,0.192661966175516
EAP,2021,2.09970189354757,0.36854777657666,0.621582679332166
EAP,2022,,,
EAP,2023,,,
EAP,2024,,,
EAP,2025,,,
EAR,1960,,,
EAR,1961,,,
EAR,1962,,,
EAR,1963,,,
EAR,1964,,,
EAR,1965,,,
EAR,1966,,,
EAR,1967,,,
EAR,1968,,,
EAR,1969,,,
EAR,1970,2.7696076614721,1.7191714271285,0.432123306391257
EAR,1971,3.08233197096862,2.02683673724259,0.33748295058336
EAR,1972,3.79424305486612,2.69520276670088,0.366048004397479
EAR,1973,5.39222038259,3.82611858827396,0.590279270101063
EAR,1974,14.6453004393797,13.0830282099609,0.713318667677815
EAR,1975,12.3355023439331,10.6843935692552,0.37838375806513
EAR,1976,13.630509167966,12.0797130742517,0.390908951441115
EAR,1977,13.6232168550888,11.7774617413291,0.39589133655503
EAR,1978,11.9787816051322,10.4076341166761,0.273799534286041
EAR,1979,22.1238765454923,20.2872245976977,0.601370371795634
EAR,1980,21.2334948607753,18.8749678399156,1.11762962037323
EAR,1981,16.6223715924323,14.7973671767611,0.614999625950225
EAR,1982,11.9351138766372,9.98132067389743,0.51666965788383
EAR,1983,11.7207549479768,9.91240504851274,0.613428632778335
EAR,1984,10.8959092449886,9.52643163121219,0.296284522875092
EAR,1985,9.89435516800091,8.39843974595889,0.423230034391471
EAR,1986,5.8494265518149,4.30148851852268,0.357959975697511
EAR,1987,7.64800333661536,5.98785658587175,0.49987426239527
EAR,1988,6.95636764634811,4.86943880824941,0.907958743951402
EAR,1989,9.33773781210588,7.15199684534179,0.882746829239828
EAR,1990,11.511936087358,9.63666938035348,0.524892483812732
EAR,1991,6.97251110581686,5.29869188423628,0.389748045596364
EAR,1992,6.59065103390814,5.12746760957669,0.31117723626038
EAR,1993,6.44655208039914,5.1831722126798,0.241624337307308
EAR,1994,6.18710206750503,4.82609591846815,0.310750003739345
EAR,1995,6.33403936017272,4.76568814536969,0.287536065410558
EAR,1996,7.07662585387959,5.59289505185508,0.27050706013484
EAR,1997,6.04081404235782,4.72680020350841,0.209725785616471
EAR,1998,4.10141530709743,2.89662961119722,0.196420508028712
EAR,1999,5.18296734240041,4.15410893620392,0.165366353733415
EAR,2000,8.07248329286482,6.84186655013858,0.187163596622218
EAR,2001,6.81423237754721,5.37253480242569,0.160436674430239
EAR,2002,6.9439181238136,5.51998545923466,0.19446599858358
EAR,2003,7.61469456260671,6.11767217877092,0.190240016139826
EAR,2004,9.10271751372919,7.28698910658315,0.308576703954339
EAR,2005,11.2314176870777,9.30800474043993,0.513647078846235
EAR,2006,11.9243493617839,9.61858815635242,0.814003780857403
EAR,2007,11.2113234885448,8.57670696260084,1.11678413315845
EAR,2008,13.7536491324177,10.5463394266525,1.02326143497674
EAR,2009,8.03950695036931,5.76259681630113,0.707255738608933
EAR,2010,9.22503038812095,6.48649605788439,1.09879176466984
EAR,2011,11.8031803630558,8.61808775288057,1.23505484794152
EAR,2012,10.8068750734792,8.33904049740441,0.840633040888546
EAR,2013,9.65256003527266,7.3948402122267,0.757779559861047
EAR,2014,8.30112766997896,6.35239154646793,0.521395260174032
EAR,2015,4.61784269372454,3.09286947886938,0.321532782316071
EAR,2016,4.05321680761495,2.53690501664971,0.41490881579236
EAR,2017,4.91793906556283,3.1781985265248,0.518015981457489
EAR,2018,6.59590933129424,4.57140463639927,0.515214838715254
EAR,2019,5.3898937006273,3.59358486907134,0.461319785930442
EAR,2020,3.85169700450093,2.02335463371484,0.553161594643386
EAR,2021,6.76617958931172,3.54689088642161,1.46195642902809
EAR,2022,,,
EAR,2023,,,
EAR,2024,,,
EAR,2025,,,
EAS,1960,,,
EAS,1961,,,
EAS,1962,,,
EAS,1963,,,
EAS,1964,,,
EAS,1965,,,
EAS,1966,,,
EAS,1967,,,
EAS,1968,,,
EAS,1969,,,
EAS,1970,0.880535345341966,0.0191603099304193,0.317210692612568
EAS,1971,0.867246734665093,0.0212837143367926,0.264063923917617
EAS,1972,0.948415671987176,0.067089341121193,0.233469060294125
EAS,1973,1.51949114350352,0.192794760598142,0.343009064715436
EAS,1974,2.76571540885066,1.35454492377656,0.464494257815692
EAS,1975,3.18059649005486,1.39823613193233,0.297507468654854
EAS,1976,3.47371980988805,1.59175418073574,0.361097940476789
EAS,1977,3.43506887977868,1.60747293493471,0.347061473085277
EAS,1978,2.68542438983749,1.30954288868242,0.227300263108372
EAS,1979,4.34395955257524,2.71353672599225,0.308448497092156
EAS,1980,5.04491548866132,3.07000339816051,0.358844915705408
EAS,1981,4.02613640962453,2.18563469701466,0.266145560271774
EAS,1982,3.55376253562085,1.42036456614703,0.25440235449092
EAS,1983,3.14375986611748,1.61413947347478,0.226411420120711
EAS,1984,2.77604054625211,1.64246270427089,0.208993567027245
EAS,1985,2.76712784113574,1.55982427403219,0.210147098670912
EAS,1986,1.41147132001656,0.587080692801886,0.132364782925369
EAS,1987,1.3844716581504,0.743522211186066,0.141033749432357
EAS,1988,1.26446345045562,0.46904625357805,0.32576825666363
EAS,1989,1.45083421563606,0.668243636831114,0.22262705478527
EAS,1990,1.66863896832638,0.905182793281261,0.187616881003127
EAS,1991,1.14148116313199,0.475763600097684,0.167490816473317
EAS,1992,1.07829809773882,0.47409073184136,0.144792057033716
EAS,1993,0.89462669361275,0.419147171934938,0.096394378851569
EAS,1994,0.778374045490117,0.320796014096116,0.0968848834722891
EAS,1995,0.830896770999525,0.309073267810182,0.104957320541734
EAS,1996,0.933536766355975,0.414023218452894,0.0986884816301816
EAS,1997,0.874226508630909,0.377459733896352,0.102448138175356
EAS,1998,0.732742349747309,0.200134586858534,0.155807853739858
EAS,1999,0.734102516591762,0.319921354780383,0.121535444678863
EAS,2000,1.08491603402689,0.619579532834524,0.10315245081448
EAS,2001,1.10719691843386,0.473979753147868,0.106930606830728
EAS,2002,0.99542328131026,0.480524290088785,0.108409595356188
EAS,2003,1.0769245832552,0.501726512690375,0.107070340682409
EAS,2004,1.80682002926432,0.65492787708824,0.160543320019842
EAS,2005,2.20481806600118,0.943310790843848,0.362221772812921
EAS,2006,2.62701555663577,1.04304479952663,0.611781223704954
EAS,2007,3.24280864012787,0.942569605024322,1.12861596803537
EAS,2008,4.85952825925249,1.17713950335874,1.18468538724454
EAS,2009,2.33140799387541,0.569739976911997,0.595371979606853
EAS,2010,3.61736482753036,0.767531576220473,1.20691107161346
EAS,2011,4.51949755914906,1.0138861504784,1.41618642263314
EAS,2012,2.74464254515472,0.877581620792369,0.621970407055999
EAS,2013,2.35936566090042,0.793153915015151,0.614586910452259
EAS,2014,2.01562537926092,0.693058060270975,0.41601952966928
EAS,2015,1.18781136402077,0.28125462068387,0.247260068969997
EAS,2016,1.07531660793681,0.208157997846941,0.262738613420115
EAS,2017,1.34908943100725,0.269518760317155,0.338120822542823
EAS,2018,1.49623364269318,0.360430694111412,0.303044831576503
EAS,2019,1.37458315325869,0.259530198657939,0.375417130744868
EAS,2020,1.07184349934797,0.0994117170644529,0.348739331297507
EAS,2021,2.15685820016882,0.27417208915872,0.963393252599085
EAS,2022,,,
EAS,2023,,,
EAS,2024,,,
EAS,2025,,,
ECA,1960,,,
ECA,1961,,,
ECA,1962,,,
ECA,1963,,,
ECA,1964,,,
ECA,1965,,,
ECA,1966,,,
ECA,1967,,,
ECA,1968,,,
ECA,1969,,,
ECA,1970,0.691508496870238,0.0156688439786595,0.214782947317114
ECA,1971,0.660287783036747,0.0551276822693913,0.118608920405928
ECA,1972,0.580501952483688,0.0644778111666937,0.0948054454215406
ECA,1973,0.782691076207577,0.0966253001839665,0.205143058308503
ECA,1974,1.18135732065411,0.401813017550154,0.163568603393556
ECA,1975,0.916591008911233,0.280814902169639,0.0704190476909267
ECA,1976,0.935880834464155,0.220074807046092,0.0939006952725564
ECA,1977,0.819877007022891,0.21249292669636,0.0794472810207793
ECA,1978,0.811207187137414,0.196069037564345,0.0499470930886876
ECA,1979,0.844103057889608,0.362416289836324,0.0497731679215065
ECA,1980,1.31003163850486,0.488531548581327,0.0709133592086129
ECA,1981,1.40008444114803,0.386417918520162,0.0695498667851352
ECA,1982,1.29579898215648,0.262706910889372,0.0800217205847813
ECA,1983,1.09237511450636,0.337848850557612,0.0643707365347918
ECA,1984,1.24392625115917,0.501335468414888,0.06593608456538
ECA,1985,1.15490166974962,0.442072816378925,0.0740828818326902
ECA,1986,0.747891089124561,0.173062060738442,0.0361277578481414
ECA,1987,1.84671693424766,0.900610952054229,0.0216631810060244
ECA,1988,1.51817945142108,0.623633329561258,0.121384940298428
ECA,1989,1.67553241609187,0.841541272450901,0.147503300776515
ECA,1990,4.20064631930485,2.42531433015015,0.0495663834177879
ECA,1991,2.52731492255448,1.16691163426882,0.0282328679199354
ECA,1992,2.73082340359094,0.959428000879863,0.755692406280219
ECA,1993,2.44563086187767,1.02753005946863,0.374122107410069
ECA,1994,2.32459544841595,1.08217920879391,0.30600013530106
ECA,1995,2.10007155378839,0.877486431066107,0.152022068881919
ECA,1996,2.26246380306076,1.15490450879452,0.0953859289147202
ECA,1997,1.87574465533223,0.883016419938652,0.0683721018204697
ECA,1998,0.690727108837614,0.27710642634977,0.0981332070415734
ECA,1999,1.36216182710541,1.00633023599089,0.0624665452274252
ECA,2000,3.30258366621448,2.30459504249376,0.0809804352437972
ECA,2001,4.36057630036325,2.11427453611402,0.0653671509559032
ECA,2002,3.64673989435739,2.07271380983577,0.15364076178541
ECA,2003,3.41859365639676,2.0396494450114,0.123841027648774
ECA,2004,3.85677279173729,2.32208974912379,0.264480832134395
ECA,2005,4.3487493526887,2.97395300301259,0.417830606206928
ECA,2006,5.45975015979635,3.27775828274249,0.765350290962727
ECA,2007,5.60251624135025,3.22642471039605,1.11218375642679
ECA,2008,7.78790273763312,4.20502841279183,1.03341817001138
ECA,2009,5.07791008175182,2.91679389703608,0.625453407093346
ECA,2010,5.87359876909907,2.88582553859158,1.49599931588738
ECA,2011,7.71584464510512,4.06475349141166,1.66222859434985
ECA,2012,6.49673945498723,3.65602153456796,1.21271827628408
ECA,2013,5.58557669623185,3.1986961500591,1.05008230898561
ECA,2014,4.92720181119092,3.05773808907328,0.801260412673974
ECA,2015,2.88860418988056,1.48011418557272,0.483786890763006
ECA,2016,2.61512983237618,1.1669037621967,0.773287023371689
ECA,2017,3.74199384035046,1.81131895233882,1.0223066600657
ECA,2018,5.48773247025132,3.05164022606524,1.03366864547858
ECA,2019,4.37946076839277,2.60314956707483,0.766213088705881
ECA,2020,2.95061751408028,1.31085360581562,1.10544847992631
ECA,2021,6.90711419449783,2.69632933464261,2.68460228904149
ECA,2022,,,
ECA,2023,,,
ECA,2024,,,
ECA,2025,,,
ECS,1960,,,
ECS,1961,,,
ECS,1962,,,
ECS,1963,,,
ECS,1964,,,
ECS,1965,,,
ECS,1966,,,
ECS,1967,,,
ECS,1968,,,
ECS,1969,,,
ECS,1970,0.239826501680084,0.0022696457967815,0.0301455240408911
ECS,1971,0.234157526582369,0.00542700123326249,0.0196752678263327
ECS,1972,0.224824399621369,0.0069632501475032,0.0173392658315033
ECS,1973,0.264231068704145,0.0100627621928014,0.0437258435853859
ECS,1974,0.437430651499122,0.0551288838741219,0.0563433522196596
ECS,1975,0.578139145180908,0.061723771614004,0.0152483666674607
ECS,1976,0.652686118527646,0.0963905013432928,0.0271065237593464
ECS,1977,0.614123540444427,0.14519240685638,0.0210983025311343
ECS,1978,0.534976388863016,0.153815367760642,0.0112042977607786
ECS,1979,0.812195074032787,0.399189460536366,0.0187222613539303
ECS,1980,0.932004791255652,0.457624548035328,0.0239024179362542
ECS,1981,0.996314695591198,0.443245805325698,0.0153268055724442
ECS,1982,0.830206359892089,0.323685659425616,0.0153820503354161
ECS,1983,0.884797332029484,0.489415583416697,0.0138496993352796
ECS,1984,0.908269700365804,0.580245187741586,0.0113034753943407
ECS,1985,0.931529182218347,0.590935865918469,0.0110347818530283
ECS,1986,0.390907182092014,0.17400406847501,0.00443215389671708
ECS,1987,0.428289482127238,0.262644776895398,0.00627523184853421
ECS,1988,0.808279843445353,0.557347351362393,0.042709040492621
ECS,1989,1.12116670350715,0.847934351263241,0.0466247850790675
ECS,1990,1.34251984638111,0.95546384251886,0.0205721633836913
ECS,1991,0.704235722972148,0.426427343041073,0.0126710696490736
ECS,1992,0.700182841052022,0.396491157158314,0.0838966690262112
ECS,1993,0.724822926650704,0.399096856085972,0.0512008673713212
ECS,1994,0.618182988468325,0.351976431578615,0.0436496437343669
ECS,1995,0.702146753235318,0.355081288334088,0.0372051200756371
ECS,1996,0.806329544460261,0.485449712800306,0.0239581395721192
ECS,1997,0.732702634433868,0.402918347407111,0.0218180317878438
ECS,1998,0.256950658618546,0.121833398834841,0.0227209699534068
ECS,1999,0.497781270833375,0.367481758204356,0.0245629632347583
ECS,2000,1.20979877695287,0.881819793027143,0.029768834058791
ECS,2001,1.22177622716805,0.659473229519961,0.0193084263867554
ECS,2002,1.07746645974471,0.661468719016793,0.0227037670451999
ECS,2003,1.04891161017855,0.666655076718543,0.0179988412254179
ECS,2004,1.19594530898228,0.801587588095899,0.0325505969088224
ECS,2005,1.47501571894026,1.10509159776867,0.0574797061652828
ECS,2006,1.80172847400465,1.1794224873433,0.120968713691565
ECS,2007,1.7761342217903,1.13690754983885,0.176962301693725
ECS,2008,2.52882430115059,1.51945907643629,0.147088668286131
ECS,2009,1.57542728517896,0.933708707025676,0.0904509847495385
ECS,2010,1.92823693179289,1.04159657829935,0.29046739116127
ECS,2011,2.64917869248265,1.52116827385406,0.35339133246918
ECS,2012,2.48554437495063,1.4954669832912,0.267177216356324
ECS,2013,2.19561200739134,1.3288267523237,0.231358574883299
ECS,2014,1.87817517095578,1.2267415529357,0.190082110417802
ECS,2015,1.13309230018598,0.617862041985245,0.111533648734992
ECS,2016,0.935024121425878,0.483874473843172,0.15752669721853
ECS,2017,1.29011492913958,0.701042128347398,0.207798380116175
ECS,2018,1.78949400312235,1.06543088050603,0.196473733953875
ECS,2019,1.47188999090194,0.958164624036313,0.123970262739533
ECS,2020,0.883089489190227,0.495208188456399,0.154658930301219
ECS,2021,2.20159536332953,1.06714321100906,0.369677505728932
ECS,2022,,,
ECS,2023,,,
ECS,2024,,,
ECS,2025,,,
ECU,1960,,,
ECU,1961,,,
ECU,1962,,,
ECU,1963,,,
ECU,1964,,,
ECU,1965,,,
ECU,1966,,,
ECU,1967,,,
ECU,1968,,,
ECU,1969,,,
ECU,1970,0.603234396539406,0.0208366992407299,0.006502124337566
ECU,1971,0.721419590315677,0.0319320365559042,0.00622240382129976
ECU,1972,1.45422603565694,0.722424845709208,0.00629225159449098
ECU,1973,3.78153861118502,2.80924506220655,0.00878755614434515
ECU,1974,8.41494089000531,7.83255695502559,0.00385495545351907
ECU,1975,6.5309662715755,5.85937661903557,0.000934483789233155
ECU,1976,6.80686675408111,6.26975907495402,0.0017043731727718
ECU,1977,4.91373417939008,4.32661744460753,0.00320087336400285
ECU,1978,5.46280890720852,4.87918049300881,0.00170480868160994
ECU,1979,11.9762515560887,11.1098691939219,0.00718483236663234
ECU,1980,11.3151910687817,10.5805004761534,0.0115395500183426
ECU,1981,7.98059064689882,7.43648308936248,0.00319088630039356
ECU,1982,5.56219457517817,4.75132859913941,0.00107556035806775
ECU,1983,9.31405506752234,8.67513964178264,0.00055047970674422
ECU,1984,9.93016955124747,9.35151976845996,0.150423367149457
ECU,1985,10.0118102149523,9.45521760977848,0.0894910290092663
ECU,1986,5.41787935100932,4.68377906637246,0.126013933163608
ECU,1987,6.09696281876419,4.99756494027957,0.241321469337405
ECU,1988,7.8987466224537,6.87057152668533,0.167219996636048
ECU,1989,10.0823954852772,9.05299642422294,0.048323116088562
ECU,1990,12.9915656856879,11.991103925352,0.0314130110026776
ECU,1991,7.24141251846212,6.18084017507188,0.256245451548259
ECU,1992,7.57641297443625,6.68067546189167,0.0237228290790031
ECU,1993,6.94166997844564,6.52474732068662,0.0158598526695336
ECU,1994,6.69476702573695,5.8266784850764,0.0299856930514143
ECU,1995,7.81653810988059,6.45365140471758,0.175258715274091
ECU,1996,9.06384330500035,7.78787008443719,0.134112001929738
ECU,1997,7.15232502703141,6.17219683622489,0.0297507017148644
ECU,1998,4.06421827365714,3.21214311967333,0.0129509600672262
ECU,1999,8.23306097190049,7.86330811758721,0.0159090707299482
ECU,2000,16.7324376195742,16.3324950885101,0.0312504676242629
ECU,2001,9.40733648144871,9.09069290930629,0.0101999192713221
ECU,2002,8.38814722027282,8.07370405839442,0.0591764232924235
ECU,2003,8.74010782962713,8.39147653417875,0.104498850632412
ECU,2004,12.5726365426945,12.2508252521177,0.0862266175887913
ECU,2005,16.8498380565704,16.5366396462506,0.0904096131303906
ECU,2006,18.3894115217757,17.9868791091883,0.120095801469637
ECU,2007,16.9001920320212,16.5138217754915,0.0715927422537484
ECU,2008,18.9618727793611,18.654574856841,0.0223541929369212
ECU,2009,9.26408283902812,8.82457083402611,0.140750723222177
ECU,2010,11.7907315375663,11.1941478463167,0.144998503952396
ECU,2011,16.5773760059007,16.0118572281981,0.193071406393461
ECU,2012,14.5265186334151,13.9638597674194,0.183332769961552
ECU,2013,12.8813253368088,12.2978605117168,0.164424799645526
ECU,2014,11.5903571785583,11.0826381316277,0.0892047794978054
ECU,2015,4.63202397853143,4.19483660505841,0.0643810131639396
ECU,2016,3.75806780861528,3.26158550456448,0.0828958421781742
ECU,2017,4.98372023451617,4.51289936555742,0.0849569513997177
ECU,2018,7.0964207852671,6.75910009874679,0.0
ECU,2019,5.82070104913459,5.52629823993135,0.0
ECU,2020,2.92430668533391,2.56275988674609,0.0
ECU,2021,6.69943720189179,6.40325083301788,0.0
ECU,2022,,,
ECU,2023,,,
ECU,2024,,,
ECU,2025,,,
EGY,1960,,,
EGY,1961,,,
EGY,1962,,,
EGY,1963,,,
EGY,1964,,,
EGY,1965,,,
EGY,1966,,,
EGY,1967,,,
EGY,1968,,,
EGY,1969,,,
EGY,1970,1.717488987232,1.35975091695316,0.0141167286619055
EGY,1971,1.8233715235268,1.51778650321548,0.0144310446332453
EGY,1972,1.73987602534551,1.41414965534595,0.0110553815433673
EGY,1973,1.7873698784169,1.39607975350548,0.0124268210668292
EGY,1974,6.58972626618201,5.88631020930284,0.234924800289749
EGY,1975,7.95165848581456,7.24294064094708,0.245287511495125
EGY,1976,10.1700915974632,9.70584745111108,0.103076559275663
EGY,1977,12.9096830272669,12.1647429097968,0.199392880872931
EGY,1978,14.8651776417439,14.1098795600338,0.0520375064091478
EGY,1979,29.9127584877985,29.2321387639113,0.0450551388572457
EGY,1980,32.5093693392504,31.6900821803862,0.0718878490563844
EGY,1981,28.5112386391137,27.7019088190168,0.0828394747194636
EGY,1982,21.3062057333095,20.3145855308392,0.0689865991770061
EGY,1983,20.4232098920794,19.5698422151813,0.0481323801194725
EGY,1984,20.6121950721427,19.7968763673517,0.0341176824849661
EGY,1985,18.6372570774192,18.1234335527381,0.0388828905246225
EGY,1986,8.60401133977456,7.79500738712299,0.0276716699643082
EGY,1987,12.859427934188,12.0356801339419,0.0268298370862249
EGY,1988,12.0343641392084,11.0202881461945,0.0274374307165028
EGY,1989,14.8471423983394,13.8923262424621,0.0355532086228834
EGY,1990,17.9211287120304,16.9450404713831,0.0459568653562189
EGY,1991,12.9306376458796,11.7662441097498,0.0365613904648164
EGY,1992,12.1351588413858,11.1221302701088,0.0437768946218642
EGY,1993,10.7877785784954,9.87234453989827,0.0248172589678904
EGY,1994,8.80666206209043,7.89742762113067,0.0156121850478584
EGY,1995,8.46293557504675,7.50906073379094,0.0131293718550867
EGY,1996,9.35519973587659,8.40318332983217,0.0163292304660992
EGY,1997,6.97273046538769,6.09921817559871,0.0153523678026593
EGY,1998,4.33399828725849,3.42870521918816,0.0402208069832633
EGY,1999,5.93374872989679,5.19186775765069,0.027137317018381
EGY,2000,7.41974591133175,6.47222160611776,0.0130912613990578
EGY,2001,6.46938580220137,5.17066273278314,0.0238511839077044
EGY,2002,7.30037527584326,5.90580704386046,0.021749873798385
EGY,2003,9.13743176464721,7.50637371077042,0.0190720913893449
EGY,2004,11.3771125904479,9.49448631419397,0.0153400376478508
EGY,2005,14.464485213491,11.8509312061057,0.0486708417393921
EGY,2006,14.8463875493972,11.7296934107586,0.0612878709250083
EGY,2007,13.5101746020733,10.7818588338143,0.0966122421911583
EGY,2008,15.5824855619458,12.4545677729971,0.693023407802065
EGY,2009,9.1307819389596,6.24755741424533,0.619163373480266
EGY,2010,9.45061556541184,7.41778712942652,0.214767137416821
EGY,2011,12.3388401952225,9.74186285549743,0.468680136986449
EGY,2012,10.7454978351353,8.38345897037217,0.501480973530533
EGY,2013,9.78188256424924,7.82863019779494,0.284318834974563
EGY,2014,8.43222797439408,6.82340013626772,0.182287318747029
EGY,2015,4.12906894708286,3.05526433674059,0.125986889944651
EGY,2016,3.20908060820144,2.35006516963224,0.176063334468341
EGY,2017,5.69886428656261,4.12683269397819,0.213844527771503
EGY,2018,7.59656355901849,5.47658822874947,0.073788825824687
EGY,2019,5.72496131230483,3.8819618632175,0.0
EGY,2020,3.25774327235436,1.85770095140202,0.0
EGY,2021,5.1391200748227,2.98581458250197,0.0
EGY,2022,,,
EGY,2023,,,
EGY,2024,,,
EGY,2025,,,
EMU,1960,,,
EMU,1961,,,
EMU,1962,,,
EMU,1963,,,
EMU,1964,,,
EMU,1965,,,
EMU,1966,,,
EMU,1967,,,
EMU,1968,,,
EMU,1969,,,
EMU,1970,0.224168830318704,0.00233682596882549,0.0255410812080532
EMU,1971,0.220926458521782,0.00575191877391462,0.0175278615322486
EMU,1972,0.214652075368507,0.00663858878726727,0.0155206729146294
EMU,1973,0.239162122857087,0.00926258706917102,0.0363268505633445
EMU,1974,0.399234829705685,0.0509815966817274,0.0453176279701942
EMU,1975,0.525846943384375,0.0390136313833549,0.0123896895635262
EMU,1976,0.563082722153526,0.0387189824916618,0.0199484140863194
EMU,1977,0.475818988719581,0.0329692784493284,0.0159905183596882
EMU,1978,0.377629506129903,0.0270826145710706,0.0090188230067448
EMU,1979,0.435877212184637,0.0546897925016244,0.0152885388762879
EMU,1980,0.507652413409399,0.0656064753146362,0.0197290573973033
EMU,1981,0.57895533614623,0.0602763952774826,0.0122204942581839
EMU,1982,0.518707917098095,0.0413820082799808,0.0110584984212984
EMU,1983,0.441276125794769,0.0676016714614125,0.0103147279106005
EMU,1984,0.390472533142304,0.0718363443225787,0.00697413781092568
EMU,1985,0.401172824643972,0.0770145417987197,0.00584186478395322
EMU,1986,0.215531857682286,0.0225204099586729,0.00300394449481736
EMU,1987,0.14548793190797,0.0308780398283275,0.00290938072467541
EMU,1988,0.152068828304526,0.0221868592534611,0.024907826497021
EMU,1989,0.182830128039087,0.0319119679171415,0.028735576457935
EMU,1990,0.179034162616214,0.0335910841318761,0.00899455475197654
EMU,1991,0.114041827093491,0.0152762722948702,0.00765152944468537
EMU,1992,0.0881219337321453,0.0142886071674597,0.00718909187874634
EMU,1993,0.0991685722025532,0.0144356550256079,0.00416546006655159
EMU,1994,0.0913312731090807,0.0127843164369541,0.00472138092608936
EMU,1995,0.115396476937746,0.0133950136291444,0.00430161456053005
EMU,1996,0.119275154656517,0.0177536239475406,0.00213345805671518
EMU,1997,0.115952438093357,0.0149448325959368,0.00274370284789021
EMU,1998,0.0602857948833151,0.00432415128572067,0.00115984225189038
EMU,1999,0.0629738893270321,0.0116831268274259,0.00152032924116802
EMU,2000,0.121724061759973,0.0270603064079831,0.00221136896722154
EMU,2001,0.157166656244942,0.0192828551500195,0.000752365722502543
EMU,2002,0.1274256574734,0.0212111580208394,0.00094489499372249
EMU,2003,0.114360317441757,0.0203943458876556,0.00074511861767063
EMU,2004,0.122860210216971,0.0228827885393312,0.00305657652686382
EMU,2005,0.119992301330107,0.0321784067443528,0.00487035537951055
EMU,2006,0.165554910937047,0.0336865372588556,0.0150759757185104
EMU,2007,0.168296328391595,0.0340659546626161,0.0183958433308002
EMU,2008,0.242619436075858,0.0423055866796438,0.00809348597573529
EMU,2009,0.150917501994961,0.0220232344136371,0.00384434146066453
EMU,2010,0.184772112414013,0.0274476409348012,0.0115504763742908
EMU,2011,0.226015866233761,0.0418271084898619,0.0130831188852687
EMU,2012,0.216680144520865,0.0444324445598398,0.0137794362127683
EMU,2013,0.193570927574647,0.0408064381060957,0.0086258290387419
EMU,2014,0.15106937705684,0.0393575474593762,0.00639549806616599
EMU,2015,0.108422885950611,0.0186532263832733,0.00361691184014516
EMU,2016,0.0849035229759207,0.0113374823941874,0.00393545311742228
EMU,2017,0.0981515780870078,0.0171281344199534,0.00816489602480457
EMU,2018,0.121111947809602,0.026624150760082,0.00786122786886068
EMU,2019,0.0986369309076314,0.0226330890261694,0.0129934868274922
EMU,2020,0.0729255257732188,0.0132057225881042,0.0134985266749847
EMU,2021,0.119321654703038,0.0269377589877099,0.0163200176175648
EMU,2022,,,
EMU,2023,,,
EMU,2024,,,
EMU,2025,,,
ERI,1960,,,
ERI,1961,,,
ERI,1962,,,
ERI,1963,,,
ERI,1964,,,
ERI,1965,,,
ERI,1966,,,
ERI,1967,,,
ERI,1968,,,
ERI,1969,,,
ERI,1970,,,
ERI,1971,,,
ERI,1972,,,
ERI,1973,,,
ERI,1974,,,
ERI,1975,,,
ERI,1976,,,
ERI,1977,,,
ERI,1978,,,
ERI,1979,,,
ERI,1980,,,
ERI,1981,,,
ERI,1982,,,
ERI,1983,,,
ERI,1984,,,
ERI,1985,,,
ERI,1986,,,
ERI,1987,,,
ERI,1988,,,
ERI,1989,,,
ERI,1990,,,
ERI,1991,,,
ERI,1992,0.0,0.0,0.0
ERI,1993,5.38915220289485,0.0,0.0
ERI,1994,6.08521291013447,0.0,0.0694719955404775
ERI,1995,8.86572432741363,0.0,0.0142755358019345
ERI,1996,7.70881214712379,0.0,0.0507415496165848
ERI,1997,7.71804405641843,0.0,0.194796200910171
ERI,1998,7.64973794016653,0.0,0.133854767997926
ERI,1999,4.92817247943917,0.0,0.0964827400906808
ERI,2000,4.92225490549683,0.0,0.0765427492085766
ERI,2001,4.51420535244362,0.0,0.0287429038263754
ERI,2002,3.09853412022536,0.0,0.0
ERI,2003,4.52985692591209,0.0,0.0
ERI,2004,3.2592329853456,0.0,0.00375311022046128
ERI,2005,3.27617159606179,0.0,0.0053283500262208
ERI,2006,2.81942129990668,0.0,0.0135063317087056
ERI,2007,3.96277101960281,0.0,0.0141651728193634
ERI,2008,4.28450780281294,0.0,0.0177377732232871
ERI,2009,2.40173936826907,0.0,0.015535992266264
ERI,2010,2.52187707517148,0.0,0.0390277466462253
ERI,2011,26.9562621368195,0.0,24.6305983607814
ERI,2012,,,
ERI,2013,,,
ERI,2014,,,
ERI,2015,,,
ERI,2016,,,
ERI,2017,,,
ERI,2018,,,
ERI,2019,,,
ERI,2020,,,
ERI,2021,,,
ERI,2022,,,
ERI,2023,,,
ERI,2024,,,
ERI,2025,,,
ESP,1960,,,
ESP,1961,,,
ESP,1962,,,
ESP,1963,,,
ESP,1964,,,
ESP,1965,,,
ESP,1966,,,
ESP,1967,,,
ESP,1968,,,
ESP,1969,,,
ESP,1970,0.200852856603392,0.000309180389037009,0.0642976447970917
ESP,1971,0.167307776439676,0.000751735273751428,0.0461627438658598
ESP,1972,0.157025643092064,0.000972580042315746,0.0381394288272249
ESP,1973,0.251069680522002,0.0073758389436776,0.12208476706629
ESP,1974,0.366228211566562,0.0934819346316966,0.141580602004488
ESP,1975,0.287573268344951,0.0751290617417776,0.0234115513072224
ESP,1976,0.311582687605204,0.0693319729400274,0.0415408621574531
ESP,1977,0.261397051385052,0.0364086084503603,0.0298436084432614
ESP,1978,0.204271239411029,0.0304238690484626,0.0146265831391818
ESP,1979,0.235665069507107,0.0659562151230207,0.0409368602114917
ESP,1980,0.335313680235964,0.105539264504287,0.0588009343330826
ESP,1981,0.400501071264279,0.0747455064052639,0.0271299610206593
ESP,1982,0.444033924753219,0.0606352635901885,0.0213703850127104
ESP,1983,0.435796494760506,0.17561908092457,0.0239347800409138
ESP,1984,0.309352018421522,0.135159181160029,0.0191528634112389
ESP,1985,0.305277189146476,0.123024307047344,0.00730979816278591
ESP,1986,0.140329509284064,0.0300095188793966,0.00557883296121911
ESP,1987,0.120274852933233,0.0345726795191224,0.0105147962079327
ESP,1988,0.229810581085791,0.0202193083988981,0.140774065064778
ESP,1989,0.235863454347838,0.0205019528481669,0.134045022417538
ESP,1990,0.122231621587361,0.0167206636998013,0.0348207462770827
ESP,1991,0.0740234634169925,0.0101230266230823,0.0118360151349974
ESP,1992,0.0710958442136433,0.010093392985894,0.0209182406305504
ESP,1993,0.0684269648424224,0.00951360739945483,0.0160749140503186
ESP,1994,0.0693014802806082,0.00775275971516993,0.0160895247082703
ESP,1995,0.0686967264705577,0.00602862336515047,0.0127272866680834
ESP,1996,0.0597282400578273,0.00635738039084368,0.0070443080445244
ESP,1997,0.0533980108042393,0.00398432240534943,0.00964884197572713
ESP,1998,0.0425809928170245,0.00166037225965447,0.00346867413199905
ESP,1999,0.0392908717334236,0.00273743900423912,0.00394019798425575
ESP,2000,0.0499266682860174,0.00483506048624317,0.00693067970674643
ESP,2001,0.0564405854963142,0.00613482338950114,0.00247725806163817
ESP,2002,0.0459379332028074,0.00442561378158089,0.00215299848149134
ESP,2003,0.037680043973568,0.0040117888311546,0.00127951900827998
ESP,2004,0.0468983599455063,0.00366544467175599,0.00147375994031724
ESP,2005,0.0365129860316234,0.00327446558405552,0.00243183131753642
ESP,2006,0.0437611139022438,0.00291549084293319,0.00809150065294647
ESP,2007,0.0522545246245296,0.00284664503508467,0.0136510189388135
ESP,2008,0.0651768808604099,0.00337447126882851,0.00391674869038538
ESP,2009,0.0353108280972567,0.00165951114306765,0.000640180458388312
ESP,2010,0.058346056568316,0.00221763143856513,0.0139881601793812
ESP,2011,0.065256205028861,0.00288179859277689,0.0214589072174111
ESP,2012,0.0730629225763844,0.00442660598571279,0.0355228559044684
ESP,2013,0.0627348719312166,0.010347316151723,0.0233442583481522
ESP,2014,0.0606477510711108,0.00790863464865165,0.0211391249884552
ESP,2015,0.0478922611851597,0.00293077580087329,0.0142370942540763
ESP,2016,0.0419317249195144,0.00132927314332369,0.013036681679736
ESP,2017,0.0530656069147325,0.00163989363655383,0.0262287721233401
ESP,2018,0.0630077839936006,0.00176491249464509,0.0298408417940036
ESP,2019,0.0390101070611282,0.000744000510159429,0.01641471391084
ESP,2020,0.0381216045324834,0.000295734987987405,0.0182082095958886
ESP,2021,0.115181021827658,0.000151493558291056,0.0964957986887776
ESP,2022,,,
ESP,2023,,,
ESP,2024,,,
ESP,2025,,,
EST,1960,,,
EST,1961,,,
EST,1962,,,
EST,1963,,,
EST,1964,,,
EST,1965,,,
EST,1966,,,
EST,1967,,,
EST,1968,,,
EST,1969,,,
EST,1970,,,
EST,1971,,,
EST,1972,,,
EST,1973,,,
EST,1974,,,
EST,1975,,,
EST,1976,,,
EST,1977,,,
EST,1978,,,
EST,1979,,,
EST,1980,,,
EST,1981,,,
EST,1982,,,
EST,1983,,,
EST,1984,,,
EST,1985,,,
EST,1986,,,
EST,1987,,,
EST,1988,,,
EST,1989,,,
EST,1990,,,
EST,1991,,,
EST,1992,,,
EST,1993,,,
EST,1994,,,
EST,1995,2.64981707043685,1.01486539396069,0.0
EST,1996,3.00258069293899,1.27526802566813,0.0
EST,1997,2.62444465199781,0.875477580930388,0.0
EST,1998,1.8202080731949,0.233221617830374,0.0
EST,1999,2.47448277833037,0.648546109503094,0.0
EST,2000,3.70912820498125,1.53035528821004,0.0
EST,2001,3.07450444050124,0.940432350616132,0.0
EST,2002,2.45691096430562,0.769330159854059,0.0
EST,2003,2.15205960424891,0.628213867743043,0.0
EST,2004,1.59775319590382,0.718607971781233,0.0
EST,2005,1.64237514078297,1.00907540024629,0.0
EST,2006,1.6462991032879,1.05803169914904,0.0
EST,2007,1.57597594549786,1.12130367695077,0.0
EST,2008,2.09539172697282,1.58302746810645,0.0
EST,2009,1.57891685450342,0.956769785029067,0.0
EST,2010,1.55961226751735,0.720826423519741,0.0
EST,2011,1.78519042769438,0.895652000201936,0.0
EST,2012,1.97052610513419,1.01314866161022,0.0
EST,2013,1.79924267656066,0.908405977818845,0.0
EST,2014,1.76557781311429,0.967779937618074,0.0
EST,2015,1.44592002735328,0.577870298883675,0.0
EST,2016,1.24687276023764,0.395237695104046,0.0
EST,2017,1.73343641223467,0.648969670439222,0.0
EST,2018,2.01785330968871,0.995460170965617,0.0
EST,2019,1.80772963579084,0.924587689843327,0.0
EST,2020,1.43024326219824,0.480973513029608,0.0
EST,2021,1.72122598420606,0.962229214145247,0.0
EST,2022,,,
EST,2023,,,
EST,2024,,,
EST,2025,,,
ETH,1960,,,
ETH,1961,,,
ETH,1962,,,
ETH,1963,,,
ETH,1964,,,
ETH,1965,,,
ETH,1966,,,
ETH,1967,,,
ETH,1968,,,
ETH,1969,,,
ETH,1970,,,
ETH,1971,,,
ETH,1972,,,
ETH,1973,,,
ETH,1974,,,
ETH,1975,,,
ETH,1976,,,
ETH,1977,,,
ETH,1978,,,
ETH,1979,,,
ETH,1980,,,
ETH,1981,13.1396723666779,0.0,0.0357477026923946
ETH,1982,18.1720808264592,0.0,0.0209194113116198
ETH,1983,10.6705766978567,0.0,0.0306197855760234
ETH,1984,10.6962785807802,0.0,0.0343599932933373
ETH,1985,6.86322788146794,0.0,0.0281827060708352
ETH,1986,10.6328387296923,0.0,0.0319892070434587
ETH,1987,9.57484249756432,0.0,0.0313964826893934
ETH,1988,10.3883824891145,0.0,0.0282912692128513
ETH,1989,10.2290749794811,0.0,0.0162933347648922
ETH,1990,11.8988696565845,0.0,0.0153460310846791
ETH,1991,11.2321022643269,0.0,0.0603511071084242
ETH,1992,15.0800651640453,0.0,0.0635858047653343
ETH,1993,14.691573958175,0.0,0.141804254359262
ETH,1994,22.9178919826443,0.0,0.167468676716365
ETH,1995,31.6493035662108,0.0,0.0821179079325106
ETH,1996,28.6687356738762,0.0,0.105023185856673
ETH,1997,27.0792852651477,0.0,0.0763187583625549
ETH,1998,31.2141341594085,0.0,0.0556895818565308
ETH,1999,19.6036651165619,0.0,0.0793000058613617
ETH,2000,18.4852654796037,0.0,0.128654580125834
ETH,2001,18.1488127694134,0.0,0.127735991152237
ETH,2002,23.1893231496073,0.0,0.175343492663719
ETH,2003,36.1413210442662,0.0,0.0811136221682243
ETH,2004,27.810993348368,0.0,0.0430245623456206
ETH,2005,23.4931936600342,0.0,0.0690212146807151
ETH,2006,18.828854826567,0.0,0.144218575298411
ETH,2007,21.9115368349794,0.0,0.138498847152681
ETH,2008,18.7793493652542,0.00896601037346542,0.105336515691304
ETH,2009,16.4317377452986,0.00356799829063055,0.118868129460701
ETH,2010,15.8199957578791,0.00585567747283122,0.281800575724129
ETH,2011,17.4282532150132,0.00817466949683841,0.704513480541926
ETH,2012,14.9281805721075,0.00581501263991497,0.54884423822428
ETH,2013,14.0104012014584,0.00790396796314875,0.343869213386082
ETH,2014,13.3844820157845,0.0067708864607757,0.22916319835117
ETH,2015,12.1932229078984,0.00285682989554231,0.112168490610375
ETH,2016,11.2339790417281,0.00272401031151283,0.118963294088809
ETH,2017,9.87787063669115,0.0,0.112045765891954
ETH,2018,6.36887574699294,0.0,0.0361203941244651
ETH,2019,5.50373971369559,0.0,0.027894091470397
ETH,2020,5.49770060254135,0.0,0.0846223803550529
ETH,2021,5.86707347361267,0.0,0.264587228725472
ETH,2022,,,
ETH,2023,,,
ETH,2024,,,
ETH,2025,,,
EUU,1960,,,
EUU,1961,,,
EUU,1962,,,
EUU,1963,,,
EUU,1964,,,
EUU,1965,,,
EUU,1966,,,
EUU,1967,,,
EUU,1968,,,
EUU,1969,,,
EUU,1970,0.252337465465376,0.00233682596882549,0.0285386141238371
EUU,1971,0.244742951923892,0.00530680098616741,0.0196339164354863
EUU,1972,0.231896637599955,0.00617155796511888,0.0172762254376367
EUU,1973,0.269427683324236,0.00866058775751346,0.0430064256884621
EUU,1974,0.424461754728185,0.0475885169745751,0.0532731450557148
EUU,1975,0.525999865293622,0.0364535958162471,0.0137994711528943
EUU,1976,0.561409547162971,0.0361785429969521,0.0259279811031734
EUU,1977,0.470799485899725,0.0317472198592583,0.0201425129725984
EUU,1978,0.380986253950534,0.0260534069481552,0.010449848193959
EUU,1979,0.439677764579378,0.0527149354041221,0.01849517921178
EUU,1980,0.513178685872769,0.0629116165134066,0.0261192688083874
EUU,1981,0.580450837215939,0.0595350019871008,0.0164350024721183
EUU,1982,0.530779298024578,0.0436076650906621,0.0163083457572837
EUU,1983,0.455936752515019,0.0716198033516767,0.0149928305080729
EUU,1984,0.404146555544593,0.076677791813415,0.0113746502081568
EUU,1985,0.420605064733779,0.0841910291682573,0.0111614287324515
EUU,1986,0.231056910530139,0.0253563581984967,0.00462557320501032
EUU,1987,0.200458274345636,0.0511254978586725,0.0068843246368257
EUU,1988,0.219112212964032,0.0352528398856883,0.0504445125583553
EUU,1989,0.254707436239575,0.0527445689362825,0.0533366276399126
EUU,1990,0.269067161305827,0.0553110720844756,0.0238127699545706
EUU,1991,0.180349557863144,0.0276094800430479,0.0152213091081341
EUU,1992,0.145373711331176,0.02696939893519,0.0145038199840192
EUU,1993,0.156075166303936,0.0282011210121556,0.0106460927236388
EUU,1994,0.141103677392268,0.025847385582884,0.0120969329648976
EUU,1995,0.171461440772635,0.0257634060482862,0.013119216979481
EUU,1996,0.172291096368739,0.0344331089189557,0.00652129484842109
EUU,1997,0.17018661804863,0.0295344772454034,0.0102810736438847
EUU,1998,0.0910017790002723,0.00879301342672202,0.00461965500617598
EUU,1999,0.101819623310788,0.0282466886778376,0.0043240299290145
EUU,2000,0.197256541382434,0.0694553325183413,0.00707390791058408
EUU,2001,0.231697134343541,0.0489402485087476,0.00357331889335046
EUU,2002,0.189361405810561,0.0503146852587824,0.00269033585463574
EUU,2003,0.171632932919268,0.0480167914843984,0.00269782759040415
EUU,2004,0.210839359824072,0.0566613335444028,0.0105137849557662
EUU,2005,0.220465201522121,0.0777041154373545,0.0169776039005317
EUU,2006,0.283834397850816,0.078537935664862,0.0430601282216982
EUU,2007,0.281715891564002,0.0735640465538334,0.0475177730690001
EUU,2008,0.408324243931979,0.0914308346238383,0.0288094995460339
EUU,2009,0.236128297272111,0.0492669048373551,0.0151375059912057
EUU,2010,0.421411971673334,0.0568679478712246,0.156634254801538
EUU,2011,0.540330011369214,0.0827361119137596,0.214154815287199
EUU,2012,0.437238437614125,0.0834943281491563,0.146287622320376
EUU,2013,0.381416273150475,0.0725044782559913,0.132013957252083
EUU,2014,0.325323528113932,0.0666076125469486,0.123180129104261
EUU,2015,0.190923338670574,0.0314962958347026,0.0426777653684827
EUU,2016,0.193954594590723,0.0207076473480792,0.0754697462819447
EUU,2017,0.265411080454523,0.0298803159443198,0.127859128096545
EUU,2018,0.282319440731578,0.0435684122392017,0.114426890245904
EUU,2019,0.158542270568313,0.0373307373979044,0.0261419527511541
EUU,2020,0.119946318869134,0.019664101322675,0.025932252061879
EUU,2021,0.227717894235874,0.0402097693851138,0.0723520827870461
EUU,2022,,,
EUU,2023,,,
EUU,2024,,,
EUU,2025,,,
FCS,1960,,,
FCS,1961,,,
FCS,1962,,,
FCS,1963,,,
FCS,1964,,,
FCS,1965,,,
FCS,1966,,,
FCS,1967,,,
FCS,1968,,,
FCS,1969,,,
FCS,1970,2.67044450725961,,1.25521961142787
FCS,1971,6.46647758705107,4.17438790942087,0.940880430947244
FCS,1972,6.70423142277811,4.28346858025708,1.04017897860675
FCS,1973,10.112063857707,6.38685919962759,1.84139984221222
FCS,1974,28.7732788201939,25.7522735926561,1.55968116233242
FCS,1975,22.8513895987936,20.3579815529094,0.756400660509714
FCS,1976,21.7475988724184,19.5836897037317,0.712044319008505
FCS,1977,20.920572225037,18.3444661488932,0.604455588758445
FCS,1978,19.1936863207908,16.7224406988405,0.529362428326379
FCS,1979,2.21929152844851,,0.637638655678554
FCS,1980,30.3981864911183,27.9777556371468,0.657356729733727
FCS,1981,11.9151166443018,10.2345576203861,0.356527387214337
FCS,1982,8.49598670507195,6.40734444577115,0.295249869709124
FCS,1983,11.3333266838756,9.39027830271111,0.394682802128775
FCS,1984,13.5169705330174,11.585758902083,0.352478576348908
FCS,1985,13.714474568119,12.000863524056,0.399224386761461
FCS,1986,8.36671244484837,5.9649582536201,0.374953356514966
FCS,1987,10.4730308661535,8.30886602983134,0.426702115561459
FCS,1988,9.31098276626446,7.04627288564442,0.599807452853121
FCS,1989,14.170547915724,11.7810775453833,0.582392027068055
FCS,1990,14.0571116827222,11.9305426763233,0.300352949341696
FCS,1991,10.8548658410486,7.89176180934708,0.406591344749854
FCS,1992,13.1033736518726,9.39485884981539,0.885898738606385
FCS,1993,15.0597928789549,11.7259652990654,0.451281392062694
FCS,1994,17.0971695475423,13.3022635359187,0.419724732901275
FCS,1995,16.998452884512,12.3356944035507,0.302268848548527
FCS,1996,18.9053956750958,14.4313947234273,0.224650898382034
FCS,1997,16.2201450234138,12.5157709616934,0.121603406542826
FCS,1998,11.1624079920152,7.38101367245502,0.12037270591911
FCS,1999,13.5944010673421,11.3383981988679,0.0832927760599432
FCS,2000,20.9053997690262,18.7050712518013,0.11264710656986
FCS,2001,16.943740132053,14.5377011514335,0.0894342776319982
FCS,2002,16.7146334077416,13.9710794366935,0.145498628492101
FCS,2003,17.5561440164646,13.7687815682012,0.145302579564814
FCS,2004,20.1629361722221,17.2118404060306,0.191804350204718
FCS,2005,23.6400841753552,20.8659931001681,0.420136501772095
FCS,2006,23.0732053965073,20.2445208291379,0.592702184328588
FCS,2007,21.0780851953002,17.876912983114,0.816627859915815
FCS,2008,23.7730542134615,20.354255134872,0.801572586572695
FCS,2009,14.4395782179848,11.6517633949165,0.379548595523769
FCS,2010,17.0164933857833,14.150248978486,0.803741636260097
FCS,2011,21.8095745966589,18.2063306080431,1.08217176473106
FCS,2012,20.2141655084573,17.2088114468355,0.646414856530477
FCS,2013,17.2125275026033,14.2210849811413,0.583072233058198
FCS,2014,14.7611831101167,11.6747176525678,0.443169786380807
FCS,2015,10.2066362991927,6.66477422776072,0.273286422382664
FCS,2016,9.95323238593445,6.11991061388073,0.409012252084523
FCS,2017,12.9051992785563,8.74248241917438,0.644368928229931
FCS,2018,15.4513454698165,11.9819250309044,0.624275622620407
FCS,2019,12.9197795039031,10.0524807634499,0.384588585016574
FCS,2020,8.27250804751747,5.15352419741328,0.530506366169125
FCS,2021,15.6015824816738,9.71924359325842,2.68139313816981
FCS,2022,,,
FCS,2023,,,
FCS,2024,,,
FCS,2025,,,
FIN,1960,,,
FIN,1961,,,
FIN,1962,,,
FIN,1963,,,
FIN,1964,,,
FIN,1965,,,
FIN,1966,,,
FIN,1967,,,
FIN,1968,,,
FIN,1969,,,
FIN,1970,1.79143661882966,,0.325802368759018
FIN,1971,1.40822782841568,0.0,0.182123235966511
FIN,1972,1.37951760867184,0.0,0.178215204067437
FIN,1973,1.79907749084033,0.0,0.379140419702039
FIN,1974,1.58802036211735,0.0,0.380707634850676
FIN,1975,0.976968261281939,0.0,0.104197456591421
FIN,1976,0.985244759974177,0.0,0.135203051937527
FIN,1977,0.911445297862763,0.0,0.105840529844677
FIN,1978,1.1593763483139,0.0,0.0659675836911209
FIN,1979,1.33995968446268,0.0,0.112830521438619
FIN,1980,1.31648932489835,0.0,0.136360650327025
FIN,1981,1.05719351945914,0.0,0.0762087684682919
FIN,1982,0.863517520141259,0.0,0.0553178157055324
FIN,1983,0.811356141631768,0.0,0.0662322342640622
FIN,1984,0.682139574808794,0.0,0.0351066280468957
FIN,1985,0.760229337413366,0.0,0.0361427027184526
FIN,1986,0.651283128320636,0.0,0.0172181200156775
FIN,1987,0.56625856267363,0.0,0.0181834097048342
FIN,1988,0.549989127256159,0.0,0.0446284469696382
FIN,1989,0.629706678634877,0.0,0.099078976890464
FIN,1990,0.475620342660453,0.0,0.0366010629287389
FIN,1991,0.343545260155057,0.0,0.0452917954216005
FIN,1992,0.428508753501781,0.0,0.0418557256972252
FIN,1993,0.548937084834305,0.0,0.0266039670021684
FIN,1994,0.535854943321484,0.0,0.0194284568258961
FIN,1995,0.477442011829331,0.0,0.016790430332325
FIN,1996,0.473774436738532,0.0,0.01405763813248
FIN,1997,0.470510849347003,0.0,0.0292886609623288
FIN,1998,0.45018798623578,0.0,0.0143944410379659
FIN,1999,0.399618675381251,0.0,0.022966988525493
FIN,2000,0.427730998837703,0.0,0.0229423943544132
FIN,2001,0.37056723983058,0.0,0.00155901679470144
FIN,2002,0.420392710098672,0.0,0.0112387831716487
FIN,2003,0.373953038327913,0.0,0.0158081124150463
FIN,2004,0.300645302149173,0.000189469423886904,0.0344008520434289
FIN,2005,0.29800251042124,0.00118934851858091,0.0462401384674904
FIN,2006,0.373378489658387,0.00235658390019934,0.105546886019445
FIN,2007,0.414692568635928,0.0,0.103473990479585
FIN,2008,0.387209365736691,0.0,0.0973000473486769
FIN,2009,0.333184977389939,0.0,0.0806358905411379
FIN,2010,0.504266194230253,0.0351012330705767,0.14674086949288
FIN,2011,0.532649114502575,0.0362541272728247,0.191800290602006
FIN,2012,0.577535778021198,0.0475826843159529,0.23932516251574
FIN,2013,0.498563334062492,0.0522484933642708,0.129280420521769
FIN,2014,0.483087058776792,0.0536121904628334,0.0965710485835301
FIN,2015,0.445868402403852,0.0321566445749805,0.0669563371318421
FIN,2016,0.410118656271692,0.00498747892590695,0.0583982051447675
FIN,2017,0.453771651187102,0.0205287132946789,0.119924227964149
FIN,2018,0.563372986587861,0.0359430063476326,0.110866113285585
FIN,2019,0.365206984679912,0.0395237238079271,0.0169941990633999
FIN,2020,0.289254242774969,0.0208151367431629,0.0143024115186818
FIN,2021,0.448312840515242,0.0456314892036643,0.109078885852519
FIN,2022,,,
FIN,2023,,,
FIN,2024,,,
FIN,2025,,,
FJI,1960,,,
FJI,1961,,,
FJI,1962,,,
FJI,1963,,,
FJI,1964,,,
FJI,1965,,,
FJI,1966,,,
FJI,1967,,,
FJI,1968,,,
FJI,1969,,,
FJI,1970,0.341381423379229,,0.0
FJI,1971,0.347529482990979,,0.0
FJI,1972,0.411223899809158,,0.0
FJI,1973,0.986187861922764,,0.340227726263841
FJI,1974,1.2862120480837,,0.774673693496153
FJI,1975,1.0463886752629,,0.54066555854403
FJI,1976,0.603257070745698,,0.154334211163026
FJI,1977,0.694238598835159,,0.208565228023631
FJI,1978,0.640093719989379,,0.192627621306792
FJI,1979,1.12147574995787,,0.449870274764243
FJI,1980,1.73712924501969,0.0,0.927575740458954
FJI,1981,1.24917068379175,0.0,0.730071175672314
FJI,1982,1.56821509782448,0.0,0.817299020268395
FJI,1983,1.55562390426027,0.0,0.94445216683359
FJI,1984,1.25584276823085,0.0,0.847543432025336
FJI,1985,1.34618422393373,0.0,0.866131626339039
FJI,1986,1.83131326363367,0.0,1.36376461813495
FJI,1987,2.73069882896635,0.0,1.98192482842399
FJI,1988,2.86188507834527,0.0,2.07949997962336
FJI,1989,2.78973074224643,0.0,2.02319345803982
FJI,1990,2.31732785234699,0.0,1.69030390818113
FJI,1991,1.25066721845851,0.0,0.719009780474153
FJI,1992,1.01941886766278,0.0,0.550346583407804
FJI,1993,1.54084596715978,0.0,0.582416562527847
FJI,1994,1.54786137982302,0.0,0.687055133076444
FJI,1995,1.49975967108146,0.0,0.58523386889858
FJI,1996,1.42317510807677,0.0,0.524863049925909
FJI,1997,1.18720827360422,0.0,0.435359837334568
FJI,1998,1.27545710119728,0.0,0.420758277118292
FJI,1999,0.845075902002454,0.0,0.395960754724495
FJI,2000,1.07777201084513,0.0,0.474080642358969
FJI,2001,1.07343983857448,0.0,0.444216372793902
FJI,2002,0.989507047320979,0.0,0.516580758343709
FJI,2003,1.03387640421008,0.0,0.463739515727251
FJI,2004,0.87757995038836,0.0,0.521507989873428
FJI,2005,0.947750804242416,0.0,0.49385897439813
FJI,2006,0.974664114288517,0.0,0.501825408425044
FJI,2007,0.715096151401214,0.0,0.219696221996603
FJI,2008,0.880454237005127,0.0,0.259287172970978
FJI,2009,1.17588302712276,0.0,0.497807906772264
FJI,2010,2.20907223915836,0.0,1.10422228776011
FJI,2011,1.96316771746732,0.0,1.04900712995513
FJI,2012,2.02960687281076,0.0,1.14080955796933
FJI,2013,1.35539287248447,0.0,0.515173924299496
FJI,2014,1.17576954969857,0.0,0.376605837278412
FJI,2015,1.040825064872,0.0,0.312966359793855
FJI,2016,1.01936465398214,0.0,0.35691144765048
FJI,2017,1.26650249477929,0.0,0.35164561637814
FJI,2018,1.19164257504239,0.0,0.32414700542396
FJI,2019,1.15438142466978,0.0,0.312629925115531
FJI,2020,1.45148578020456,0.0,0.47958280802081
FJI,2021,2.25290361305504,0.0,1.12613724018633
FJI,2022,,,
FJI,2023,,,
FJI,2024,,,
FJI,2025,,,
FRA,1960,,,
FRA,1961,,,
FRA,1962,,,
FRA,1963,,,
FRA,1964,,,
FRA,1965,,,
FRA,1966,,,
FRA,1967,,,
FRA,1968,,,
FRA,1969,,,
FRA,1970,0.165243990664632,0.00124452612770399,0.017421705519001
FRA,1971,0.153388104001666,0.0030800470267067,0.0146341210202852
FRA,1972,0.144655041652752,0.00302996080912415,0.0122393535315959
FRA,1973,0.155711803353307,0.00389684506899294,0.0104038232868111
FRA,1974,0.222204094885694,0.0220510106841115,0.0220395305155763
FRA,1975,0.23819992279653,0.0150499049491404,0.0105111074058694
FRA,1976,0.261759986410474,0.0149040522622061,0.0272408965881632
FRA,1977,0.236313167090531,0.0139991002675884,0.0205958273344359
FRA,1978,0.181463487898576,0.0115039459046364,0.00966915015784703
FRA,1979,0.205052099813548,0.0244140794065056,0.0103802952541595
FRA,1980,0.229679691046608,0.0318838289177756,0.0154062057824675
FRA,1981,0.230375521671748,0.0343612475061328,0.00845852613232055
FRA,1982,0.218949481629405,0.0220183215603602,0.0141312963538579
FRA,1983,0.192763328252843,0.0308360670902061,0.0116191531355967
FRA,1984,0.179168650759661,0.040406531375115,0.00890185046763222
FRA,1985,0.181989783452519,0.0503734120435526,0.00798443407615297
FRA,1986,0.108746974133699,0.0158828404535354,0.0042549106008258
FRA,1987,0.09433877554629,0.0230614202248691,0.00322766077704658
FRA,1988,0.104634725693869,0.0167364755200005,0.00348169636752339
FRA,1989,0.12192231894149,0.0257003351850313,0.00372510055991362
FRA,1990,0.108864561864417,0.0266357974593468,0.00209192415172178
FRA,1991,0.0814254084445348,0.012641000783178,0.00213080747541085
FRA,1992,0.0765594874317265,0.012057977543871,0.00448845772954049
FRA,1993,0.0732149754192492,0.0118039460062411,0.00263622875179498
FRA,1994,0.0712423917220544,0.0102733020572934,0.00315020292638221
FRA,1995,0.0717262733028455,0.00879839432196906,0.0017614590092542
FRA,1996,0.0730726373087548,0.0105605201828983,0.00167199588550068
FRA,1997,0.0637182635031625,0.00775305185736033,0.00069857922369228
FRA,1998,0.0455132610372882,0.00220735244217791,0.000451090167949082
FRA,1999,0.0458447378471974,0.00601009551324445,0.000620909712024279
FRA,2000,0.0697444063968902,0.0128162153938784,0.000414116623984834
FRA,2001,0.0631486455288891,0.00936012963415914,0.000396138286589849
FRA,2002,0.0568378905466392,0.00830876294635966,0.00049109279852457
FRA,2003,0.0512489501024358,0.00737910136174695,0.00037699915829033
FRA,2004,0.0406259517392784,0.00810398257408497,0.000206076199611025
FRA,2005,0.0417272985494137,0.0111412257646513,0.000298559427163688
FRA,2006,0.0481575129756102,0.011867928639494,0.000581288296468117
FRA,2007,0.0484835332830561,0.0105907897754201,0.000624905015499963
FRA,2008,0.0539800650065068,0.014247070185208,0.00103942259758142
FRA,2009,0.049458614730346,0.00767614972487918,0.00127715152883219
FRA,2010,0.0546571274665138,0.00891753895773517,0.00136395896236241
FRA,2011,0.0486924296380263,0.0108192692036986,0.000264007930001232
FRA,2012,0.0483609619788124,0.0126937537821637,0.000290143238489028
FRA,2013,0.0481698364814291,0.0109314252317,0.000168557450175002
FRA,2014,0.0462251783929265,0.0094716180532004,0.000119124398037033
FRA,2015,0.040991340666787,0.00512462065631857,1.87555793173613e-05
FRA,2016,0.0401901593813067,0.00385165418531265,2.04491850940137e-05
FRA,2017,0.0362250443838789,0.00518662364090017,3.34505241784338e-05
FRA,2018,0.0429051117731693,0.00839113039243978,3.04938579184141e-05
FRA,2019,0.0337878193709454,0.00678260032752886,0.0
FRA,2020,0.0266318650223516,0.00329710789889294,0.0
FRA,2021,0.0325366370984223,0.0071021867060762,0.0
FRA,2022,,,
FRA,2023,,,
FRA,2024,,,
FRA,2025,,,
FRO,1960,,,
FRO,1961,,,
FRO,1962,,,
FRO,1963,,,
FRO,1964,,,
FRO,1965,,,
FRO,1966,,,
FRO,1967,,,
FRO,1968,,,
FRO,1969,,,
FRO,1970,,,
FRO,1971,,,
FRO,1972,,,
FRO,1973,,,
FRO,1974,,,
FRO,1975,,,
FRO,1976,,,
FRO,1977,,,
FRO,1978,,,
FRO,1979,,,
FRO,1980,,,
FRO,1981,,,
FRO,1982,,,
FRO,1983,,,
FRO,1984,,,
FRO,1985,,,
FRO,1986,,,
FRO,1987,,,
FRO,1988,,,
FRO,1989,,,
FRO,1990,,,
FRO,1991,,,
FRO,1992,,,
FRO,1993,,,
FRO,1994,,,
FRO,1995,,,
FRO,1996,,,
FRO,1997,,,
FRO,1998,0.0,0.0,0.0
FRO,1999,0.0,0.0,0.0
FRO,2000,0.0,0.0,0.0
FRO,2001,0.0,0.0,0.0
FRO,2002,0.0,0.0,0.0
FRO,2003,0.0,0.0,0.0
FRO,2004,0.0,0.0,0.0
FRO,2005,0.0,0.0,0.0
FRO,2006,0.0,0.0,0.0
FRO,2007,0.0,0.0,0.0
FRO,2008,0.0,0.0,0.0
FRO,2009,0.0,0.0,0.0
FRO,2010,0.0,0.0,0.0
FRO,2011,0.0,0.0,0.0
FRO,2012,0.0,0.0,0.0
FRO,2013,0.0,0.0,0.0
FRO,2014,0.0,0.0,0.0
FRO,2015,0.0,0.0,0.0
FRO,2016,0.0,0.0,0.0
FRO,2017,0.0,0.0,0.0
FRO,2018,0.0,0.0,0.0
FRO,2019,0.0,0.0,0.0
FRO,2020,0.0,0.0,0.0
FRO,2021,0.0,0.0,0.0
FRO,2022,,,
FRO,2023,,,
FRO,2024,,,
FRO,2025,,,
FSM,1960,,,
FSM,1961,,,
FSM,1962,,,
FSM,1963,,,
FSM,1964,,,
FSM,1965,,,
FSM,1966,,,
FSM,1967,,,
FSM,1968,,,
FSM,1969,,,
FSM,1970,,,
FSM,1971,,,
FSM,1972,,,
FSM,1973,,,
FSM,1974,,,
FSM,1975,,,
FSM,1976,,,
FSM,1977,,,
FSM,1978,,,
FSM,1979,,,
FSM,1980,,,
FSM,1981,,,
FSM,1982,,,
FSM,1983,0.0,,0.0
FSM,1984,,,
FSM,1985,,,
FSM,1986,0.0,,0.0
FSM,1987,0.0,,0.0
FSM,1988,0.0,,0.0
FSM,1989,0.0,,0.0
FSM,1990,0.0,,0.0
FSM,1991,0.0091588728439631,,0.0
FSM,1992,0.0119736769247535,,0.0
FSM,1993,0.00764338967129795,,0.0
FSM,1994,0.0102528244384257,,0.0
FSM,1995,0.0159058430691849,,0.0
FSM,1996,0.0171437488748058,,0.0
FSM,1997,0.0168466041476974,,0.0
FSM,1998,0.0129895155513943,,0.0
FSM,1999,0.00707232194232158,,0.0
FSM,2000,0.0074641058190842,,0.0
FSM,2001,0.00857109008570517,,0.0
FSM,2002,0.00973310065295731,,0.0
FSM,2003,0.0142734119946187,,0.0
FSM,2004,0.016520240050047,,0.0
FSM,2005,0.01068453390706,,0.0
FSM,2006,0.0124872726970928,,0.0
FSM,2007,0.0189088329318677,,0.0
FSM,2008,0.0319934852578765,,0.0
FSM,2009,0.0289115684176353,,0.0
FSM,2010,0.0272732816714997,,0.0
FSM,2011,0.0354254343191027,,0.0
FSM,2012,0.0282034652210159,,0.0
FSM,2013,0.0266740121867941,,0.0
FSM,2014,0.0406003278508593,,0.0
FSM,2015,0.032192134954101,,0.0
FSM,2016,0.0360496232316334,,0.0
FSM,2017,0.0385320066214341,,0.0
FSM,2018,0.0165045161037463,,0.0
FSM,2019,0.0147433271606052,,0.0
FSM,2020,0.0200730721927284,,0.0
FSM,2021,0.0178477556025635,,0.0
FSM,2022,,,
FSM,2023,,,
FSM,2024,,,
FSM,2025,,,
GAB,1960,,,
GAB,1961,,,
GAB,1962,,,
GAB,1963,,,
GAB,1964,,,
GAB,1965,,,
GAB,1966,,,
GAB,1967,,,
GAB,1968,,,
GAB,1969,,,
GAB,1970,11.9846295951762,2.82981959687536,0.0
GAB,1971,9.69646663923761,1.02902896732231,0.0
GAB,1972,14.2254600114832,3.40930970981183,0.0
GAB,1973,13.195711730102,4.29871748060017,0.0
GAB,1974,43.8577037867226,39.0001330213806,0.00749619146753848
GAB,1975,32.2604204182376,29.6027283590989,0.000347955250067608
GAB,1976,22.9571657553193,21.3356315061317,0.0
GAB,1977,29.263783787557,27.2013155202753,0.0
GAB,1978,30.34482531774,27.6115140387919,0.0
GAB,1979,56.6766946771444,53.9469270154673,0.00257097103818548
GAB,1980,34.8256465835769,32.542915411399,0.00458983569132457
GAB,1981,19.6621310391057,17.9630441836621,0.00298585772926336
GAB,1982,9.28789748413502,7.49562339329986,0.00203115753636271
GAB,1983,18.6778196782677,16.6994887937704,0.00302324004341979
GAB,1984,21.9280770199259,20.103227987543,0.00483769645463157
GAB,1985,25.4219478442254,23.5882761384965,0.00435734022076782
GAB,1986,9.84909703703226,7.65871418724573,0.0062176262463232
GAB,1987,18.3020181275691,16.0471420740884,0.0122171948939079
GAB,1988,13.7354656182426,11.6032527493751,0.0152571493529269
GAB,1989,26.6625947597505,24.5013102164613,0.00485634452573129
GAB,1990,33.0286916647238,30.6150890561432,0.00296128883896679
GAB,1991,21.9792106166799,20.0176989291755,0.00601570534313028
GAB,1992,25.2642206762982,23.0465897725741,0.0037551327908869
GAB,1993,32.1984933285182,28.5848268850145,0.0101323765741059
GAB,1994,30.5940340962516,26.2916990777739,0.00813590453521087
GAB,1995,31.9828513449062,27.4446896247965,0.00197422847403639
GAB,1996,32.9208323547404,29.1677160895468,0.00441452653610797
GAB,1997,33.7890685570541,29.7709119999325,0.00287139941289329
GAB,1998,20.2016349235387,15.499721148259,0.00271913645283336
GAB,1999,26.0513920456146,22.0308206615082,0.00186857858271124
GAB,2000,47.7698658424489,43.6933433166058,0.00282179770211503
GAB,2001,32.5167942663475,28.5621391754189,0.00281636789165227
GAB,2002,31.7271986277113,27.1895735624659,0.00340576058110662
GAB,2003,26.0570264508303,21.2503487601086,0.0014152647216675
GAB,2004,27.4567837566907,25.0988473562294,0.00486987755999281
GAB,2005,37.767344326428,34.837420996188,0.00610761767490351
GAB,2006,37.655973866027,33.9084565801093,0.0158394554393069
GAB,2007,37.533512307082,34.283912273453,0.014988937621301
GAB,2008,41.0680827434693,37.187729257242,0.0157221283268533
GAB,2009,27.7362590783372,24.5730772701098,0.0238123847648161
GAB,2010,35.6548863864577,33.5096734280311,0.0
GAB,2011,39.1459946806966,37.4261753637161,0.0
GAB,2012,40.6293332424739,38.2761163072887,0.0746904757982236
GAB,2013,32.806984483505,30.2411289292074,0.0837806526504662
GAB,2014,24.7540184011901,22.1627532667092,0.058925077269591
GAB,2015,12.5534347249347,9.98640233955356,0.072313371747754
GAB,2016,11.6621945364629,9.0185416132992,0.0747484922345399
GAB,2017,17.699784026005,14.3932577694784,0.0557899576814961
GAB,2018,21.16026297404,18.3274076798358,0.00516331578472988
GAB,2019,19.1754988018892,16.6842425426461,0.00566241024113415
GAB,2020,13.4988249621846,9.97982419987045,0.00793166201333393
GAB,2021,18.4933440925176,15.5565091491463,0.0225266342101698
GAB,2022,,,
GAB,2023,,,
GAB,2024,,,
GAB,2025,,,
GBR,1960,,,
GBR,1961,,,
GBR,1962,,,
GBR,1963,,,
GBR,1964,,,
GBR,1965,,,
GBR,1966,,,
GBR,1967,,,
GBR,1968,,,
GBR,1969,,,
GBR,1970,0.0912323758377636,0.000143773106830159,0.000424174051440714
GBR,1971,0.116086396820703,0.000624815047715794,0.000271993552707024
GBR,1972,0.126238901395802,0.00112893907543571,0.000405282653394696
GBR,1973,0.12072735958353,0.0023045764320239,0.00118019778099465
GBR,1974,0.30652831588701,0.0160053749980929,0.00424009983998451
GBR,1975,0.709224768381466,0.0346153950962825,0.000389351400670193
GBR,1976,1.00455608302614,0.249608706879883,0.0027916951621564
GBR,1977,1.39196668835784,0.717546315473168,0.0058115804880537
GBR,1978,1.25581933243056,0.796215439609656,0.0032495515430185
GBR,1979,2.59136290095478,2.15345223381521,0.00318658317121388
GBR,1980,2.65950079798497,2.17468541279508,0.00484599956758652
GBR,1981,2.69078482508056,2.0290955871406,0.00247638821522197
GBR,1982,2.14381329803254,1.53130333265233,0.00174273497112833
GBR,1983,2.67918685094599,2.28080029508101,0.00204683744634107
GBR,1984,2.9879793993679,2.75907824081709,0.00199764267460641
GBR,1985,2.96255948861727,2.67495492006078,0.00132774239887285
GBR,1986,1.04488150129258,0.848914064850015,2.77321435637135e-05
GBR,1987,1.17000819246885,1.08201365866639,7.89387629969545e-05
GBR,1988,0.693268987825622,0.627378568970168,0.000804465490380968
GBR,1989,0.823953331400412,0.753916116682002,0.00161691832433987
GBR,1990,1.00627920664815,0.882565641379211,0.0003491705424513
GBR,1991,0.510409231122626,0.412174585640108,3.43259011058055e-05
GBR,1992,0.50275494333773,0.45037018743077,1.95154268835733e-05
GBR,1993,0.602769101944268,0.507917987549076,1.57727128418301e-05
GBR,1994,0.612814834476715,0.520900545480459,1.36790887247289e-05
GBR,1995,0.664257474316672,0.510075233528374,8.36890901268562e-06
GBR,1996,0.855025559537136,0.692863039051656,1.13620971180399e-05
GBR,1997,0.635577342150121,0.48646780134821,1.45053996278658e-05
GBR,1998,0.172024998917896,0.145754867132571,6.2566887712456e-06
GBR,1999,0.466885422064688,0.442618243757321,3.76203130629031e-06
GBR,2000,1.05085122197897,0.899607457881131,3.94334534740473e-06
GBR,2001,0.937004459646389,0.623069756321262,2.77610073351795e-06
GBR,2002,0.81283767292158,0.59707481885464,1.67512617049301e-06
GBR,2003,0.762200302418188,0.559752287291694,5.59295680001134e-08
GBR,2004,0.735707508866846,0.575171956513235,4.29654039127861e-06
GBR,2005,0.83595827885591,0.720225579643724,4.91646277770155e-06
GBR,2006,0.913361392253003,0.708171759768897,1.18806174642761e-05
GBR,2007,0.855441736513527,0.6818533676487,4.8107654760847e-05
GBR,2008,1.33659576191205,0.996222101169364,8.43679789814536e-05
GBR,2009,0.84946186314372,0.61738163928542,0.000137437555140938
GBR,2010,0.861239087184779,0.639286356112083,0.000162253269509656
GBR,2011,1.07544716241254,0.82160437614263,0.000239143061619146
GBR,2012,0.866071942237571,0.656341548365418,0.000117447789677093
GBR,2013,0.717358769907282,0.535996112164923,3.17743429162238e-05
GBR,2014,0.569359660800821,0.450978748469466,0.0
GBR,2015,0.337710045585096,0.240246459981823,0.0
GBR,2016,0.273025131582337,0.205683569636128,5.89420378084237e-06
GBR,2017,0.397885220213493,0.306336104823879,4.65349158266586e-05
GBR,2018,0.626195352812848,0.495559267583983,3.82198028919306e-05
GBR,2019,0.540491129160741,0.457125858504922,3.7593849036357e-05
GBR,2020,0.28397504842807,0.240228124941138,2.82721436331049e-05
GBR,2021,0.588544260440276,0.416142083269318,5.75178862952734e-05
GBR,2022,,,
GBR,2023,,,
GBR,2024,,,
GBR,2025,,,
GEO,1960,,,
GEO,1961,,,
GEO,1962,,,
GEO,1963,,,
GEO,1964,,,
GEO,1965,,,
GEO,1966,,,
GEO,1967,,,
GEO,1968,,,
GEO,1969,,,
GEO,1970,,,
GEO,1971,,,
GEO,1972,,,
GEO,1973,,,
GEO,1974,,,
GEO,1975,,,
GEO,1976,,,
GEO,1977,,,
GEO,1978,,,
GEO,1979,,,
GEO,1980,,,
GEO,1981,,,
GEO,1982,,,
GEO,1983,,,
GEO,1984,,,
GEO,1985,,,
GEO,1986,,,
GEO,1987,,,
GEO,1988,,,
GEO,1989,,,
GEO,1990,0.672835982847417,0.421504288803926,0.0
GEO,1991,0.349555465152802,0.227904946317011,0.0
GEO,1992,0.626896748686235,0.292392494867411,0.323251983643488
GEO,1993,0.452219245707958,0.339872444302076,0.0592719849115691
GEO,1994,0.26496413556989,0.187943893963925,0.0470122633746915
GEO,1995,0.426069935947509,0.170891867189209,0.201420824545417
GEO,1996,0.462341589646357,0.292046836899432,0.128875942672982
GEO,1997,0.379911800157357,0.23178705274066,0.1094918807538
GEO,1998,0.203334799900045,0.0573206611540123,0.0434981957455159
GEO,1999,0.551848983624666,0.219647962907225,0.185890910582504
GEO,2000,0.785932129075988,0.4032554633902,0.214207470912808
GEO,2001,0.5482714496053,0.240596285001512,0.148781045368224
GEO,2002,0.565805015307112,0.205552828360089,0.243703085307777
GEO,2003,0.783502656243139,0.388733097796932,0.245497425537907
GEO,2004,0.809468508496354,0.292409031788746,0.366572655706966
GEO,2005,0.775238184123894,0.345173611414446,0.292049856367066
GEO,2006,0.954778536519933,0.193175812294926,0.621147145232205
GEO,2007,0.920367017577998,0.155450439934669,0.601460731616502
GEO,2008,0.782966178122998,0.182671461157239,0.443477423012904
GEO,2009,0.792323959767413,0.116317204104687,0.480214838495944
GEO,2010,1.33825248615574,0.108975029413952,1.07783217178515
GEO,2011,1.89851691683121,0.143424766442677,1.58515953234722
GEO,2012,1.08428994137279,0.130105358248411,0.875136343661946
GEO,2013,0.797121774570139,0.110437873003737,0.594507804114897
GEO,2014,0.522067118215896,0.099561569009553,0.345380979995329
GEO,2015,0.53409410608162,0.0409780341464866,0.402231830069847
GEO,2016,0.572435838705115,0.0204652117157031,0.476818037845258
GEO,2017,0.472314027913239,0.0277796234542378,0.352658665208266
GEO,2018,0.451235879680756,0.0347328226740541,0.333807032193093
GEO,2019,0.603605792551493,0.0303108940592379,0.491837981993135
GEO,2020,0.925523673088172,0.0156199754640174,0.821875756437716
GEO,2021,1.38946631019879,0.0292949219912809,1.27778979307602
GEO,2022,,,
GEO,2023,,,
GEO,2024,,,
GEO,2025,,,
GHA,1960,,,
GHA,1961,,,
GHA,1962,,,
GHA,1963,,,
GHA,1964,,,
GHA,1965,,,
GHA,1966,,,
GHA,1967,,,
GHA,1968,,,
GHA,1969,,,
GHA,1970,2.86308221828147,,0.122948154324653
GHA,1971,2.33550228555879,0.0,0.10724417854736
GHA,1972,3.47730771425785,0.0,0.128650360082458
GHA,1973,4.95930815429816,0.0,0.10491566476206
GHA,1974,4.82726182988197,0.0,0.581658683266188
GHA,1975,5.51700183240188,0.0,0.208677064305997
GHA,1976,5.75413653621901,0.0,0.171820301088212
GHA,1977,7.40909376854264,0.0,0.194837697200125
GHA,1978,6.37810291724555,0.0707812740334974,0.201365496382126
GHA,1979,6.61414694239478,0.378018527419526,0.809370358381361
GHA,1980,8.72003764902337,0.346719950378841,2.94746148660549
GHA,1981,6.9976119197735,0.211564595843056,1.80635136595497
GHA,1982,8.53011284046051,0.0865179768335312,1.14819521056481
GHA,1983,7.0276694910963,0.179063552344093,1.32525798672126
GHA,1984,5.69745876385311,0.192053894376654,0.879635255622085
GHA,1985,4.30537502912127,0.10232219163668,0.698462873892172
GHA,1986,4.86764993326725,0.00829770523635184,0.612221342325589
GHA,1987,5.7362293857956,0.0,1.10100179629319
GHA,1988,5.89885278792263,0.0,1.03826846593129
GHA,1989,5.67444374430942,0.0,0.800762132479193
GHA,1990,6.86274070226107,0.0,0.768245784620252
GHA,1991,6.39332588133289,0.0,1.73891234370312
GHA,1992,7.58566674666496,0.070125244917298,1.56651719995057
GHA,1993,9.60397698038042,0.105856028449236,2.5397516186044
GHA,1994,13.6669310382848,0.0841195455913022,3.99437860160302
GHA,1995,12.844734865598,0.227977824150616,1.22819736978252
GHA,1996,13.7777337984918,0.374611791074058,2.63116103751054
GHA,1997,12.4994065219438,0.29045479328698,1.80511321259601
GHA,1998,12.0486612371435,0.128039085702873,1.72216238348812
GHA,1999,7.82931688108889,0.246256638723101,1.31546159027039
GHA,2000,13.7597235776938,0.989341728951404,3.03211311584058
GHA,2001,12.746063574387,0.677053371360246,2.67339483930454
GHA,2002,13.4249078896054,0.616348326370289,2.95019670291322
GHA,2003,15.6197723814453,0.506473855028264,1.21634094078967
GHA,2004,12.3974101450175,0.620473077410875,0.945873447610532
GHA,2005,11.7318044619005,0.699403468222941,1.6684537886074
GHA,2006,7.57618461499477,0.439256307347706,2.12912560047911
GHA,2007,8.82815308813168,0.421654318546372,2.15660916300531
GHA,2008,9.16190193076971,0.507726368620134,2.07837946336711
GHA,2009,10.8115826827154,0.266591066260126,2.93652371845254
GHA,2010,10.1146292384946,0.391372890188776,3.94880910721537
GHA,2011,16.0706874677608,5.08048685091895,5.48815061104302
GHA,2012,15.8226771827735,4.78155703124787,4.81836140282927
GHA,2013,10.8892140729202,3.51474407100181,2.95304965671034
GHA,2014,12.249534681472,3.42103394358244,3.16234383982141
GHA,2015,10.5635168212992,1.29146546233544,2.35816739244305
GHA,2016,8.64980290681468,1.00121845985195,1.22418164413868
GHA,2017,10.3700404312643,2.60564944915053,1.78436553549714
GHA,2018,9.7904078745383,4.1465494257117,1.72215924988818
GHA,2019,9.76736656039863,4.069102005933,2.05143894352945
GHA,2020,8.48657958474163,2.25284947216201,2.23781040581732
GHA,2021,13.3474845007777,4.05501917796431,5.165049712175
GHA,2022,,,
GHA,2023,,,
GHA,2024,,,
GHA,2025,,,
GIB,1960,,,
GIB,1961,,,
GIB,1962,,,
GIB,1963,,,
GIB,1964,,,
GIB,1965,,,
GIB,1966,,,
GIB,1967,,,
GIB,1968,,,
GIB,1969,,,
GIB,1970,,,
GIB,1971,,,
GIB,1972,,,
GIB,1973,,,
GIB,1974,,,
GIB,1975,,,
GIB,1976,,,
GIB,1977,,,
GIB,1978,,,
GIB,1979,,,
GIB,1980,,,
GIB,1981,,,
GIB,1982,,,
GIB,1983,,,
GIB,1984,,,
GIB,1985,,,
GIB,1986,,,
GIB,1987,,,
GIB,1988,,,
GIB,1989,,,
GIB,1990,,,
GIB,1991,,,
GIB,1992,,,
GIB,1993,,,
GIB,1994,,,
GIB,1995,,,
GIB,1996,,,
GIB,1997,,,
GIB,1998,,,
GIB,1999,,,
GIB,2000,,,
GIB,2001,,,
GIB,2002,,,
GIB,2003,,,
GIB,2004,,,
GIB,2005,,,
GIB,2006,,,
GIB,2007,,,
GIB,2008,,,
GIB,2009,,,
GIB,2010,,,
GIB,2011,,,
GIB,2012,,,
GIB,2013,,,
GIB,2014,,,
GIB,2015,,,
GIB,2016,,,
GIB,2017,,,
GIB,2018,,,
GIB,2019,,,
GIB,2020,,,
GIB,2021,,,
GIB,2022,,,
GIB,2023,,,
GIB,2024,,,
GIB,2025,,,
GIN,1960,,,
GIN,1961,,,
GIN,1962,,,
GIN,1963,,,
GIN,1964,,,
GIN,1965,,,
GIN,1966,,,
GIN,1967,,,
GIN,1968,,,
GIN,1969,,,
GIN,1970,,,
GIN,1971,,,
GIN,1972,,,
GIN,1973,,,
GIN,1974,,,
GIN,1975,,,
GIN,1976,,,
GIN,1977,,,
GIN,1978,,,
GIN,1979,,,
GIN,1980,,,
GIN,1981,,,
GIN,1982,,,
GIN,1983,,,
GIN,1984,,,
GIN,1985,,,
GIN,1986,25.4012535252545,0.0,17.17667421118
GIN,1987,22.0223368676279,0.0,14.2076371042846
GIN,1988,20.5589739364556,0.0,13.2611566064516
GIN,1989,23.9660417199166,0.0,16.5799827251893
GIN,1990,22.1138440444808,0.0,13.6274477859198
GIN,1991,21.4961619805513,0.0,13.8135837606967
GIN,1992,16.8877075586499,0.0,11.2209756175657
GIN,1993,13.5517601443802,0.0,8.64258080075249
GIN,1994,12.9995442065882,0.0,7.35193735332364
GIN,1995,15.158364653506,0.0,4.60779434441401
GIN,1996,15.2793753579806,0.0,5.2821045766819
GIN,1997,11.7303487164876,0.0,5.01248449836894
GIN,1998,11.6837005355472,0.0,4.40088940292079
GIN,1999,10.7658987791663,0.0,4.20206158948023
GIN,2000,12.3846874448677,0.0,4.9439374279438
GIN,2001,12.0823443635609,0.0,4.45095759724012
GIN,2002,12.1114517779361,0.0,3.31338441080475
GIN,2003,14.8963920119094,0.0,2.73845927583934
GIN,2004,14.1598705167376,0.0,4.03776494947596
GIN,2005,21.0874675395337,0.0,8.09284516659152
GIN,2006,17.7856920060446,0.0,8.79897292709328
GIN,2007,16.2933051533271,0.0,7.51691822703553
GIN,2008,15.2239654800407,0.0,5.79680904242921
GIN,2009,15.5855333124984,0.0,5.6388377407706
GIN,2010,15.2920806038969,0.0,6.68947629723384
GIN,2011,18.1995114826407,0.0,8.30924796317315
GIN,2012,16.6316633604097,0.0,6.51400477548396
GIN,2013,14.2501576757042,0.0,4.67797519156106
GIN,2014,14.9319543061707,0.0,4.87388235079191
GIN,2015,14.1138586026586,0.0,3.63230227317354
GIN,2016,18.1063644814226,0.0,6.85203440170771
GIN,2017,18.9531246230915,0.0,9.82298415674104
GIN,2018,13.7023759938136,0.0,8.20812399586866
GIN,2019,4.65794341633325,0.0,0.0
GIN,2020,4.8276880509577,0.0,0.0
GIN,2021,4.51955879028644,0.0,0.0
GIN,2022,,,
GIN,2023,,,
GIN,2024,,,
GIN,2025,,,
GMB,1960,,,
GMB,1961,,,
GMB,1962,,,
GMB,1963,,,
GMB,1964,,,
GMB,1965,,,
GMB,1966,,,
GMB,1967,,,
GMB,1968,,,
GMB,1969,,,
GMB,1970,2.30362071744818,,0.0
GMB,1971,1.88724297527365,,0.0
GMB,1972,2.05522959596527,,0.0
GMB,1973,2.75265579579351,,0.0
GMB,1974,2.38001906403671,,0.0
GMB,1975,2.76655082515048,,0.0
GMB,1976,2.5586901896242,,0.0
GMB,1977,3.83842402970911,,0.0
GMB,1978,3.27435973147021,,0.0
GMB,1979,2.49899491448749,,0.0
GMB,1980,2.73985934029447,0.0,0.0
GMB,1981,2.66742152917585,0.0,0.0
GMB,1982,3.99471902120599,0.0,0.0
GMB,1983,2.80043999765359,0.0,0.0
GMB,1984,3.10730857473472,0.0,0.0
GMB,1985,1.85444413926156,0.0,0.0
GMB,1986,3.80952758024844,0.0,0.0
GMB,1987,3.45855403208036,0.0,0.0
GMB,1988,3.35239368109201,0.0,0.0
GMB,1989,3.51157802197105,0.0,0.0
GMB,1990,4.35432501091992,0.0,0.0
GMB,1991,2.10988163681651,0.0,0.0
GMB,1992,2.31210814566337,0.0,0.0
GMB,1993,2.1538831567509,0.0,0.0
GMB,1994,2.37221061399988,0.0,0.0
GMB,1995,3.03697990712517,0.0,0.0
GMB,1996,2.69758762305267,0.0,0.0
GMB,1997,2.60913573477658,0.0,0.0
GMB,1998,2.54688725802424,0.0,0.0
GMB,1999,2.00134354349662,0.0,0.0
GMB,2000,2.25584549955561,0.0,0.0
GMB,2001,2.48956240559623,0.0,0.0
GMB,2002,3.54757628277213,0.0,0.0
GMB,2003,6.12286065692919,0.0,0.0
GMB,2004,2.5497949802114,0.0,0.0
GMB,2005,2.63182573752435,0.0,0.0
GMB,2006,2.72961175784069,0.0,0.0
GMB,2007,3.04093237747013,0.0,0.0
GMB,2008,3.18489288621072,0.0,0.0
GMB,2009,3.29749846666455,0.0,0.0
GMB,2010,3.03032430579774,0.0,0.0
GMB,2011,4.46743879941924,0.0,0.0
GMB,2012,5.78123297887422,0.0,0.0
GMB,2013,5.90666401996967,0.0,0.0
GMB,2014,5.2409154628157,0.0,0.0
GMB,2015,5.55888177634649,0.0,0.0
GMB,2016,6.56105812711213,0.0,0.0
GMB,2017,6.49323709656864,0.0,0.0
GMB,2018,2.72252448983926,0.0,0.0
GMB,2019,2.81390983977653,0.0,0.0
GMB,2020,3.03439304457224,0.0,0.0
GMB,2021,2.85673041093642,0.0,0.0
GMB,2022,,,
GMB,2023,,,
GMB,2024,,,
GMB,2025,,,
GNB,1960,,,
GNB,1961,,,
GNB,1962,,,
GNB,1963,,,
GNB,1964,,,
GNB,1965,,,
GNB,1966,,,
GNB,1967,,,
GNB,1968,,,
GNB,1969,,,
GNB,1970,6.3917374281718,,0.0
GNB,1971,6.04334904740342,,0.0
GNB,1972,6.46788365740228,,0.0
GNB,1973,10.3824001363732,,0.0
GNB,1974,11.1207237153014,,0.0
GNB,1975,13.5533866264576,,0.0
GNB,1976,12.7428952217552,,0.0
GNB,1977,22.0695509617019,,0.0
GNB,1978,22.1804516985486,,0.0
GNB,1979,23.6010486673963,,0.0
GNB,1980,32.4354192312759,0.0,0.0
GNB,1981,20.136356247829,0.0,0.0
GNB,1982,25.9100298928017,0.0,0.0
GNB,1983,18.1008005934456,0.0,0.0
GNB,1984,19.4132481697656,0.0,0.0
GNB,1985,14.3987619028843,0.0,0.0
GNB,1986,24.0337759594907,0.0,0.0
GNB,1987,17.7224176689466,0.0,0.0
GNB,1988,20.8662179297985,0.0,0.0
GNB,1989,16.5669916836739,0.0,0.0
GNB,1990,18.0876089126751,0.0,0.0
GNB,1991,17.3009834975607,0.0,0.0
GNB,1992,19.7854249831842,0.0,0.0
GNB,1993,15.9723264665664,0.0,0.0
GNB,1994,19.0093554980868,0.0,0.0
GNB,1995,26.0617399150181,0.0,0.0
GNB,1996,24.170858967761,0.0,0.0
GNB,1997,22.8740539530756,0.0,0.0
GNB,1998,31.5998376511536,0.0,0.0
GNB,1999,19.268801792287,0.0,0.0
GNB,2000,11.8568115340533,0.0,0.0
GNB,2001,11.0270151878701,0.0,0.0
GNB,2002,12.5778661904573,0.0,0.0
GNB,2003,17.8267671662477,0.0,0.0
GNB,2004,14.1311490985512,0.0,0.0
GNB,2005,13.3963690749939,0.0,0.0
GNB,2006,13.3637311240334,0.0,0.0
GNB,2007,16.7234362875899,0.0,0.0
GNB,2008,15.9806489073256,0.0,0.0
GNB,2009,17.1974480172831,0.0,0.0
GNB,2010,14.9307329026999,0.0,0.0
GNB,2011,13.2487755763413,0.0,0.0
GNB,2012,17.1198567468218,0.0,0.0
GNB,2013,16.9399233052409,0.0,0.0
GNB,2014,18.6987838921976,0.0,0.0
GNB,2015,19.8714177012089,0.0,0.0
GNB,2016,18.7015046109056,0.0,0.0
GNB,2017,15.9857332638944,0.0,0.0
GNB,2018,9.88886799180997,0.0,0.0
GNB,2019,9.94740073583492,0.0,0.0
GNB,2020,11.1515860354561,0.0,0.0
GNB,2021,10.4285037712862,0.0,0.0
GNB,2022,,,
GNB,2023,,,
GNB,2024,,,
GNB,2025,,,
GNQ,1960,,,
GNQ,1961,,,
GNQ,1962,,,
GNQ,1963,,,
GNQ,1964,,,
GNQ,1965,,,
GNQ,1966,,,
GNQ,1967,,,
GNQ,1968,,,
GNQ,1969,,,
GNQ,1970,14.6066044239259,,0.0
GNQ,1971,3.11442977033686,,0.0
GNQ,1972,3.6275780476031,,0.0
GNQ,1973,4.58883141549785,,0.0
GNQ,1974,4.59504841264902,,0.0
GNQ,1975,5.33592552149925,,0.0
GNQ,1976,4.42498606266299,,0.0
GNQ,1977,6.5383171340079,,0.0
GNQ,1978,,,
GNQ,1979,,,
GNQ,1980,18.0724069742167,0.0,0.0
GNQ,1981,26.9789681296791,0.0,0.0
GNQ,1982,33.3648320770985,0.0,0.0
GNQ,1983,25.8642946058005,0.0,0.0
GNQ,1984,19.6067788501783,0.0,0.0
GNQ,1985,17.0683434813749,0.0,0.0
GNQ,1986,19.5139638627404,0.0,0.0
GNQ,1987,19.9401148755509,0.0,0.0
GNQ,1988,16.4042113273297,0.0,0.0
GNQ,1989,20.4822747766939,0.0,0.0
GNQ,1990,20.9666837696032,0.0,0.0
GNQ,1991,17.9183442083426,1.20355228060715,0.0
GNQ,1992,21.452584980133,6.07076240426929,0.0
GNQ,1993,26.5900630553468,10.5348170021045,0.0
GNQ,1994,40.7769410514834,11.7831761642776,0.0
GNQ,1995,50.1379223378986,18.1745945845415,0.0
GNQ,1996,68.668339724923,46.7999763370726,0.0
GNQ,1997,71.3152028910831,56.4918345630485,0.0
GNQ,1998,61.9605840554592,50.3861394664761,0.234911366803675
GNQ,1999,67.4328688990253,56.6922471100125,0.100201441525895
GNQ,2000,88.5923456549581,82.776896134566,0.0978975496561164
GNQ,2001,,,0.0691601506605683
GNQ,2002,,,0.0718391062881275
GNQ,2003,,,0.0264932735234888
GNQ,2004,,,0.00428950795997095
GNQ,2005,56.289114416548,55.1960848556935,0.00474831430110576
GNQ,2006,53.9325201023447,52.3927895781938,0.0108120144456804
GNQ,2007,50.1443326959341,48.2167537217234,0.00952149026556786
GNQ,2008,46.4378660078331,43.6095454927149,0.00826383389348364
GNQ,2009,27.7370036664958,24.4384804506248,0.0127965579301832
GNQ,2010,36.311150239718,33.0485071859477,0.0152098871575581
GNQ,2011,37.6841563581666,33.9272042714921,0.0192729679767373
GNQ,2012,39.0027634245776,34.9943032804264,0.0172020834501826
GNQ,2013,33.3474569225038,29.0020263766332,0.0118247399487419
GNQ,2014,27.1072398964958,22.8648774988219,0.00973975357181263
GNQ,2015,17.5005073478909,12.576041460388,0.0
GNQ,2016,16.4599653575836,11.7086428410267,0.0
GNQ,2017,21.9589067386853,16.1366726241749,0.0
GNQ,2018,27.8023533090755,20.3264698484548,0.0
GNQ,2019,25.4372801609757,18.813552099543,0.0
GNQ,2020,16.6815988795919,10.7521167179464,0.0
GNQ,2021,23.500064053404,14.9400221325798,0.0
GNQ,2022,,,
GNQ,2023,,,
GNQ,2024,,,
GNQ,2025,,,
GRC,1960,,,
GRC,1961,,,
GRC,1962,,,
GRC,1963,,,
GRC,1964,,,
GRC,1965,,,
GRC,1966,,,
GRC,1967,,,
GRC,1968,,,
GRC,1969,,,
GRC,1970,0.210334451463134,,0.1525613045432
GRC,1971,0.215820075582649,0.0,0.158685480866657
GRC,1972,0.173227090193745,0.0,0.123347826174523
GRC,1973,0.196722446599599,0.0,0.135431306246236
GRC,1974,0.32297859772317,0.0,0.259446329124452
GRC,1975,0.336492711845825,0.0,0.161500655338841
GRC,1976,0.387246717020508,0.0,0.198044535738241
GRC,1977,0.37467128510667,0.0,0.194500199179807
GRC,1978,0.234297514191542,0.0,0.127363016446914
GRC,1979,0.213486576382673,0.0,0.116177951104163
GRC,1980,0.271179611346657,0.0,0.119282140499533
GRC,1981,0.494648107307618,0.056565844818871,0.130433381186918
GRC,1982,0.614484074496494,0.156084873879166,0.134433382331304
GRC,1983,0.540891495198632,0.234707156582052,0.112529317580481
GRC,1984,0.504742811394374,0.265878803091304,0.107263131764847
GRC,1985,0.567331103179582,0.272109627094345,0.107965897856671
GRC,1986,0.250038669910627,0.0920185906319337,0.0659500349417022
GRC,1987,0.212709968078142,0.116660607850573,0.0449405203012308
GRC,1988,0.368391188286482,0.0709525984290926,0.23463660656137
GRC,1989,0.350537840777163,0.0886120392160384,0.194546437812016
GRC,1990,0.251729117844639,0.0876249965060038,0.0605408128754128
GRC,1991,0.244395727200361,0.0409932626719774,0.117063532565513
GRC,1992,0.164472854214858,0.0340991709335008,0.0784396486012599
GRC,1993,0.0918403047212441,0.027914867470905,0.0393636784190745
GRC,1994,0.0712772435003715,0.0212498498688806,0.0263797546613679
GRC,1995,0.0687082241301798,0.0167824540591655,0.013667560391349
GRC,1996,0.0726895930137926,0.028361222747864,0.0142731310514957
GRC,1997,0.0461644618965255,0.0199893340891594,0.00760497610977559
GRC,1998,0.0272530804439966,0.00478518977366944,0.00285256255645279
GRC,1999,0.0289833754564255,0.00085549447131841,0.0130733115251455
GRC,2000,0.0725973270627876,0.0232566956333818,0.0153684132685933
GRC,2001,0.100438252898655,0.0145861146476774,0.00788012284436543
GRC,2002,0.0501776299825581,0.0121627100438154,0.00726575635109939
GRC,2003,0.0384061803009328,0.0079429315668772,0.004016950285825
GRC,2004,0.159020771049669,0.00599755587217245,0.0176382215188187
GRC,2005,0.132002912694051,0.0104685935888285,0.033665220168605
GRC,2006,0.19079103863882,0.00941380520220799,0.0994725052701644
GRC,2007,0.322972796513128,0.00553584299678535,0.200596462916846
GRC,2008,0.347201010426443,0.00680414005081318,0.0452836856349123
GRC,2009,0.120220920285001,0.00447852445632241,0.018547926997769
GRC,2010,0.271313475376967,0.011192934454184,0.0815059111967258
GRC,2011,0.357427754438088,0.015063918086912,0.107676421477661
GRC,2012,0.234074144784244,0.018570397878743,0.0843699789694371
GRC,2013,0.161354239227532,0.0141521711708186,0.0819322955473692
GRC,2014,0.12477838312053,0.0144293246870193,0.0550189275666598
GRC,2015,0.0713511198951637,0.00565847532925373,0.0239434658567758
GRC,2016,0.0905977627072228,0.0106382707042441,0.043955699592721
GRC,2017,0.107741216363758,0.0125578547961713,0.0462379501553224
GRC,2018,0.107923693978732,0.0275504477019287,0.0307808828288998
GRC,2019,0.0704760678864166,0.0208423218441195,0.0201177905783866
GRC,2020,0.0388459707205932,0.00652358198539234,0.0136128575524908
GRC,2021,0.0875219452812631,0.0116928580271195,0.0522192932667737
GRC,2022,,,
GRC,2023,,,
GRC,2024,,,
GRC,2025,,,
GRD,1960,,,
GRD,1961,,,
GRD,1962,,,
GRD,1963,,,
GRD,1964,,,
GRD,1965,,,
GRD,1966,,,
GRD,1967,,,
GRD,1968,,,
GRD,1969,,,
GRD,1970,,,
GRD,1971,,,
GRD,1972,,,
GRD,1973,,,
GRD,1974,,,
GRD,1975,,,
GRD,1976,,,
GRD,1977,0.0,,0.0
GRD,1978,0.0,,0.0
GRD,1979,0.0,,0.0
GRD,1980,0.0,0.0,0.0
GRD,1981,0.0,0.0,0.0
GRD,1982,0.0,0.0,0.0
GRD,1983,0.0,0.0,0.0
GRD,1984,0.0,0.0,0.0
GRD,1985,0.0,0.0,0.0
GRD,1986,0.0,0.0,0.0
GRD,1987,0.0,0.0,0.0
GRD,1988,0.0,0.0,0.0
GRD,1989,0.0,0.0,0.0
GRD,1990,0.0,0.0,0.0
GRD,1991,0.0,0.0,0.0
GRD,1992,0.0,0.0,0.0
GRD,1993,0.0,0.0,0.0
GRD,1994,0.0,0.0,0.0
GRD,1995,0.0,0.0,0.0
GRD,1996,0.0,0.0,0.0
GRD,1997,0.0,0.0,0.0
GRD,1998,0.0,0.0,0.0
GRD,1999,0.0,0.0,0.0
GRD,2000,0.0,0.0,0.0
GRD,2001,0.0,0.0,0.0
GRD,2002,0.0,0.0,0.0
GRD,2003,0.0,0.0,0.0
GRD,2004,0.0,0.0,0.0
GRD,2005,0.0,0.0,0.0
GRD,2006,0.0,0.0,0.0
GRD,2007,0.0,0.0,0.0
GRD,2008,0.0,0.0,0.0
GRD,2009,0.0,0.0,0.0
GRD,2010,0.0,0.0,0.0
GRD,2011,0.0,0.0,0.0
GRD,2012,0.0,0.0,0.0
GRD,2013,0.0,0.0,0.0
GRD,2014,0.0,0.0,0.0
GRD,2015,0.0,0.0,0.0
GRD,2016,0.0,0.0,0.0
GRD,2017,0.0,0.0,0.0
GRD,2018,0.0,0.0,0.0
GRD,2019,0.0,0.0,0.0
GRD,2020,0.0,0.0,0.0
GRD,2021,0.0,0.0,0.0
GRD,2022,,,
GRD,2023,,,
GRD,2024,,,
GRD,2025,,,
GRL,1960,,,
GRL,1961,,,
GRL,1962,,,
GRL,1963,,,
GRL,1964,,,
GRL,1965,,,
GRL,1966,,,
GRL,1967,,,
GRL,1968,,,
GRL,1969,,,
GRL,1970,0.0,,0.0
GRL,1971,0.0,,0.0
GRL,1972,0.0,,0.0
GRL,1973,9.57242263017444,,9.57242263017444
GRL,1974,46.9068792832219,,46.9068792832219
GRL,1975,10.0626455554942,,10.0626455554942
GRL,1976,7.32083922081218,,7.32083922081218
GRL,1977,3.10559857246863,,3.10559857246863
GRL,1978,2.5059324987033,,2.5059324987033
GRL,1979,6.01652181680354,,6.01652181680354
GRL,1980,4.86495939525952,0.0,3.48858392891549
GRL,1981,2.12067777388575,0.0,1.7862101774669
GRL,1982,2.23323891237053,0.0,2.23323891237053
GRL,1983,0.946189403167902,0.0,0.946189403167902
GRL,1984,4.54112135790745,0.0,4.54112135790745
GRL,1985,2.68697431917588,0.0,2.68697431917588
GRL,1986,0.0,0.0,0.0
GRL,1987,0.16247368548421,0.0,0.16247368548421
GRL,1988,22.3853874414571,0.0,22.3853874414571
GRL,1989,24.5244795530077,0.0,24.5244795530077
GRL,1990,7.24907158855956,0.0,7.24907158855956
GRL,1991,0.63899830292587,0.0,0.63899830292587
GRL,1992,1.16790498034521,0.0,1.16790498034521
GRL,1993,0.623495418776082,0.0,0.623495418776082
GRL,1994,0.60645279484504,0.0,0.60645279484504
GRL,1995,0.479617507266306,0.0,0.479617507266306
GRL,1996,0.318340880243805,0.0,0.318340880243805
GRL,1997,0.861887024483636,0.0,0.861887024483636
GRL,1998,0.0,0.0,0.0
GRL,1999,0.0,0.0,0.0
GRL,2000,0.0,0.0,0.0
GRL,2001,0.0,0.0,0.0
GRL,2002,0.0,0.0,0.0
GRL,2003,0.0,0.0,0.0
GRL,2004,0.224900454263183,0.0,0.224900454263183
GRL,2005,0.335434255722259,0.0,0.335434255722259
GRL,2006,0.809512759350298,0.0,0.809512759350298
GRL,2007,0.672343416976473,0.0,0.672343416976473
GRL,2008,0.844947976042771,0.0,0.844947976042771
GRL,2009,0.0,0.0,0.0
GRL,2010,0.0,0.0,0.0
GRL,2011,0.114611409396534,0.0,0.114611409396534
GRL,2012,0.353875743048762,0.0,0.353875743048762
GRL,2013,0.0190935869044509,0.0,0.0190935869044509
GRL,2014,0.0,0.0,0.0
GRL,2015,0.0,0.0,0.0
GRL,2016,0.0,0.0,0.0
GRL,2017,0.0,0.0,0.0
GRL,2018,0.0,0.0,0.0
GRL,2019,0.0,0.0,0.0
GRL,2020,0.0,0.0,0.0
GRL,2021,,,
GRL,2022,,,
GRL,2023,,,
GRL,2024,,,
GRL,2025,,,
GTM,1960,,,
GTM,1961,,,
GTM,1962,,,
GTM,1963,,,
GTM,1964,,,
GTM,1965,,,
GTM,1966,,,
GTM,1967,,,
GTM,1968,,,
GTM,1969,,,
GTM,1970,1.17777388780127,,0.00368856055907509
GTM,1971,1.02507617172351,0.0,0.00262935298183065
GTM,1972,1.09621087342375,0.0,0.000811824220542599
GTM,1973,1.46634857242484,0.0,0.00108077625492433
GTM,1974,1.34731986020788,0.0,0.0806100826828235
GTM,1975,1.62233697432701,0.0,0.0649473212956697
GTM,1976,1.08011252134776,0.0165389723756444,0.0703320359148765
GTM,1977,1.47193652675825,0.00597350296427595,0.0515652636076802
GTM,1978,1.42725858774424,0.00254676497638478,0.0923830653021853
GTM,1979,1.7029550346749,0.152694654781546,0.327377167713826
GTM,1980,2.03203209043475,0.442451360839229,0.311537599181638
GTM,1981,1.45860601548353,0.332623176356026,0.0170583844412346
GTM,1982,2.70138156763866,0.30063700799593,0.000890747824752462
GTM,1983,1.25892751340259,0.439487304550723,0.0
GTM,1984,0.766150246038011,0.276994054035415,0.0
GTM,1985,0.469496882263527,0.159299912244961,0.0
GTM,1986,0.573835747286717,0.15566206388521,0.0
GTM,1987,0.640067353538922,0.190586384431107,0.0
GTM,1988,0.558826146652289,0.129209415007136,0.0
GTM,1989,0.601358388278523,0.181275426560304,0.0
GTM,1990,1.83045512720882,0.301957368491916,0.0
GTM,1991,1.65426431663517,0.126258795310536,0.0
GTM,1992,1.52332030398675,0.185839435022347,0.0
GTM,1993,1.33092443055709,0.195023264312544,0.000176125670110241
GTM,1994,1.34833878506145,0.1807676152167,9.51594674709481e-05
GTM,1995,1.59672727928084,0.235558848536854,3.84254633929462e-05
GTM,1996,1.38934546996865,0.474906148545347,0.000160485395040495
GTM,1997,1.58260940616648,0.490537549251469,0.00157919110109773
GTM,1998,1.20269768494948,0.31390362110712,0.000822234611916605
GTM,1999,1.42197658489313,0.52323815345972,0.0363439837132142
GTM,2000,1.65531507910442,0.803745468310096,0.0458793875654051
GTM,2001,1.51688956267975,0.631161134109658,0.0202972606620382
GTM,2002,1.49552331731967,0.709990191144289,0.0362745745706359
GTM,2003,1.55532613964599,0.741431850463022,0.066996009075099
GTM,2004,1.45629547212597,0.729374795918745,2.73861117199946e-06
GTM,2005,1.55562794751834,0.887868748053499,0.0228390130283717
GTM,2006,1.93392564321639,0.851581475418594,0.250265337461358
GTM,2007,1.95055907491986,0.750244545606685,0.421525096458179
GTM,2008,1.93184237870205,0.835430467135192,0.3597676209962
GTM,2009,1.63784143444565,0.412561078443355,0.45768892679544
GTM,2010,2.6452084845277,0.470505869677804,0.639559752057951
GTM,2011,2.86196592041548,0.592110785237876,1.0915384290228
GTM,2012,2.18105907544831,0.521031752267051,0.588477377720357
GTM,2013,2.18983261245163,0.418795559663063,0.398206056027916
GTM,2014,2.98111660499136,0.36376572238644,1.03378404595208
GTM,2015,1.78572375354011,0.123828267830097,0.502096478047234
GTM,2016,2.01829626064269,0.0807153215443387,0.456913488313399
GTM,2017,1.50289202380162,0.119195049269519,0.192918659311507
GTM,2018,1.19385178218072,0.176634659797847,0.195643364983056
GTM,2019,1.14790981503494,0.139922256710481,0.288723986477922
GTM,2020,1.35250209053897,0.0532892177587073,0.353522123526446
GTM,2021,1.92928512463796,0.118140036355359,1.12230150760647
GTM,2022,,,
GTM,2023,,,
GTM,2024,,,
GTM,2025,,,
GUM,1960,,,
GUM,1961,,,
GUM,1962,,,
GUM,1963,,,
GUM,1964,,,
GUM,1965,,,
GUM,1966,,,
GUM,1967,,,
GUM,1968,,,
GUM,1969,,,
GUM,1970,,,
GUM,1971,,,
GUM,1972,,,
GUM,1973,,,
GUM,1974,,,
GUM,1975,,,
GUM,1976,,,
GUM,1977,,,
GUM,1978,,,
GUM,1979,,,
GUM,1980,,,
GUM,1981,,,
GUM,1982,,,
GUM,1983,,,
GUM,1984,,,
GUM,1985,,,
GUM,1986,,,
GUM,1987,,,
GUM,1988,,,
GUM,1989,,,
GUM,1990,,,
GUM,1991,,,
GUM,1992,,,
GUM,1993,,,
GUM,1994,,,
GUM,1995,,,
GUM,1996,,,
GUM,1997,,,
GUM,1998,,,
GUM,1999,,,
GUM,2000,,,
GUM,2001,,,
GUM,2002,0.0,0.0,0.0
GUM,2003,0.0,0.0,0.0
GUM,2004,0.0,0.0,0.0
GUM,2005,0.0,0.0,0.0
GUM,2006,0.0,0.0,0.0
GUM,2007,0.0,0.0,0.0
GUM,2008,0.0,0.0,0.0
GUM,2009,0.0,0.0,0.0
GUM,2010,0.0,0.0,0.0
GUM,2011,0.0,0.0,0.0
GUM,2012,0.0,0.0,0.0
GUM,2013,0.0,0.0,0.0
GUM,2014,0.0,0.0,0.0
GUM,2015,0.0,0.0,0.0
GUM,2016,0.0,0.0,0.0
GUM,2017,0.0,0.0,0.0
GUM,2018,0.0,0.0,0.0
GUM,2019,0.0,0.0,0.0
GUM,2020,0.0,0.0,0.0
GUM,2021,0.0,0.0,0.0
GUM,2022,,,
GUM,2023,,,
GUM,2024,,,
GUM,2025,,,
GUY,1960,,,
GUY,1961,,,
GUY,1962,,,
GUY,1963,,,
GUY,1964,,,
GUY,1965,,,
GUY,1966,,,
GUY,1967,,,
GUY,1968,,,
GUY,1969,,,
GUY,1970,20.7080226592579,,15.047350443965
GUY,1971,18.4955473915522,,13.4700166935393
GUY,1972,17.298731832641,,11.1821148537734
GUY,1973,19.6070946653381,,10.2277602436197
GUY,1974,22.3654709827581,,15.4021350685285
GUY,1975,20.6338572377284,,13.1674457789912
GUY,1976,20.8923954754752,,13.7845286200159
GUY,1977,27.7020835176511,,18.3081142908474
GUY,1978,25.6470296310827,,16.9541573511689
GUY,1979,26.4070824627091,,14.8474872706687
GUY,1980,24.5578372972811,0.0,13.1830110483028
GUY,1981,23.0617612791376,0.0,12.0379586103732
GUY,1982,34.1638708738059,0.0,12.2061015213875
GUY,1983,17.9846923209055,0.0,6.74791671678905
GUY,1984,24.2608517449921,0.0,16.9836158524696
GUY,1985,20.6803296768791,0.0,13.8846170881081
GUY,1986,19.9741133715558,0.0,13.1476170712005
GUY,1987,28.2397691185205,0.0,16.5115563455376
GUY,1988,18.5224501012977,0.0,9.0918098791784
GUY,1989,20.7123497317619,0.0,9.02342032454408
GUY,1990,23.1365302885403,0.0,9.19984607657208
GUY,1991,29.8570477664161,0.0,12.3261384177365
GUY,1992,25.5130840660498,0.0,8.40329385146411
GUY,1993,31.6638578690229,0.0,15.4699455160735
GUY,1994,32.9297314196524,0.0,16.2568776184808
GUY,1995,33.5901679902301,0.0,12.7662375235548
GUY,1996,29.7871121101737,0.0,13.5673573847387
GUY,1997,25.9860553220399,0.0,9.81296185128703
GUY,1998,17.722998963462,0.0,5.50067993513113
GUY,1999,17.7830510415321,0.0,6.13754274306799
GUY,2000,15.5078378964417,0.0,7.51547547185132
GUY,2001,12.9135305064194,0.0,4.42291563437529
GUY,2002,12.7851274638831,0.0,4.51138032814512
GUY,2003,16.9482275121693,0.0,7.44220819895293
GUY,2004,21.1992807952769,0.0,10.9842469120464
GUY,2005,20.9115520318379,0.0,10.2017250727039
GUY,2006,9.70635226744027,0.0,3.86175133853088
GUY,2007,10.8075151625848,0.0,5.09699621189489
GUY,2008,10.3635572947513,0.0,4.96131051237912
GUY,2009,10.7158376277662,0.0,5.63786957071604
GUY,2010,14.592203974554,0.0,6.67238486380367
GUY,2011,16.5317662843372,0.0,9.77962815865329
GUY,2012,16.5328031367272,0.0,10.6312567656629
GUY,2013,13.9424805340938,0.0,6.92278944223584
GUY,2014,10.7965827875901,0.0,4.09918701066271
GUY,2015,8.56443283798628,0.0,3.16550800328258
GUY,2016,16.0895528527279,0.0,10.5698505108195
GUY,2017,13.161642595363,0.0,8.2123798509571
GUY,2018,6.60863781746129,0.0,2.2785365578723
GUY,2019,5.96249594118667,0.0849006439782914,2.42171825040009
GUY,2020,13.8985430832365,7.3763575857274,2.65547682074311
GUY,2021,33.6832711741997,22.0821753098304,9.37777501563664
GUY,2022,,,
GUY,2023,,,
GUY,2024,,,
GUY,2025,,,
HKG,1960,,,
HKG,1961,,,
HKG,1962,,,
HKG,1963,,,
HKG,1964,,,
HKG,1965,,,
HKG,1966,,,
HKG,1967,,,
HKG,1968,,,
HKG,1969,,,
HKG,1970,0.00950559877964356,,0.00462135452602034
HKG,1971,0.00713685242305314,0.0,0.00395835848631962
HKG,1972,0.00528391576765134,0.0,0.00185236602906001
HKG,1973,0.00672260139951266,0.0,0.0
HKG,1974,0.00647824734895496,0.0,0.000401297555752876
HKG,1975,0.0086015047788877,0.0,0.0027226529636005
HKG,1976,0.00690349290605203,0.0,0.00120313956966808
HKG,1977,0.00740475522226782,0.0,0.000791013595205281
HKG,1978,0.00490066371956883,0.0,0.000292540657991136
HKG,1979,0.00551475805525282,0.0,0.000233033342984747
HKG,1980,0.00488938778053058,0.0,0.000332088930480335
HKG,1981,0.00289968454606191,0.0,0.000307227731985124
HKG,1982,0.00275054075584575,0.0,0.000562882378282715
HKG,1983,0.00281376676660714,0.0,0.000441679626327231
HKG,1984,0.00159534928118146,0.0,0.0
HKG,1985,0.00152572300547865,0.0,0.0
HKG,1986,0.0020746857261368,0.0,0.0
HKG,1987,0.00163995066625124,0.0,0.0
HKG,1988,0.00137379242329577,0.0,0.0
HKG,1989,0.00119951994837091,0.0,0.0
HKG,1990,0.00107915747368737,0.0,0.0
HKG,1991,0.00105036512660392,0.0,0.0
HKG,1992,0.00126283824459394,0.0,0.0
HKG,1993,0.000842380001730745,0.0,0.0
HKG,1994,0.000870257223317569,0.0,0.0
HKG,1995,0.00136552673598051,0.0,0.0
HKG,1996,0.00147708433810758,0.0,0.0
HKG,1997,0.00116430442658972,0.0,0.0
HKG,1998,0.000972112419868324,0.0,0.0
HKG,1999,0.000529482643712148,0.0,0.0
HKG,2000,0.000500998268973069,0.0,0.0
HKG,2001,0.000583448601205964,0.0,0.0
HKG,2002,0.000657691895480615,0.0,0.0
HKG,2003,0.000974241299658627,0.0,0.0
HKG,2004,0.00102021918538856,0.0,0.0
HKG,2005,0.000619914123345892,0.0,0.0
HKG,2006,0.000665683842649037,0.0,0.0
HKG,2007,0.000902723649257638,0.0,0.0
HKG,2008,0.00145921493633856,0.0,0.0
HKG,2009,0.00139045653813043,0.0,0.0
HKG,2010,0.00207769698047783,0.000638697278003601,0.0
HKG,2011,0.00836942973155063,0.00668432568577963,0.0
HKG,2012,0.00233967746770346,0.00100349590596334,0.0
HKG,2013,0.00380877580925821,0.00265792478709432,0.0
HKG,2014,0.0173546989496714,0.0157873788944443,0.0
HKG,2015,0.00132324181590028,0.000197504854942892,0.0
HKG,2016,0.00136992350320175,0.000152821067876972,0.0
HKG,2017,0.00161903902082238,0.000282557257171556,0.0
HKG,2018,0.00106133601917033,0.000401062964781817,0.0
HKG,2019,0.000885726237364786,0.000293788423858794,0.0
HKG,2020,0.000887798126199827,0.00011978734728514,0.0
HKG,2021,0.000992608591579756,0.00035629289325357,0.0
HKG,2022,,,
HKG,2023,,,
HKG,2024,,,
HKG,2025,,,
HND,1960,,,
HND,1961,,,
HND,1962,,,
HND,1963,,,
HND,1964,,,
HND,1965,,,
HND,1966,,,
HND,1967,,,
HND,1968,,,
HND,1969,,,
HND,1970,4.44328536721054,,0.526393487444465
HND,1971,4.18771320214938,0.0,0.467467633475844
HND,1972,5.05815675734852,0.0,0.715511999626303
HND,1973,8.01066475914528,0.0,2.12091757548751
HND,1974,8.30297215935772,0.0,3.12559530973294
HND,1975,7.06120644485235,0.0,1.20949948857733
HND,1976,4.93681169295732,0.0,0.932019080942269
HND,1977,5.90897183619676,0.0,0.710122766760192
HND,1978,3.25977384183475,0.0,0.33389160452515
HND,1979,3.5313720971425,0.0,0.851044440862203
HND,1980,3.80349198843763,0.0,0.862253656898485
HND,1981,2.99184449110996,0.0,0.38841308174739
HND,1982,5.63130161832273,0.0,0.83031898660431
HND,1983,2.8390127790165,0.0,1.17612391811329
HND,1984,2.27930064615644,0.0,1.23910537294934
HND,1985,1.59092746187417,0.0,1.01134664670773
HND,1986,0.690724499847021,0.0,0.144126437427604
HND,1987,0.684142193757436,0.0,0.129560380591873
HND,1988,2.73969677525231,0.0,2.0680261360683
HND,1989,2.4580245939776,0.0,1.75470128661939
HND,1990,3.21092333246204,0.0,1.02727246074634
HND,1991,2.70781658118094,0.0,0.153187312455177
HND,1992,2.19178076917636,0.0,0.0233024394327145
HND,1993,1.83497670451247,0.0,0.00849672325988947
HND,1994,2.27034903839063,0.0,0.00909211263560267
HND,1995,2.45297007789003,0.0,0.011840510224681
HND,1996,1.96802150042667,0.0,0.0127051362723109
HND,1997,2.34343118281433,0.0,0.0142353372779557
HND,1998,1.85661666214069,0.0,0.00234945171558126
HND,1999,1.68761400222431,0.0,0.0
HND,2000,1.37113446146867,0.0,0.0
HND,2001,1.43828418297597,0.0,0.122281324946655
HND,2002,1.37053917605775,0.0,0.0393012069447893
HND,2003,1.21682443039075,0.0,0.0
HND,2004,1.17065229457115,0.0,0.0273073731996834
HND,2005,1.19616286119396,0.000132246235034757,0.1475913596888
HND,2006,1.9388652088634,0.00287259146590747,0.677902472286333
HND,2007,1.66136160268053,0.00266481464163262,0.507112945978807
HND,2008,1.20679031927745,0.00328789149827597,0.126638687227696
HND,2009,1.16441147896911,0.00155437298676852,0.254646126193676
HND,2010,2.36463288147641,0.00202226357199669,0.525851263898386
HND,2011,1.7044807548954,0.00286503605284088,0.287792760238462
HND,2012,1.63060548730794,0.00263152834451521,0.333385271330321
HND,2013,1.78208817924239,0.00240288964006385,0.074510080655601
HND,2014,2.2661279184441,0.00205052417069276,0.263917349180621
HND,2015,1.56846231223826,0.0,0.117103934760925
HND,2016,2.01566335667541,0.0,0.161443706654027
HND,2017,1.72906722467945,0.000765798419038962,0.135931983418249
HND,2018,1.07184110988038,0.00116801901211893,0.000178346864611042
HND,2019,0.916855208806467,0.000896860644806353,0.000553274404353355
HND,2020,1.23326098347167,0.000445541908214536,0.000761747606675296
HND,2021,1.22455313744521,0.00101153040386899,0.384580133990368
HND,2022,,,
HND,2023,,,
HND,2024,,,
HND,2025,,,
HPC,1960,,,
HPC,1961,,,
HPC,1962,,,
HPC,1963,,,
HPC,1964,,,
HPC,1965,,,
HPC,1966,,,
HPC,1967,,,
HPC,1968,,,
HPC,1969,,,
HPC,1970,7.8913083523874,,4.70852549892148
HPC,1971,5.69025493073605,,2.93813530249115
HPC,1972,5.606575091971,,2.64970850500897
HPC,1973,8.81054345670441,,4.86286343038933
HPC,1974,8.76120311036029,,5.14379597042485
HPC,1975,5.90240801055305,,1.86471772557121
HPC,1976,5.67120306136236,,1.98972623051424
HPC,1977,6.86951742754626,,1.76919008373985
HPC,1978,5.66640710706399,,1.10868006773004
HPC,1979,5.99909934849877,,1.70205945828442
HPC,1980,8.36587485209915,1.47153930220896,1.99149731419606
HPC,1981,7.27981510253339,1.08472326082,1.20796575116617
HPC,1982,8.40160443073345,0.549967028626413,0.863815432467467
HPC,1983,7.27705981280344,1.20749396875858,1.07552558641312
HPC,1984,6.9319393332447,1.57543880179644,0.839851502411879
HPC,1985,6.28200964937055,1.92623046058073,0.839648917351977
HPC,1986,6.24449219479186,0.553008612635432,0.935384657990367
HPC,1987,6.35456116016289,1.07215284883011,1.03496019347514
HPC,1988,7.02513383485185,0.770981594072574,1.72723553246236
HPC,1989,8.0131176596343,1.36623151277979,1.95477700882686
HPC,1990,8.19389478786551,1.57163934938949,1.33619747694354
HPC,1991,6.21187803521147,0.748137596206441,0.620565914839252
HPC,1992,8.38888673369974,1.11784716277578,0.657744438677576
HPC,1993,7.29513377499479,1.05819109292096,0.573755375622286
HPC,1994,9.63821081496497,0.964841665871299,0.763889576274245
HPC,1995,11.4636096420567,0.979116143323808,0.449211749272887
HPC,1996,10.7710905971185,1.15723226727981,0.515759731255333
HPC,1997,9.70376293186249,1.11674755135081,0.434277963791466
HPC,1998,8.84686270439091,0.555446687226755,0.328357213144096
HPC,1999,6.60936072389831,1.03273657399284,0.28549051877888
HPC,2000,7.84945309802428,2.47922461917323,0.353435492331168
HPC,2001,7.29291620660055,1.85228771356443,0.384235682522789
HPC,2002,7.79423191321637,1.84831635522203,0.422398255705012
HPC,2003,9.70869313512024,1.78915889596958,0.290188167568451
HPC,2004,9.27245068030099,2.92378000506561,0.455907103903211
HPC,2005,10.8139919846528,4.53649686874211,0.735412506819079
HPC,2006,11.5243578774931,5.00092952998446,1.55814631990207
HPC,2007,12.2398767718889,4.73850801817836,1.58423494064606
HPC,2008,13.1344981282842,5.5410022918478,1.4707352230707
HPC,2009,9.92752963686141,2.56549499338508,1.32849135670623
HPC,2010,10.8843633808338,3.50480335960935,2.12935891638242
HPC,2011,13.2323269574444,4.61017137664122,2.98453651466518
HPC,2012,11.8850768249789,3.0905795246291,2.56079561720186
HPC,2013,10.5335453576168,2.48805997328977,2.03443920777325
HPC,2014,9.66947957683006,1.88330727321728,1.59251386977157
HPC,2015,8.18746675628673,0.735556155323062,0.957461433219231
HPC,2016,8.41713441892405,0.64041702914838,1.12134015287366
HPC,2017,8.87141721774587,1.14834167487487,1.56935346321573
HPC,2018,7.85340300252182,1.9080981659589,1.445913776523
HPC,2019,6.72093406674256,1.67312908971479,0.993236625167751
HPC,2020,6.60755179762904,0.939989415537838,1.3841080206455
HPC,2021,11.3090537122989,1.81628129552156,5.19773592729827
HPC,2022,,,
HPC,2023,,,
HPC,2024,,,
HPC,2025,,,
HRV,1960,,,
HRV,1961,,,
HRV,1962,,,
HRV,1963,,,
HRV,1964,,,
HRV,1965,,,
HRV,1966,,,
HRV,1967,,,
HRV,1968,,,
HRV,1969,,,
HRV,1970,,,
HRV,1971,,,
HRV,1972,,,
HRV,1973,,,
HRV,1974,,,
HRV,1975,,,
HRV,1976,,,
HRV,1977,,,
HRV,1978,,,
HRV,1979,,,
HRV,1980,,,
HRV,1981,,,
HRV,1982,,,
HRV,1983,,,
HRV,1984,,,
HRV,1985,,,
HRV,1986,,,
HRV,1987,,,
HRV,1988,,,
HRV,1989,,,
HRV,1990,,,
HRV,1991,,,
HRV,1992,,,
HRV,1993,,,
HRV,1994,,,
HRV,1995,0.817901089845445,0.403625878898592,4.34192675540954e-05
HRV,1996,0.846736297291088,0.474760445855423,0.0
HRV,1997,0.754704472311057,0.3626472631518,0.0
HRV,1998,0.324602467353849,0.0917244271785271,0.0
HRV,1999,0.555158693065349,0.288928699417176,0.0
HRV,2000,1.081606511253,0.630971359439616,0.0
HRV,2001,1.00782506278861,0.407483342326942,0.0
HRV,2002,0.768646694448941,0.356223054391995,0.0
HRV,2003,0.697994961736429,0.301237202501552,0.0
HRV,2004,0.662508301948664,0.332637436119168,0.0
HRV,2005,0.719261359710503,0.422317306157924,0.0
HRV,2006,0.92569028122449,0.419644384243852,0.0
HRV,2007,0.917435702753136,0.370493477014705,0.0
HRV,2008,1.10056698717934,0.441053907428522,0.0
HRV,2009,0.778726740521708,0.257276727386522,1.1239374783111e-05
HRV,2010,0.917408126030443,0.283128862746704,5.91090700556906e-05
HRV,2011,1.29394046574726,0.422234790549554,0.000143807176916117
HRV,2012,1.2944420673614,0.424759009341811,0.000148656652477393
HRV,2013,1.1084798242986,0.380362350794203,0.000177669439351041
HRV,2014,0.867348745330344,0.332340412986531,0.000183009036417709
HRV,2015,0.698157062296322,0.188549002176531,0.000260731871048492
HRV,2016,0.511310613664342,0.152408109394096,0.00021564799047202
HRV,2017,0.658339390527416,0.222493492276796,0.000352999675433414
HRV,2018,0.773060031000923,0.320303857626588,0.000304050965583092
HRV,2019,0.619466125649912,0.276145552955415,0.0
HRV,2020,0.439094632914067,0.141105225031332,0.0
HRV,2021,0.681198197003712,0.280358036189526,0.0
HRV,2022,,,
HRV,2023,,,
HRV,2024,,,
HRV,2025,,,
HTI,1960,,,
HTI,1961,,,
HTI,1962,,,
HTI,1963,,,
HTI,1964,,,
HTI,1965,,,
HTI,1966,,,
HTI,1967,,,
HTI,1968,,,
HTI,1969,,,
HTI,1970,4.94082793905462,,3.31509129412767
HTI,1971,4.35712721977784,0.0,2.94892660133113
HTI,1972,3.38088443587249,0.0,1.83054379629985
HTI,1973,3.37301294359561,0.0,1.38046750950655
HTI,1974,3.95897674588094,0.0,2.16195375100515
HTI,1975,3.26768084234605,0.0,1.30400981525057
HTI,1976,2.93978162187881,0.0,1.68074783318056
HTI,1977,3.53026773050931,0.0,1.78161813658563
HTI,1978,3.43616055450479,0.0,1.62088049193009
HTI,1979,3.15466056555158,0.0,1.21008544605112
HTI,1980,2.4859978670014,0.0,0.796734893262546
HTI,1981,2.45242005866496,0.0,0.994881676080934
HTI,1982,3.48259508899918,0.0,0.825725074343737
HTI,1983,1.10978766400085,0.0,0.0
HTI,1984,0.651503625684287,0.0,0.0
HTI,1985,0.427695919290364,0.0,0.0
HTI,1986,0.408686931478145,0.0,0.0
HTI,1987,0.51468349868742,0.0,0.0
HTI,1988,0.412432388085088,0.0,0.0
HTI,1989,0.426111932553284,0.0,0.0
HTI,1990,0.758980650078628,0.0,0.0
HTI,1991,0.7545789249722,0.0,0.0
HTI,1992,1.16755024661594,0.0,0.0
HTI,1993,1.25091936869488,0.0,0.0
HTI,1994,1.18848565185335,0.0,0.0
HTI,1995,1.22519462633385,0.0,0.0
HTI,1996,0.942847807917707,0.0,0.0
HTI,1997,0.993751372688353,0.0,0.0
HTI,1998,0.778424833674881,0.0,0.0
HTI,1999,0.619396171409139,0.0,0.0
HTI,2000,0.349449568493596,0.0,0.0
HTI,2001,0.383295015006936,0.0,0.0
HTI,2002,0.396885022338016,0.0,0.0
HTI,2003,0.518316847636601,0.0,0.0
HTI,2004,0.415056574952732,0.0,0.0
HTI,2005,0.353534370526786,0.0,0.0
HTI,2006,0.474483984535321,0.0,0.0
HTI,2007,0.403575652806683,0.0,0.0
HTI,2008,0.399712731958641,0.0,0.0
HTI,2009,0.337463725935536,0.0,0.0
HTI,2010,0.665741356287765,0.0,0.0
HTI,2011,0.530247287448995,0.0,0.0
HTI,2012,0.493447395435744,0.0,0.0
HTI,2013,0.586507266755589,0.0,0.0
HTI,2014,0.699288591917661,0.0,0.0
HTI,2015,0.574767533630933,0.0,0.0
HTI,2016,0.790216838420377,0.0,0.0
HTI,2017,0.657342723836906,0.0,0.0
HTI,2018,0.44034486815939,0.0,0.0
HTI,2019,0.443318678876138,0.0,0.0
HTI,2020,0.577844130610775,0.0,0.0
HTI,2021,0.327641965983974,0.0,0.0
HTI,2022,,,
HTI,2023,,,
HTI,2024,,,
HTI,2025,,,
HUN,1960,,,
HUN,1961,,,
HUN,1962,,,
HUN,1963,,,
HUN,1964,,,
HUN,1965,,,
HUN,1966,,,
HUN,1967,,,
HUN,1968,,,
HUN,1969,,,
HUN,1970,,,
HUN,1971,,,
HUN,1972,,,
HUN,1973,,,
HUN,1974,,,
HUN,1975,,,
HUN,1976,,,
HUN,1977,,,
HUN,1978,,,
HUN,1979,,,
HUN,1980,,,
HUN,1981,,,
HUN,1982,,,
HUN,1983,,,
HUN,1984,,,
HUN,1985,,,
HUN,1986,,,
HUN,1987,,,
HUN,1988,,,
HUN,1989,,,
HUN,1990,,,
HUN,1991,1.09075547968015,0.425007394601361,0.10856614529094
HUN,1992,0.901641093069374,0.405846584465721,0.0841267101063816
HUN,1993,0.815199937141816,0.367007077476078,0.0450891348423946
HUN,1994,0.627061259476291,0.294098578756702,0.0229983783255088
HUN,1995,0.75638967041039,0.304408450491375,0.0153325048821211
HUN,1996,0.755257320956188,0.362825153663463,0.0188782640860743
HUN,1997,0.605176512091605,0.219233411220824,0.00760086751121123
HUN,1998,0.228600184405014,0.0624360896482294,0.00252742203607781
HUN,1999,0.358607756221379,0.178412634960964,0.0
HUN,2000,0.71337030705953,0.373626435642133,0.00165012313788559
HUN,2001,0.684989297945054,0.234436692691698,0.0
HUN,2002,0.45421890497725,0.187700537212006,0.0
HUN,2003,0.418114307449232,0.17971724484931,0.0
HUN,2004,0.449426242668097,0.188780374253933,0.00207257276632903
HUN,2005,0.409312455814952,0.214107473091597,0.00311485971285504
HUN,2006,0.543296413793284,0.238336091702377,0.00648296424099173
HUN,2007,0.466808154363912,0.194767249769338,0.00715908321329908
HUN,2008,0.659685571385385,0.240895210564367,0.003015561402601
HUN,2009,0.474511486110666,0.148972460616952,0.00185520448494024
HUN,2010,0.502154293766183,0.152616225507853,0.00263469386517703
HUN,2011,0.675554220375786,0.227052369950292,0.00162691599029336
HUN,2012,0.61841992081818,0.237336346667221,0.00113372294243201
HUN,2013,0.507806206790584,0.194311507285997,0.000516468180540356
HUN,2014,0.403352372971262,0.168537005640249,5.93708878299346e-05
HUN,2015,0.285147410110642,0.0838041826706206,2.99051954811002e-05
HUN,2016,0.227029691782411,0.0703386643669383,7.17432846628698e-05
HUN,2017,0.282558589313256,0.0926984004070823,0.000150830786578017
HUN,2018,0.347622949150536,0.133636368428239,2.75405794398869e-05
HUN,2019,0.303895061476493,0.144282544677301,0.0
HUN,2020,0.204655214271402,0.0833512506762371,0.0
HUN,2021,0.402362635857113,0.183887560301271,0.0
HUN,2022,,,
HUN,2023,,,
HUN,2024,,,
HUN,2025,,,
IBD,1960,,,
IBD,1961,,,
IBD,1962,,,
IBD,1963,,,
IBD,1964,,,
IBD,1965,,,
IBD,1966,,,
IBD,1967,,,
IBD,1968,,,
IBD,1969,,,
IBD,1970,2.26015343182613,0.874896805187201,0.599645868392072
IBD,1971,2.35273107677612,1.04228198592804,0.448555983280572
IBD,1972,2.60767035623284,1.22957548837034,0.412860638616725
IBD,1973,3.6815991168413,1.74635512473584,0.584203214297117
IBD,1974,9.05099180281355,6.89738682952416,0.899608070354718
IBD,1975,8.67358680496843,6.13665397002127,0.554632815758527
IBD,1976,9.18702652314444,6.66626906839651,0.606974026342911
IBD,1977,9.0263040477018,6.2749784093096,0.61392906374972
IBD,1978,8.53584370488666,6.16258034606337,0.417888566518619
IBD,1979,12.4882782992213,9.70248826276194,0.707317402417386
IBD,1980,14.1068884344097,10.7606071928801,1.12307046941989
IBD,1981,10.7500185233347,7.74880503281532,0.727034739103902
IBD,1982,9.02119120173914,5.68507227271363,0.611823613489767
IBD,1983,9.48423188761643,6.70817867583999,0.716024217864098
IBD,1984,8.80779398240431,6.77373019864999,0.439647729349052
IBD,1985,8.62102914666444,6.44868202803404,0.536019857857662
IBD,1986,4.85779552968871,2.93322886460219,0.432811345149743
IBD,1987,6.16079710777417,4.30312895386342,0.523462523811632
IBD,1988,5.78154245234372,3.60933404919435,0.805888202274089
IBD,1989,7.58688275403754,5.31731464929618,0.727161790087656
IBD,1990,8.56657923547303,6.38838746141982,0.498674793323879
IBD,1991,4.99452765898328,2.96736030368731,0.411258215668025
IBD,1992,4.9587853884691,2.90537761526978,0.54581258672907
IBD,1993,4.68358326856202,2.98568125876093,0.347896602515984
IBD,1994,4.07398636010493,2.51876089927882,0.375088626968921
IBD,1995,4.29047316693884,2.48559573281549,0.3713070658606
IBD,1996,4.57361939948596,3.01411919744103,0.307794658827293
IBD,1997,3.95764874149896,2.56333298199934,0.264323683798769
IBD,1998,2.56753538034755,1.44139685335965,0.295166229157651
IBD,1999,3.68154316036823,2.61113358467846,0.285987495082294
IBD,2000,5.92833498059261,4.58076989205446,0.271771949127308
IBD,2001,5.2497910501048,3.4625638105857,0.226020691502235
IBD,2002,5.05914694095053,3.55733725294105,0.240209274115033
IBD,2003,5.23271591223494,3.68414360592772,0.238617575691332
IBD,2004,6.85177843280048,4.50081960088059,0.404888270469628
IBD,2005,8.12696797927379,5.80025629029898,0.71599233722603
IBD,2006,8.84170786904065,5.90101474164167,1.1535661127986
IBD,2007,8.64103896671593,5.18506514665115,1.64533175827623
IBD,2008,11.0240460812588,6.17596131127221,1.60710741554398
IBD,2009,6.02322261138084,3.37584507527966,0.864002394857411
IBD,2010,7.50962355985335,3.77486531536888,1.61478440590839
IBD,2011,9.17077515201093,4.74907574162652,1.82533387667731
IBD,2012,7.23289614356411,4.42874264851189,0.992296631027034
IBD,2013,6.10129209394309,3.77953516423681,0.860513683495552
IBD,2014,5.13837138436584,3.27918109522545,0.589259447074769
IBD,2015,2.85526379212225,1.51434893296272,0.345187825079234
IBD,2016,2.54785454170493,1.24606012962792,0.400297938170134
IBD,2017,3.20477644982547,1.65406377075533,0.500496062393569
IBD,2018,4.09584169570653,2.35219164069948,0.461081512983041
IBD,2019,3.35224263272756,1.87716328980849,0.406714764983178
IBD,2020,2.27046770486522,0.930435130550154,0.436272340211168
IBD,2021,4.6217846952628,1.84769518052058,1.28775269490792
IBD,2022,,,
IBD,2023,,,
IBD,2024,,,
IBD,2025,,,
IBT,1960,,,
IBT,1961,,,
IBT,1962,,,
IBT,1963,,,
IBT,1964,,,
IBT,1965,,,
IBT,1966,,,
IBT,1967,,,
IBT,1968,,,
IBT,1969,,,
IBT,1970,2.56240490414922,0.839051712451944,0.782637683522796
IBT,1971,2.49642357823135,0.952256533943088,0.56186507296895
IBT,1972,2.77766046037218,1.15476569555195,0.537047277068245
IBT,1973,3.99261450661997,1.65960313400352,0.819180083976784
IBT,1974,9.49560322969913,7.01611582303606,1.09674928046353
IBT,1975,8.76377798531508,6.07177850581189,0.613753840058012
IBT,1976,9.27755647254845,6.62282918801303,0.666247272150413
IBT,1977,9.34214495110629,6.34516194339025,0.663590776793309
IBT,1978,8.6738517993419,6.07447458249245,0.456333726322817
IBT,1979,13.112160101406,10.1722186177368,0.744693559285336
IBT,1980,13.912247748433,10.462749829814,1.11785116949179
IBT,1981,9.87820438349457,6.94241128818956,0.692893235140482
IBT,1982,8.35767352478346,5.01451271288258,0.580069635365165
IBT,1983,8.96941518275178,6.15743961789517,0.696291658304506
IBT,1984,8.50253822877933,6.36716052735119,0.445172152080526
IBT,1985,8.35239056241054,6.14602825020988,0.534795823653017
IBT,1986,4.86713395228773,2.75312059094898,0.453278744280038
IBT,1987,6.14709223372436,4.09527747497578,0.546110323903639
IBT,1988,5.81548771268204,3.4629445607807,0.834480881468324
IBT,1989,7.66840426116757,5.21052597949132,0.766701668402723
IBT,1990,8.70685997533296,6.32931142281774,0.522442582366371
IBT,1991,5.25427014604174,3.02952530268109,0.426780269223218
IBT,1992,5.29758668752239,3.03024451240051,0.550695580792335
IBT,1993,5.21357046041826,3.29411014332394,0.358408886666274
IBT,1994,4.73645428697354,2.90583998340734,0.386700633459569
IBT,1995,5.00027058190423,2.84151003297198,0.365104015892787
IBT,1996,5.2601512687344,3.36256045385195,0.302657930206437
IBT,1997,4.56940824533251,2.87973912179531,0.256714687500611
IBT,1998,3.05716033421918,1.60520964361588,0.279733939712482
IBT,1999,3.84352869778877,2.61035383265388,0.276770380175493
IBT,2000,6.13709903489324,4.63603675135648,0.26606992839973
IBT,2001,5.4279772849913,3.50248233378062,0.222212048920359
IBT,2002,5.24678917133979,3.56334231425697,0.238062958893787
IBT,2003,5.50271707943361,3.68976102589885,0.233500371132054
IBT,2004,7.00527567113276,4.52587361342202,0.395497704745563
IBT,2005,8.30005677322709,5.8642027928752,0.690601838735874
IBT,2006,8.97187539554407,5.94803048891623,1.1237516897737
IBT,2007,8.76541749019122,5.24669150472238,1.57942772080005
IBT,2008,11.0960077720205,6.26845635110616,1.54246831743138
IBT,2009,6.17384486825367,3.40266108777603,0.854317869723618
IBT,2010,7.64637750503923,3.87145730315576,1.58279747355402
IBT,2011,9.35466382752078,4.8966497687873,1.8054869873528
IBT,2012,7.41074007635681,4.473802710398,1.01141938123544
IBT,2013,6.24954489490705,3.79120105342022,0.86999500554043
IBT,2014,5.27835559430752,3.25883430698602,0.600341606008021
IBT,2015,3.00913748729592,1.4804442796059,0.357120884759627
IBT,2016,2.7108164398424,1.21193639419509,0.418920384757474
IBT,2017,3.37913375097997,1.63641494239055,0.529602871045594
IBT,2018,4.20794632636995,2.3378095332218,0.488941799430507
IBT,2019,3.49441674939887,1.90593255316339,0.417798697746448
IBT,2020,2.42240953800124,0.945146884343381,0.458331401612177
IBT,2021,4.798064194796,1.86131417442275,1.35241830323245
IBT,2022,,,
IBT,2023,,,
IBT,2024,,,
IBT,2025,,,
IDA,1960,,,
IDA,1961,,,
IDA,1962,,,
IDA,1963,,,
IDA,1964,,,
IDA,1965,,,
IDA,1966,,,
IDA,1967,,,
IDA,1968,,,
IDA,1969,,,
IDA,1970,3.76257941499769,,1.92333289687575
IDA,1971,3.38234050099936,0.260532126433087,1.32943167052476
IDA,1972,3.9165789244437,0.538472830514512,1.43126941904578
IDA,1973,6.38777556759575,0.853024188063718,2.71483910651673
IDA,1974,12.9522749949149,8.03237051802554,2.59037127343418
IDA,1975,9.22954812881922,5.56839174280026,1.02034370437341
IDA,1976,9.78895856643605,6.2710699413836,1.09175900432605
IDA,1977,11.6693453208562,6.93814369573634,1.03495790259814
IDA,1978,9.53230284973203,5.34467711214446,0.738565053141926
IDA,1979,17.9988209199558,13.9819012137904,1.02101623762611
IDA,1980,12.4842664979553,8.28689034535718,1.07969325826524
IDA,1981,5.26733656967552,2.68166272107938,0.512368210449659
IDA,1982,4.67925032632388,1.30046273567849,0.404082576074202
IDA,1983,5.6194141373259,2.57908895983621,0.568040937869492
IDA,1984,6.28404056151167,3.42030892951042,0.485227865835821
IDA,1985,6.33128960377836,3.87645565057777,0.525615753002026
IDA,1986,4.93337269109449,1.33743542003533,0.614076937239731
IDA,1987,6.03227570803857,2.41290641256196,0.729494021040125
IDA,1988,6.1950928989534,2.00633926888713,1.11903744420126
IDA,1989,8.56919654459155,4.10596316967734,1.17573171675023
IDA,1990,10.0792239778434,5.74209003839381,0.756764601116569
IDA,1991,7.44959139348696,3.55584630910625,0.558321494770249
IDA,1992,8.69063638646136,4.28232245753498,0.599633862718153
IDA,1993,10.7443288196772,6.51595828306209,0.46815860396948
IDA,1994,12.1188772521125,7.22199341608968,0.516073108224085
IDA,1995,12.5347124149948,6.62119329504853,0.299279184259088
IDA,1996,12.155353725429,6.86343479334148,0.251080405786589
IDA,1997,10.7994065910654,6.10301949510936,0.179245448090516
IDA,1998,7.66217024772265,3.14658223077013,0.134610315477568
IDA,1999,5.83751288489419,2.60066550262933,0.163297623293675
IDA,2000,8.57481226354987,5.28529970074438,0.199634102162435
IDA,2001,7.55507136925446,3.98216501376817,0.176836581247623
IDA,2002,7.34075145687823,3.63091618188904,0.214122316778921
IDA,2003,8.5057605883992,3.75274081672231,0.176629646462958
IDA,2004,8.74695488247632,4.80990299500394,0.289076315163583
IDA,2005,10.3146926049274,6.60894745571982,0.395197280671761
IDA,2006,10.475374080429,6.49126519089609,0.779561409237301
IDA,2007,10.2862092100798,6.00053311027189,0.773919826727788
IDA,2008,11.9511301158073,7.39111911475044,0.758501385783931
IDA,2009,7.98688801955542,3.72913814408019,0.737578801944376
IDA,2010,9.3734112274396,5.09771633745962,1.17705840682638
IDA,2011,11.791467735398,6.86049447735228,1.54159998213262
IDA,2012,9.80369472646145,5.07917773883828,1.26810306397042
IDA,2013,8.17021351998384,3.9424070262389,0.992772130370375
IDA,2014,7.00772452786071,3.00694099407209,0.737417641736805
IDA,2015,4.84442291235382,1.07570422014188,0.499539561844876
IDA,2016,4.68418512417712,0.798252903881617,0.644623966596886
IDA,2017,5.59386791505351,1.41224493293895,0.899211421743694
IDA,2018,5.63568609877712,2.15455156120357,0.843845720521792
IDA,2019,5.15856760250842,2.24306371932775,0.547653271870311
IDA,2020,4.18719950855609,1.11620131527686,0.714749671871981
IDA,2021,7.03202163873812,2.03413405835824,2.17279827969123
IDA,2022,,,
IDA,2023,,,
IDA,2024,,,
IDA,2025,,,
IDB,1960,,,
IDB,1961,,,
IDB,1962,,,
IDB,1963,,,
IDB,1964,,,
IDB,1965,,,
IDB,1966,,,
IDB,1967,,,
IDB,1968,,,
IDB,1969,,,
IDB,1970,2.56689507672876,0.551537524665777,0.313041149013996
IDB,1971,2.40782548510911,0.361091938705989,0.311170471697137
IDB,1972,3.25407543968618,0.828392724324099,0.685445363234233
IDB,1973,5.34521779888621,1.49661671717773,1.2624195597221
IDB,1974,18.8075036656119,15.4717692871424,1.25821670738871
IDB,1975,13.4344411145929,10.3283797665709,0.647095418746667
IDB,1976,12.5796390406092,9.92128525788479,0.612290239118341
IDB,1977,14.9908210472364,11.4795013721551,0.628344610365909
IDB,1978,12.2260314115384,8.80243323950978,0.596663878216601
IDB,1979,26.1706290286601,23.0161853690479,0.684353019941582
IDB,1980,16.5284693857263,13.4472752152352,0.674384551717831
IDB,1981,4.58436243626164,3.18289742185304,0.29036610402487
IDB,1982,3.04501786320158,1.29001249565745,0.255786588205393
IDB,1983,5.24707257248551,3.3880345732478,0.38600411145118
IDB,1984,7.01581899997681,5.12379275235526,0.362274775642955
IDB,1985,7.93878131740499,6.16991734786758,0.434483861441276
IDB,1986,4.7946988570115,2.29631523932096,0.451667565198051
IDB,1987,7.12247943513833,4.41762225893043,0.580665322372888
IDB,1988,6.54573506549008,3.60274463745167,0.784286714438929
IDB,1989,11.3294340100906,8.10397099211689,0.75373573964363
IDB,1990,13.1892374279512,9.63382510843939,0.509855366127641
IDB,1991,9.51563071405609,6.03921008057692,0.713869574611433
IDB,1992,10.186534491537,6.74698915896942,0.782839145557015
IDB,1993,14.6158353309993,10.6574530658763,0.568810245632929
IDB,1994,13.2492901191363,8.85345179552511,0.616507568382679
IDB,1995,14.2755545524488,9.41723129046559,0.346717256103761
IDB,1996,14.4603957047395,10.2960951322933,0.209885787955441
IDB,1997,12.9679984890376,9.2130532933528,0.122915089272109
IDB,1998,8.11523542279173,4.61966395466769,0.0693506391450028
IDB,1999,6.18607540721916,3.96763162334022,0.103067536835521
IDB,2000,10.6670651140754,8.05445211915111,0.142285471081304
IDB,2001,8.90851324375446,5.82657551400837,0.0755627356522862
IDB,2002,7.95894410353973,5.0815810370966,0.120726136343033
IDB,2003,8.56577313363633,5.21895420454041,0.127434761486258
IDB,2004,9.43757432368817,6.57657788811164,0.24011463082553
IDB,2005,11.5553435777101,9.0048365882975,0.253651741065036
IDB,2006,11.5329177230184,8.54459498428525,0.473181653475687
IDB,2007,10.8778906890393,7.93926420461161,0.459054876408888
IDB,2008,12.7295301111753,9.30186128886017,0.495036694163639
IDB,2009,7.89713583460051,4.83078884182972,0.53802128871874
IDB,2010,10.2021393526525,7.01812624083994,0.899715482473779
IDB,2011,12.6913473452462,8.94623710917317,1.11539769744723
IDB,2012,11.0480406650875,7.64634648145859,0.868157615680397
IDB,2013,8.7596095624707,5.97552834241421,0.55745265239955
IDB,2014,6.94148305563742,4.46030510414143,0.396797387667949
IDB,2015,4.07826551564687,1.6761043600319,0.324434567748545
IDB,2016,3.90513658990217,1.40760813905034,0.535829920698183
IDB,2017,5.5940008191973,2.54694459148034,0.762788741828357
IDB,2018,6.71877434554955,3.82124037795879,0.693250409259102
IDB,2019,6.25472433025524,3.88224103326757,0.400155063236486
IDB,2020,4.22291579046737,1.92495490394272,0.511023574836771
IDB,2021,7.1395902348144,3.48137628186979,1.0407923671165
IDB,2022,,,
IDB,2023,,,
IDB,2024,,,
IDB,2025,,,
IDN,1960,,,
IDN,1961,,,
IDN,1962,,,
IDN,1963,,,
IDN,1964,,,
IDN,1965,,,
IDN,1966,,,
IDN,1967,,,
IDN,1968,,,
IDN,1969,,,
IDN,1970,3.60940308776086,0.336862259796396,0.274481829100583
IDN,1971,3.3768595082994,0.393074983334933,0.327646186175331
IDN,1972,4.98266891247508,1.3474557447482,0.315147737004647
IDN,1973,9.95168218346246,3.55777834499323,0.595708423618814
IDN,1974,20.4671411529603,16.3717248190738,0.793652681924752
IDN,1975,17.3741910814135,14.1834892884666,0.381782665547225
IDN,1976,17.7273792126019,14.6294959716155,0.373790612864404
IDN,1977,18.2561333218604,14.813753286107,0.427489708780719
IDN,1978,15.7761958164673,12.5927750710472,0.423814234186758
IDN,1979,34.9226550856586,29.9652954272508,0.666852891813508
IDN,1980,28.4443500142244,24.353197772034,0.549868212101314
IDN,1981,19.4531582953801,17.4960662019856,0.340162161207947
IDN,1982,10.8694649043359,9.25543574224988,0.226251648450973
IDN,1983,14.0181435916622,12.0154311395155,0.263877904573553
IDN,1984,13.9506455931731,12.1765360023404,0.261621326427342
IDN,1985,13.0786729597268,11.1670088241063,0.254171325178774
IDN,1986,8.74391532825494,5.85764960650661,0.187708479137089
IDN,1987,12.1494111109202,8.88214127520327,0.290891915297794
IDN,1988,9.61090627607872,5.98981362304596,1.02462357840359
IDN,1989,11.8026806942817,8.12288021039403,1.03744644018378
IDN,1990,13.273646932127,9.91945749843524,0.712642459967984
IDN,1991,8.3647242051385,5.59365035937227,0.31932723095655
IDN,1992,8.18443735972524,5.36966700706448,0.228008437490347
IDN,1993,6.63011643197696,4.21951518114362,0.139171615594703
IDN,1994,5.81546573340571,3.18630434473207,0.200119113799555
IDN,1995,6.18686041657674,2.9733252636664,0.708278556583866
IDN,1996,6.42800323693652,3.29829614660024,0.630982423330039
IDN,1997,5.99702078194871,2.9527366047692,0.554171678420157
IDN,1998,9.08504454166328,3.10513870524274,1.35634319697773
IDN,1999,7.8691294427354,3.7780928159414,0.9772461126023
IDN,2000,11.1257366947505,6.51396124227823,0.990349937041244
IDN,2001,9.29197183116353,4.50279039188872,0.968409758353021
IDN,2002,7.28595475221916,3.50125448115221,0.856603744414542
IDN,2003,7.1428118800621,3.06092866032223,0.918755262552855
IDN,2004,9.12075209301056,3.94237539539958,1.01171111673856
IDN,2005,10.3253531632848,5.20636964649797,1.58686660914769
IDN,2006,9.40722899701392,4.55289184316296,1.77357767480631
IDN,2007,9.75766253508312,3.6879578095142,2.65498357606547
IDN,2008,11.10028650133,4.60202331049434,1.02468839771291
IDN,2009,6.42593139928445,2.12191492904716,1.41195377994442
IDN,2010,7.13560902238893,2.31580791993823,1.51452958965276
IDN,2011,8.5631139337506,2.96041980198707,1.37848884835229
IDN,2012,5.94561486320563,2.51944833801451,0.577088878511745
IDN,2013,5.38990903395495,2.24228816443479,0.720021093755813
IDN,2014,4.79162103687978,1.97502549820142,0.291031667870561
IDN,2015,3.08136736381978,0.796675128718901,0.23191256139581
IDN,2016,2.66818993930963,0.62227933803086,0.325598442301629
IDN,2017,3.08016177152276,0.799367966127144,0.338696264430664
IDN,2018,4.21663374449654,1.13230201999671,0.664931025171148
IDN,2019,3.23583967668836,0.740134609514678,0.527633581615829
IDN,2020,2.43866732275102,0.287189045702826,0.472187315251355
IDN,2021,5.15704008451705,0.766028339629635,1.90957956113463
IDN,2022,,,
IDN,2023,,,
IDN,2024,,,
IDN,2025,,,
IDX,1960,,,
IDX,1961,,,
IDX,1962,,,
IDX,1963,,,
IDX,1964,,,
IDX,1965,,,
IDX,1966,,,
IDX,1967,,,
IDX,1968,,,
IDX,1969,,,
IDX,1970,5.31774586160879,,3.25861457092809
IDX,1971,3.88909793360676,,2.08111968410058
IDX,1972,4.13129241814647,,2.04281170343316
IDX,1973,6.74262163802083,,3.7799856151117
IDX,1974,6.17298295423996,,3.67391346573174
IDX,1975,5.49842921991536,1.41279591253998,1.30830065743179
IDX,1976,4.31553954636935,,1.58103272784101
IDX,1977,5.87864249912431,,1.44260737218094
IDX,1978,4.85334907807879,,0.87443313174675
IDX,1979,4.86670381320423,,1.37943902088873
IDX,1980,7.79257920821589,2.29484791737034,1.55085302381561
IDX,1981,6.57769787542034,1.72057299025862,0.938192659047311
IDX,1982,7.5635185634784,1.31890042143736,0.665823986572715
IDX,1983,6.13496681108696,1.4596088164084,0.81990157076816
IDX,1984,5.42936381550481,1.42816075520718,0.629097607892547
IDX,1985,4.4784779716823,1.2313462677631,0.630785859971009
IDX,1986,5.07342290309697,0.388618044551775,0.774812019697866
IDX,1987,4.98988490774133,0.492885220365241,0.871851659436559
IDX,1988,5.88841067038108,0.605681105173527,1.41237573824998
IDX,1989,6.33778105185686,0.869945199968237,1.51686269057423
IDX,1990,7.75064543464613,2.79453198441663,0.947420618236872
IDX,1991,5.90773710388303,1.6924328475116,0.441737928827664
IDX,1992,7.38069389853658,2.11466766537963,0.438745889548882
IDX,1993,7.33560762843572,2.85655705162683,0.379361578153621
IDX,1994,11.0212020254614,5.62795465772656,0.418104006247313
IDX,1995,10.2357666271671,2.93483093301501,0.236844240279127
IDX,1996,8.60883968446792,1.58788927709073,0.314290230593097
IDX,1997,7.45474466544874,1.31100703576428,0.265913137652527
IDX,1998,6.94673387970956,0.828917832245471,0.237133069229545
IDX,1999,5.51639353247301,1.4022179029012,0.215202212795167
IDX,2000,6.58007700376553,2.65725527289739,0.253331759973502
IDX,2001,6.24412789615919,2.20865670368122,0.272876355995897
IDX,2002,6.71803350374338,2.20402223792741,0.304623148511206
IDX,2003,8.42202201676587,2.29381066949564,0.224674225878788
IDX,2004,8.03196003355674,2.97315843819355,0.339984655597806
IDX,2005,9.00114638637357,4.07491520863847,0.544915292573452
IDX,2006,9.28623443100809,4.18849070979747,1.12315287329846
IDX,2007,9.63871146957938,3.88617125379922,1.11734956672196
IDX,2008,11.1393964760446,5.43726326897369,1.02798703756234
IDX,2009,8.04412867375817,2.67510035768761,0.925238784392969
IDX,2010,8.57259152696577,3.25900320726323,1.44274529266437
IDX,2011,10.9069871085796,4.83141490651918,1.95647502205897
IDX,2012,8.44847535703617,2.31960869945646,1.69827554220493
IDX,2013,7.52277356056321,1.75875371244819,1.4606798388747
IDX,2014,7.07970311100252,1.41535141911274,1.11070822378181
IDX,2015,5.64238931614291,0.4483075221468,0.68242623363514
IDX,2016,5.40909209553318,0.229933260234281,0.746039624861625
IDX,2017,5.58624249742014,0.403295059906366,1.02045288285349
IDX,2018,4.67388744522673,0.688087414072426,0.976281188001329
IDX,2019,4.02925605394591,0.557125760376408,0.699280732842236
IDX,2020,4.15186177960463,0.352106015575839,0.907130032242877
IDX,2021,6.92683105329959,0.667773937046469,3.24101456944397
IDX,2022,,,
IDX,2023,,,
IDX,2024,,,
IDX,2025,,,
IMN,1960,,,
IMN,1961,,,
IMN,1962,,,
IMN,1963,,,
IMN,1964,,,
IMN,1965,,,
IMN,1966,,,
IMN,1967,,,
IMN,1968,,,
IMN,1969,,,
IMN,1970,,,
IMN,1971,,,
IMN,1972,,,
IMN,1973,,,
IMN,1974,,,
IMN,1975,,,
IMN,1976,,,
IMN,1977,,,
IMN,1978,,,
IMN,1979,,,
IMN,1980,,,
IMN,1981,,,
IMN,1982,,,
IMN,1983,,,
IMN,1984,,,
IMN,1985,,,
IMN,1986,,,
IMN,1987,,,
IMN,1988,,,
IMN,1989,,,
IMN,1990,,,
IMN,1991,,,
IMN,1992,,,
IMN,1993,,,
IMN,1994,,,
IMN,1995,0.0,,0.0
IMN,1996,0.0,,0.0
IMN,1997,0.0,,0.0
IMN,1998,0.0,,0.0
IMN,1999,0.0,,0.0
IMN,2000,0.0,,0.0
IMN,2001,0.0,,0.0
IMN,2002,0.0,,0.0
IMN,2003,0.0,,0.0
IMN,2004,0.0,,0.0
IMN,2005,0.0,,0.0
IMN,2006,0.0,,0.0
IMN,2007,0.0,,0.0
IMN,2008,0.0,,0.0
IMN,2009,0.0,,0.0
IMN,2010,0.0,,0.0
IMN,2011,0.0,,0.0
IMN,2012,0.0,,0.0
IMN,2013,0.0,,0.0
IMN,2014,0.0,,0.0
IMN,2015,0.0,,0.0
IMN,2016,0.0,,0.0
IMN,2017,0.0,,0.0
IMN,2018,0.0,,0.0
IMN,2019,0.0,,0.0
IMN,2020,,,
IMN,2021,,,
IMN,2022,,,
IMN,2023,,,
IMN,2024,,,
IMN,2025,,,
IND,1960,,,
IND,1961,,,
IND,1962,,,
IND,1963,,,
IND,1964,,,
IND,1965,,,
IND,1966,,,
IND,1967,,,
IND,1968,,,
IND,1969,,,
IND,1970,0.721150483394386,0.0688503864853239,0.230817793611848
IND,1971,0.890063961590438,0.0872182328096747,0.237749022075074
IND,1972,0.873093064154811,0.0784205065259609,0.221188401342388
IND,1973,0.995127238885834,0.0774270359807677,0.189217228794841
IND,1974,1.63322038672398,0.426930778238217,0.237879844407062
IND,1975,3.12530676330998,0.534883411071357,0.331053498495601
IND,1976,3.00845727510931,0.613269459126098,0.475123823482261
IND,1977,3.97799159543185,0.677970825323972,0.406153479962113
IND,1978,3.40167543241531,0.675079133466502,0.260954315248578
IND,1979,3.29774174697588,1.56638969176912,0.291013788439217
IND,1980,2.87592821519871,0.985472823424609,0.295481648391976
IND,1981,3.90443539941674,1.60586415416846,0.289870230986033
IND,1982,4.10859968753251,1.36239469995123,0.349892120459688
IND,1983,3.49819358623705,1.72210113737219,0.2536376808284
IND,1984,3.33128372870149,1.72794649557927,0.254870949155411
IND,1985,3.47022922565287,2.02171247713905,0.251388280526356
IND,1986,2.3782700206859,0.907033865672225,0.240581287515709
IND,1987,2.16185027664221,1.08844850277486,0.191654893720457
IND,1988,2.06185516844859,0.816441006899181,0.254832495732473
IND,1989,2.83144584996427,1.33074020544064,0.321681391138201
IND,1990,3.3986712311783,1.72936446209105,0.304710791954335
IND,1991,3.10011401825838,1.19195275573098,0.253142749713204
IND,1992,2.79705477887181,0.961307658513148,0.324165784779433
IND,1993,2.4418972318602,0.859559953245587,0.279107901049608
IND,1994,2.10944149889399,0.79702774897854,0.210288447004752
IND,1995,2.52791051476565,0.865833520899187,0.219173334899465
IND,1996,2.48487036956728,0.960764449555637,0.23367730443663
IND,1997,2.20619110499979,0.850995097336145,0.223190170888022
IND,1998,1.7888332837601,0.429736693495449,0.362647792725635
IND,1999,1.85009641725959,0.70843039067171,0.266885431222738
IND,2000,2.46830054070033,1.19880896935781,0.261484986654409
IND,2001,2.43620876424905,0.869871197224191,0.281168418270262
IND,2002,2.34136271190342,0.898515923740017,0.273599724435957
IND,2003,2.22671508998187,0.860363359311968,0.240792185441215
IND,2004,3.16931675641458,1.06043123794654,0.304343548351911
IND,2005,3.6587436038218,1.28780837185882,0.839983093989034
IND,2006,3.93368584480297,1.33146821912931,1.01880931000453
IND,2007,4.44228487841539,1.15214697247781,1.70049664592402
IND,2008,7.10934832396732,1.58498271088646,2.27976069077449
IND,2009,3.36239161008031,0.638793187629364,0.936378160326233
IND,2010,4.49751864332879,0.815747227430213,1.51316086876236
IND,2011,5.30507567095095,1.34852705756453,1.42378541419491
IND,2012,4.02383769335832,1.31387208215422,0.765651522424161
IND,2013,3.67308833438322,1.19335415579377,0.89395152707577
IND,2014,2.81368985123428,0.945192923172492,0.536394962114999
IND,2015,1.77764002432658,0.359940708852176,0.285905510479196
IND,2016,1.74839023532939,0.220297977730946,0.356697463670271
IND,2017,1.98393401607656,0.313225226270499,0.457790108813118
IND,2018,2.25531632110711,0.446629594682818,0.432284884211342
IND,2019,2.01224538396897,0.30502831579148,0.649451614747357
IND,2020,1.78466920695081,0.144343868543637,0.686623320605056
IND,2021,3.15934537555664,0.325610194100608,1.31522382631184
IND,2022,,,
IND,2023,,,
IND,2024,,,
IND,2025,,,
IRL,1960,,,
IRL,1961,,,
IRL,1962,,,
IRL,1963,,,
IRL,1964,,,
IRL,1965,,,
IRL,1966,,,
IRL,1967,,,
IRL,1968,,,
IRL,1969,,,
IRL,1970,0.427790506808475,,0.391942322453095
IRL,1971,0.270979457954268,0.0,0.240682152830817
IRL,1972,0.276375515787341,0.0,0.241742290167353
IRL,1973,0.742886741352391,0.0,0.69749083725279
IRL,1974,0.940680528195148,0.0,0.912281371583445
IRL,1975,0.185248929624126,0.0,0.147702203133925
IRL,1976,0.154778400578069,0.0,0.0978182932257236
IRL,1977,0.169555241013896,0.0,0.133784186888465
IRL,1978,0.169788630035367,0.0,0.107863967532264
IRL,1979,0.448757567504146,0.0,0.3234699181263
IRL,1980,0.366185829553972,0.0,0.160944359103937
IRL,1981,0.266515159918117,0.0,0.048533274367417
IRL,1982,0.21518728987195,0.0,0.0208438264144832
IRL,1983,0.292174454999047,0.0,0.0
IRL,1984,0.320137736806557,0.0,0.00271515143995968
IRL,1985,0.304112659838417,0.0,0.0
IRL,1986,0.176969007943276,0.0,0.0
IRL,1987,0.110604153372388,0.0,0.00633431573800828
IRL,1988,0.641953721101898,0.0,0.541749437950494
IRL,1989,0.762222729922617,0.0,0.645364594565281
IRL,1990,0.287358128232744,0.0,0.155316915367796
IRL,1991,0.132003955649951,0.0,0.0352863654364461
IRL,1992,0.111273845087002,0.0,0.0409593919684824
IRL,1993,0.111087251645732,0.0,0.000399246166536723
IRL,1994,0.112670320105068,0.0,0.00755204065139109
IRL,1995,0.140537364836712,0.0,0.0
IRL,1996,0.126237068936823,0.0,0.0
IRL,1997,0.13774575403257,0.0,0.0335203001724742
IRL,1998,0.0373492681800465,0.0,0.0
IRL,1999,0.0315978285069762,0.0,0.0
IRL,2000,0.0763340706312449,0.0,0.0239798475453334
IRL,2001,0.0566582045310828,0.0,0.0
IRL,2002,0.0475809059335846,0.0,0.0
IRL,2003,0.0356363486219039,0.0,0.0
IRL,2004,0.0549131558913933,0.0,0.0260653918662168
IRL,2005,0.0636046148237513,0.000104554774481391,0.0420519559660556
IRL,2006,0.309124322700795,0.000220340993296497,0.280174684326165
IRL,2007,0.285066705996576,0.0,0.260729177786261
IRL,2008,0.0396359171524907,0.0,0.00650678978560513
IRL,2009,0.0448352849146384,0.0,0.0188187699584014
IRL,2010,0.108587847065061,0.0084342457466574,0.0718400315222618
IRL,2011,0.0962427963966132,0.00518125344429736,0.0610901916177201
IRL,2012,0.058557220023201,0.00580802788099242,0.0239662720459509
IRL,2013,0.0370891175584479,0.00425988559637562,0.00433097966380148
IRL,2014,0.0353958706182933,0.00393161333522517,0.00839518763698245
IRL,2015,0.0187707084805869,0.00127546010473342,0.000547335007321291
IRL,2016,0.0652248713159719,0.00103242097431613,0.0105176701404183
IRL,2017,0.112833072357874,0.00137273248762722,0.0415780081021837
IRL,2018,0.126075695067046,0.00222636273443113,0.0308572920472918
IRL,2019,0.0671703776701016,0.00192075459732704,0.011872052090784
IRL,2020,0.0367626864571587,0.00096047242789138,0.0101375129035784
IRL,2021,0.10098823103923,0.00194465680647297,0.0362496707797038
IRL,2022,,,
IRL,2023,,,
IRL,2024,,,
IRL,2025,,,
IRN,1960,,,
IRN,1961,,,
IRN,1962,,,
IRN,1963,,,
IRN,1964,,,
IRN,1965,,,
IRN,1966,,,
IRN,1967,,,
IRN,1968,,,
IRN,1969,,,
IRN,1970,12.7573166532525,11.7339839421763,0.0338635426115682
IRN,1971,16.4584896353081,14.8261594078895,0.0215121032127779
IRN,1972,17.5730871259509,16.7252736694196,0.0301714140564944
IRN,1973,19.2995018193691,18.568940368485,0.0894075664944486
IRN,1974,47.811397583467,47.360140628302,0.108502164598378
IRN,1975,38.1449645758838,37.2662498162087,0.0324895145103033
IRN,1976,33.8879214109636,33.2729575358116,0.0278085934167554
IRN,1977,30.3247382295186,29.6619105232745,0.0208375067223904
IRN,1978,32.4359606220402,31.7653421755558,0.018696259528358
IRN,1979,36.9624941521813,36.2712245910874,0.017897018267441
IRN,1980,34.4935696763401,34.0602967673368,0.0086616516403685
IRN,1981,27.2671984227087,26.9572602616531,0.00713902316840754
IRN,1982,20.0016361862627,19.7882685941967,0.0222771326584239
IRN,1983,16.239466364086,15.9331788351053,0.0240019202161622
IRN,1984,15.1689761650579,14.834775869565,0.0155355867455409
IRN,1985,13.3620164339938,13.0111600545153,0.0182164522556858
IRN,1986,5.62097656764036,5.3261828496059,0.00760395089217044
IRN,1987,12.1574796528458,11.7165752598757,0.0181854998264505
IRN,1988,11.6910176676536,11.0534011695511,0.165337419349664
IRN,1989,18.3952171882248,17.7018963845968,0.1671166230366
IRN,1990,23.9854435223543,23.2912360336472,0.110606497734232
IRN,1991,,,
IRN,1992,,,
IRN,1993,30.8421065078492,29.3853282211644,0.139908367501216
IRN,1994,25.8095921553796,24.2190216392295,0.233898846527845
IRN,1995,20.7724689741647,19.3040585759505,0.250011477194448
IRN,1996,20.9894625885333,19.6685614584308,0.109188225751502
IRN,1997,19.7567159419881,18.0436980240134,0.127055091970103
IRN,1998,13.3950142635049,11.6492107603037,0.130487529657237
IRN,1999,18.626607792413,16.7896155043784,0.09776074349142
IRN,2000,33.082196505073,30.6637746707723,0.0843084131247478
IRN,2001,24.0565282820387,21.4882168458321,0.0742215523232544
IRN,2002,22.901560055169,20.4437414632993,0.0781738137360549
IRN,2003,24.1803070892105,22.0449174416527,0.0568901028390886
IRN,2004,27.2443648124195,25.1990020398231,0.187668538111119
IRN,2005,34.4823160181386,31.6076762648214,0.399231467997184
IRN,2006,34.7791285091133,31.5582038058527,0.733376016232142
IRN,2007,29.1825071901049,26.1252401169156,1.04037894076244
IRN,2008,33.5227511829978,30.5659738980313,1.05351568532114
IRN,2009,20.3362743181973,17.5512587993854,0.472460550405355
IRN,2010,23.0680430493324,20.2248363529261,0.952827159850501
IRN,2011,25.3461464486072,22.3514589221281,1.04689385094231
IRN,2012,21.1187189284557,18.4120723402826,0.668779628211241
IRN,2013,24.9467390294435,21.2565665523955,0.95144936458257
IRN,2014,24.8607811408678,21.2353758265799,0.632030591810473
IRN,2015,15.2302994765894,12.2663527393474,0.323113318442047
IRN,2016,13.1358103039789,10.8895031509112,0.3203618349802
IRN,2017,17.4677964309489,14.6204399688795,0.498537165708424
IRN,2018,34.2395948033408,27.6646471563106,0.743592034577805
IRN,2019,27.8006661533715,20.0780490508657,0.875208744950145
IRN,2020,23.2391718001181,13.2733495355914,1.44882935675929
IRN,2021,30.4480600937139,18.2658980929233,3.355880410138
IRN,2022,,,
IRN,2023,,,
IRN,2024,,,
IRN,2025,,,
IRQ,1960,,,
IRQ,1961,,,
IRQ,1962,,,
IRQ,1963,,,
IRQ,1964,,,
IRQ,1965,,,
IRQ,1966,,,
IRQ,1967,,,
IRQ,1968,,,
IRQ,1969,,,
IRQ,1970,16.034068400461,15.8858496718005,0.0
IRQ,1971,19.7920580765485,19.6222511460367,0.0
IRQ,1972,20.6686045819373,20.4871383827218,0.0
IRQ,1973,29.1509742146843,28.9614336880603,0.0
IRQ,1974,62.5127923677336,62.4231050158309,0.0
IRQ,1975,59.5720027452484,59.3693162416573,0.0
IRQ,1976,53.4083907083666,53.2158596377084,0.0
IRQ,1977,50.0797660399872,49.9166090990382,0.0
IRQ,1978,46.7208993690198,46.5546857332379,0.0
IRQ,1979,,,0.0
IRQ,1980,55.2823470502766,55.1993982523256,0.0
IRQ,1981,27.1614112280031,27.1091551096744,0.0
IRQ,1982,20.0453263873823,20.0233110307364,0.0
IRQ,1983,20.6249877907476,20.5796519555524,0.0
IRQ,1984,21.1114762213136,21.0730748199989,0.0
IRQ,1985,23.6666331147495,23.6158838462632,0.0
IRQ,1986,14.2487427068512,14.1460394762865,0.0
IRQ,1987,20.0784872301704,19.900227861851,0.0
IRQ,1988,19.7168569306038,19.472485013566,0.0
IRQ,1989,28.3657684421406,28.1033198518327,0.0
IRQ,1990,9.49934858319275,9.43308520348142,0.0
IRQ,1991,,,0.0
IRQ,1992,,,0.0
IRQ,1993,,,0.0
IRQ,1994,67.443000755851,65.0494756773985,0.0
IRQ,1995,23.0812208617925,22.2780163741492,0.0
IRQ,1996,36.4781663325503,35.3690100952815,0.0
IRQ,1997,32.1441683410111,31.5815439751539,0.0
IRQ,1998,37.1258114796528,36.6105813767315,0.0
IRQ,1999,37.017920402799,36.719435347494,0.0
IRQ,2000,48.8587830406916,48.5807178166885,0.0
IRQ,2001,49.5653017649245,49.1960317224957,0.0
IRQ,2002,46.9721057272114,46.6719927539111,0.0
IRQ,2003,53.2980916080186,53.0047978158982,0.0
IRQ,2004,64.7757532260062,64.6550924823725,0.0
IRQ,2005,65.3184967985808,65.1575951980304,0.0
IRQ,2006,63.7269526475673,63.5551402676835,0.0
IRQ,2007,53.2166911072318,52.9273802567399,0.00313253269755525
IRQ,2008,55.6857288439596,55.3793146361864,0.00163471121251792
IRQ,2009,39.5126626033864,39.1145928006965,0.00405987304396632
IRQ,2010,43.5682899383508,43.2562312170542,0.0046376301070444
IRQ,2011,51.1945404105542,50.9263659501053,0.0120887266276967
IRQ,2012,49.8510176490635,49.6110993818029,0.0134283036554794
IRQ,2013,45.579366576846,45.3313602184612,0.00776847950496444
IRQ,2014,46.8543961454295,46.6038527995508,0.000455788505509303
IRQ,2015,37.5037172137922,37.2575416723352,0.0
IRQ,2016,33.2189217237902,32.9650560560142,0.0
IRQ,2017,39.2005542312932,38.9203120843433,0.0
IRQ,2018,46.1477869076682,45.7658631354446,0.0
IRQ,2019,40.609902398822,40.2312783051026,0.0
IRQ,2020,27.4170131896725,27.035001916172,0.0
IRQ,2021,43.4458576871878,42.7870984915076,0.0
IRQ,2022,,,
IRQ,2023,,,
IRQ,2024,,,
IRQ,2025,,,
ISL,1960,,,
ISL,1961,,,
ISL,1962,,,
ISL,1963,,,
ISL,1964,,,
ISL,1965,,,
ISL,1966,,,
ISL,1967,,,
ISL,1968,,,
ISL,1969,,,
ISL,1970,0.0,,0.0
ISL,1971,0.0,0.0,0.0
ISL,1972,0.0,0.0,0.0
ISL,1973,0.0,0.0,0.0
ISL,1974,0.0,0.0,0.0
ISL,1975,0.0,0.0,0.0
ISL,1976,0.0,0.0,0.0
ISL,1977,0.0,0.0,0.0
ISL,1978,0.0,0.0,0.0
ISL,1979,0.0,0.0,0.0
ISL,1980,0.0,0.0,0.0
ISL,1981,0.0,0.0,0.0
ISL,1982,0.0,0.0,0.0
ISL,1983,0.0,0.0,0.0
ISL,1984,0.0,0.0,0.0
ISL,1985,0.0,0.0,0.0
ISL,1986,0.0,0.0,0.0
ISL,1987,0.0,0.0,0.0
ISL,1988,0.0,0.0,0.0
ISL,1989,0.0,0.0,0.0
ISL,1990,0.0,0.0,0.0
ISL,1991,0.0,0.0,0.0
ISL,1992,0.0,0.0,0.0
ISL,1993,0.0,0.0,0.0
ISL,1994,0.0,0.0,0.0
ISL,1995,0.0,0.0,0.0
ISL,1996,0.0,0.0,0.0
ISL,1997,0.0,0.0,0.0
ISL,1998,0.0,0.0,0.0
ISL,1999,0.0,0.0,0.0
ISL,2000,0.0,0.0,0.0
ISL,2001,0.0,0.0,0.0
ISL,2002,0.0,0.0,0.0
ISL,2003,0.0,0.0,0.0
ISL,2004,0.0,0.0,0.0
ISL,2005,0.0,0.0,0.0
ISL,2006,0.0,0.0,0.0
ISL,2007,0.0,0.0,0.0
ISL,2008,0.0,0.0,0.0
ISL,2009,0.0,0.0,0.0
ISL,2010,0.0,0.0,0.0
ISL,2011,0.000381433858879967,0.0,0.0
ISL,2012,0.000359195529289947,0.0,0.0
ISL,2013,0.000366094154813878,0.0,0.0
ISL,2014,0.000347132787240568,0.0,0.0
ISL,2015,0.000299591985536916,0.0,0.0
ISL,2016,0.000252335387007271,0.0,0.0
ISL,2017,0.000217386585292874,0.0,0.0
ISL,2018,0.000196537396162221,0.0,0.0
ISL,2019,0.000108843842062041,0.0,0.0
ISL,2020,0.00010879409889394,0.0,0.0
ISL,2021,0.000106967737793307,0.0,0.0
ISL,2022,,,
ISL,2023,,,
ISL,2024,,,
ISL,2025,,,
ISR,1960,,,
ISR,1961,,,
ISR,1962,,,
ISR,1963,,,
ISR,1964,,,
ISR,1965,,,
ISR,1966,,,
ISR,1967,,,
ISR,1968,,,
ISR,1969,,,
ISR,1970,,,
ISR,1971,,,
ISR,1972,,,
ISR,1973,,,
ISR,1974,,,
ISR,1975,,,
ISR,1976,,,
ISR,1977,,,
ISR,1978,,,
ISR,1979,,,
ISR,1980,,,
ISR,1981,,,
ISR,1982,,,
ISR,1983,,,
ISR,1984,,,
ISR,1985,,,
ISR,1986,,,
ISR,1987,,,
ISR,1988,,,
ISR,1989,,,
ISR,1990,,,
ISR,1991,,,
ISR,1992,,,
ISR,1993,,,
ISR,1994,,,
ISR,1995,0.00368605155731831,0.000661661198917778,0.0
ISR,1996,0.00324588481253552,0.000433694580558032,0.0
ISR,1997,0.0040731421263798,0.00125681503040013,0.0
ISR,1998,0.00256430298613512,0.000293178918507522,0.0
ISR,1999,0.00336607176527144,0.000358538390621737,0.0
ISR,2000,0.00201911700378443,0.000538029851641422,0.0
ISR,2001,0.0011401524186069,0.00044300918148921,0.0
ISR,2002,0.00121323080572722,0.000607272154816841,0.0
ISR,2003,0.00094938677372319,0.000405868612191096,0.0
ISR,2004,0.0355017759427314,0.00033623760064506,0.0
ISR,2005,0.0596259989806162,0.000472182859671348,0.0
ISR,2006,0.105792513747818,0.00183148014420474,0.0165966786205587
ISR,2007,0.128587398678532,0.000982659663842538,0.0342156196028174
ISR,2008,0.386322234932509,0.00167170995232637,0.281737480720263
ISR,2009,0.309661455072217,0.00103859148443182,0.223473116088676
ISR,2010,0.173972024779987,0.000829577584663044,0.0871568516301515
ISR,2011,0.280630419352341,0.00535645069325495,0.146517470239984
ISR,2012,0.270058995740021,0.00329138463969431,0.187887769940001
ISR,2013,0.262662457508262,0.0118850270586983,0.0932339250177094
ISR,2014,0.240636647906702,0.0117966062119145,0.0619925007019844
ISR,2015,0.225690565978892,0.00644720440273846,0.0788494291706891
ISR,2016,0.184759592739644,0.00738204032323747,0.066432896904465
ISR,2017,0.175795530138224,0.00582932455005827,0.0422359233764264
ISR,2018,0.243287805206997,0.00878768893694255,0.0347299572280426
ISR,2019,0.189655855195189,0.00826237494176303,0.0
ISR,2020,0.272440677318125,0.00760868223036897,0.0
ISR,2021,0.441424749575518,0.0115224616168168,0.0
ISR,2022,,,
ISR,2023,,,
ISR,2024,,,
ISR,2025,,,
ITA,1960,,,
ITA,1961,,,
ITA,1962,,,
ITA,1963,,,
ITA,1964,,,
ITA,1965,,,
ITA,1966,,,
ITA,1967,,,
ITA,1968,,,
ITA,1969,,,
ITA,1970,0.0840688782645551,0.00103539463699362,0.00768910340680766
ITA,1971,0.0756793477059604,0.0028826200241433,0.00387813958379582
ITA,1972,0.0847073728925953,0.00332163326733811,0.00345784768277407
ITA,1973,0.0956514439809192,0.00457490851715433,0.0193878301060662
ITA,1974,0.165168211646232,0.0244170467935244,0.0291706966595745
ITA,1975,0.15946741159436,0.0229387904830796,0.0039700231284016
ITA,1976,0.179277813762888,0.0266073511104005,0.00373723237657419
ITA,1977,0.152123839203721,0.0235891107761354,0.00416366071562802
ITA,1978,0.133547756952225,0.0224558724987596,0.0029369122665419
ITA,1979,0.197277322641102,0.0508597298034335,0.00584407163474978
ITA,1980,0.220932926304353,0.0710650337447697,0.00403838012288211
ITA,1981,0.184636810217749,0.0642814735244098,0.00150131609037136
ITA,1982,0.108458259446155,0.0330719561038048,0.000518858967577064
ITA,1983,0.14585186313355,0.056621550512899,0.000281523775355117
ITA,1984,0.14621084990589,0.0548048253067521,0.000152745119205743
ITA,1985,0.143873679570737,0.0588532128711457,9.93226712435624e-06
ITA,1986,0.0846500434857652,0.0155743810607093,0.0
ITA,1987,0.0691519366187379,0.0337079485900258,0.000119677256469258
ITA,1988,0.0725640648298777,0.0281088846700528,0.0122152633442512
ITA,1989,0.0857723998362475,0.0415351145211809,0.0114195002533982
ITA,1990,0.0799152789503537,0.0444156422831305,0.00246915711719986
ITA,1991,0.0435646865622578,0.0190572160816962,0.000561046181710095
ITA,1992,0.0364574235915887,0.0196278174654375,0.000812037927937201
ITA,1993,0.0604194099464043,0.0243464642435962,0.00019978707474866
ITA,1994,0.0577851829786857,0.0219757631427477,0.000411474778358263
ITA,1995,0.0793380261253676,0.0243272748034026,0.000280050703479405
ITA,1996,0.0801352460559249,0.0327950110404903,0.000153061044780773
ITA,1997,0.0813185413686656,0.0296277236320651,0.000268817529510026
ITA,1998,0.0237533710689864,0.00860398801945926,0.000140238066387448
ITA,1999,0.0382882099882507,0.0238337432543426,0.000159904927777932
ITA,2000,0.0913316162596186,0.0491103009051332,0.000138489874672659
ITA,2001,0.102721225949045,0.0322847284179457,8.13094399256068e-05
ITA,2002,0.0896298707679109,0.0407901667424972,0.000111914917798999
ITA,2003,0.0826115695211021,0.0400847934902141,9.0730557573966e-05
ITA,2004,0.077743539369532,0.0463733545125626,3.62817529711905e-05
ITA,2005,0.10163496355748,0.0747436239867356,3.86168726856572e-05
ITA,2006,0.12265392810522,0.0777499536900344,9.83591242189987e-05
ITA,2007,0.116804781880987,0.0770690066986577,0.000222739039378522
ITA,2008,0.151794975884094,0.0935556302345291,0.000264087389232099
ITA,2009,0.0907628030750462,0.048036487144922,0.000354765737734252
ITA,2010,0.107793453561972,0.0632419734880662,0.000476899271238986
ITA,2011,0.156005817179348,0.101021789830648,0.000618004516534147
ITA,2012,0.169645844218462,0.108313381680821,0.0
ITA,2013,0.155477399468545,0.0998160374945312,0.0
ITA,2014,0.138451592682719,0.0967846101416793,0.0
ITA,2015,0.0819093188563771,0.0462003289451814,0.0
ITA,2016,0.0473051811205066,0.0238823821426404,0.0
ITA,2017,0.0639986448910056,0.0386725733265151,0.0
ITA,2018,0.0992013245530201,0.0660288682863186,0.0
ITA,2019,0.0824926231070219,0.055800623981932,0.0
ITA,2020,0.0559705463881882,0.0398531422796994,0.0
ITA,2021,0.112009125283042,0.077005203060734,0.0
ITA,2022,,,
ITA,2023,,,
ITA,2024,,,
ITA,2025,,,
JAM,1960,,,
JAM,1961,,,
JAM,1962,,,
JAM,1963,,,
JAM,1964,,,
JAM,1965,,,
JAM,1966,,,
JAM,1967,,,
JAM,1968,,,
JAM,1969,,,
JAM,1970,7.89586199522591,,7.79917387869582
JAM,1971,7.39233407570047,0.0,7.30999187913916
JAM,1972,6.08934374531805,0.0,6.02599389656832
JAM,1973,6.25016650890745,0.0,6.13764150864633
JAM,1974,12.0636729750255,0.0,11.9619784211563
JAM,1975,7.00723546202304,0.0,6.88407246287609
JAM,1976,7.10876930165631,0.0,6.99654045725211
JAM,1977,8.82971062720039,0.0,8.66621179209842
JAM,1978,11.1671486171906,0.0,10.9668809573519
JAM,1979,11.3334490297364,0.0,11.0780103145288
JAM,1980,10.9929144743641,0.0,10.6913232856908
JAM,1981,10.8935956189304,0.0,10.6382793753291
JAM,1982,8.52215476572748,0.0,8.06198379976222
JAM,1983,6.46891923063569,0.0,6.31655797518119
JAM,1984,11.0407478735267,0.0,10.8652301469246
JAM,1985,8.62650420777214,0.0,8.40753048797269
JAM,1986,6.60837816865052,0.0,6.36875364972666
JAM,1987,4.96442814345768,0.0,4.70175048740283
JAM,1988,4.16261498117096,0.0,3.94180912093227
JAM,1989,5.68662384756147,0.0,5.46635468081993
JAM,1990,6.33539612272519,0.0,6.01425055416285
JAM,1991,8.01120420596593,0.0,7.67485576368064
JAM,1992,8.65571923499643,0.0,8.30450098628621
JAM,1993,4.26281887491529,0.0,4.06199445478183
JAM,1994,4.40747937510843,0.0,4.17242693232199
JAM,1995,2.47731483689119,0.0,2.24031058755383
JAM,1996,2.79642441236809,0.0,2.57387221834593
JAM,1997,2.13122112617508,0.0,1.94171847323339
JAM,1998,1.84788667254486,0.0,1.68518755072021
JAM,1999,1.46015515717618,0.0,1.31616355063622
JAM,2000,1.49212985894039,0.0,1.36817354519982
JAM,2001,1.52237979807368,0.0,1.39684596061856
JAM,2002,1.22819587304474,0.11501979991379,1.02073146319649
JAM,2003,1.24749541822483,0.178381887913983,0.966323422371571
JAM,2004,1.88693412740829,0.165049939416478,1.62871802800372
JAM,2005,2.23829379024811,0.252469011179102,1.89923424109251
JAM,2006,3.34935566603225,0.683475577091461,2.54906659371791
JAM,2007,3.50487798321465,0.624344515923789,2.75727324751523
JAM,2008,3.01994685420205,1.06917692280528,1.82211040570747
JAM,2009,1.93833915588278,0.645410398235614,1.15247528096594
JAM,2010,1.66861545913939,0.242284268785806,1.20174205243424
JAM,2011,2.25616145768344,0.526914868641309,1.54488723432413
JAM,2012,1.83117834623622,0.49393788378898,1.16196916064023
JAM,2013,1.78135528369404,0.467457901037476,1.09261847262838
JAM,2014,1.78235182739347,0.437195148150247,1.09503492944202
JAM,2015,1.26600183802715,0.0,1.05145271082101
JAM,2016,1.28914557442918,0.0687391904547863,0.964293031781216
JAM,2017,1.52838623760003,0.179462172017927,1.12330060233655
JAM,2018,1.72957545790371,0.268056625056229,1.28551145271792
JAM,2019,0.364234398807819,0.213213396731904,0.0
JAM,2020,0.32243252555047,0.11529077951409,0.0
JAM,2021,0.457652062306756,0.294903461359937,0.0
JAM,2022,,,
JAM,2023,,,
JAM,2024,,,
JAM,2025,,,
JOR,1960,,,
JOR,1961,,,
JOR,1962,,,
JOR,1963,,,
JOR,1964,,,
JOR,1965,,,
JOR,1966,,,
JOR,1967,,,
JOR,1968,,,
JOR,1969,,,
JOR,1970,0.0288340973169945,,0.0
JOR,1971,0.0371354615047224,0.0,0.0
JOR,1972,0.0310520639403256,0.0,0.0
JOR,1973,0.0348562593903057,0.0,0.0
JOR,1974,4.40414727325972,0.0,4.3719597268681
JOR,1975,4.30961931143511,0.0,4.27445104763453
JOR,1976,1.17264536605013,0.0,1.1499909561091
JOR,1977,3.03952238024009,0.0,3.0113370013794
JOR,1978,0.0822377060667953,0.0,0.0549540866566685
JOR,1979,0.133059369924776,0.0,0.112634550409704
JOR,1980,0.788553523522306,0.0,0.768060048937294
JOR,1981,1.11443256106891,0.0,1.09623767866998
JOR,1982,0.649768134248387,0.0,0.610219940336046
JOR,1983,0.438094863985587,0.0,0.410657303051468
JOR,1984,0.0287825739217936,0.000496426494481332,0.0
JOR,1985,0.27744043322565,0.0716634793005074,0.194383652491627
JOR,1986,0.0513618019800394,0.027717129766529,0.0
JOR,1987,0.0588866174235615,0.0360830137355487,0.0
JOR,1988,0.0577464099237752,0.0324807277661423,0.0
JOR,1989,0.115317217325067,0.0344011556409836,0.0
JOR,1990,0.202404188553642,0.0698817164768138,0.0
JOR,1991,0.140327109062995,0.0165074302206483,0.0
JOR,1992,0.105092741184946,0.00599677319327304,0.0
JOR,1993,0.105493099473635,0.00269167787626671,0.0
JOR,1994,0.148673914235745,0.00219146843951796,0.0
JOR,1995,0.162141365161121,0.00199966150502877,0.0
JOR,1996,0.168204730106275,0.00316985261542321,0.0
JOR,1997,0.171269414531608,0.00274324747429505,0.0
JOR,1998,0.171082220315789,0.0016900846715067,0.0
JOR,1999,0.133271801510985,0.00234588325602697,0.0
JOR,2000,0.154211840900311,0.00382518728310133,0.0
JOR,2001,0.158418274554894,0.00270497731455219,0.0
JOR,2002,0.123626823797328,0.00236581016892771,0.0
JOR,2003,0.134054666661212,0.00236399852541283,0.0
JOR,2004,0.127634442261952,0.00252507093423412,0.0
JOR,2005,0.122013748794983,0.00299417370715913,0.0
JOR,2006,0.465565080137658,0.00336695469227265,0.344275496609694
JOR,2007,0.765508276851273,0.0032269913821269,0.665819788669085
JOR,2008,5.65269978809189,0.0047965442664046,5.56343584497924
JOR,2009,3.86553108888157,0.00223180513092879,3.78076992202376
JOR,2010,1.66596420639584,0.00222485703710613,1.59448845503621
JOR,2011,3.31767245058233,0.00229864970418629,3.23812474004959
JOR,2012,2.90847924194887,0.00247522898810274,2.83151788537621
JOR,2013,1.27909933438596,0.00191267840155804,1.21570558402378
JOR,2014,1.19542288638141,0.00161998790264992,1.12539623666435
JOR,2015,1.39974257822882,0.000429911043278417,1.34277468078016
JOR,2016,1.12573697471708,0.000250812593463262,1.08501452274872
JOR,2017,0.869000683008148,0.000211794657558038,0.820805589760864
JOR,2018,0.719072817629181,0.000980515945675632,0.681456401290935
JOR,2019,0.0428576620025569,0.000787731412940435,0.0
JOR,2020,0.0516759121146319,0.000467720334463903,0.0
JOR,2021,0.0776640966166585,0.0143633135367042,0.0
JOR,2022,,,
JOR,2023,,,
JOR,2024,,,
JOR,2025,,,
JPN,1960,,,
JPN,1961,,,
JPN,1962,,,
JPN,1963,,,
JPN,1964,,,
JPN,1965,,,
JPN,1966,,,
JPN,1967,,,
JPN,1968,,,
JPN,1969,,,
JPN,1970,0.228015045379581,0.001991430044959,0.0637925686539806
JPN,1971,0.200392779763956,0.00202282281838792,0.0378877152096708
JPN,1972,0.159844343054862,0.00512588043391842,0.0248438804774128
JPN,1973,0.219322081003322,0.0119486251427685,0.0519494990594656
JPN,1974,0.280593738597772,0.0759537611681884,0.0613316499050032
JPN,1975,0.264231511277586,0.0738619929657741,0.0150905060572324
JPN,1976,0.266342383126598,0.0719302162281716,0.0142221261062473
JPN,1977,0.207976233325557,0.0643728513688187,0.00953914327066856
JPN,1978,0.155056175513275,0.0447604867560379,0.00572498194563252
JPN,1979,0.240766572757666,0.103392720750003,0.010889620160031
JPN,1980,0.160897954263042,0.0100052471535842,0.0157061233888048
JPN,1981,0.120107270743439,0.00520697033206739,0.0060866606953844
JPN,1982,0.147773870846639,0.00481146472961348,0.00412403779028412
JPN,1983,0.105490767440559,0.00513133459164303,0.00407980962346425
JPN,1984,0.0767289382991056,0.00499719227174723,0.00270312295901922
JPN,1985,0.0863052402400233,0.00591468110195453,0.0026901949179942
JPN,1986,0.0503188903025851,0.00203763524480006,0.00214546098537395
JPN,1987,0.0370195075688103,0.00229609662163392,0.00237612229428161
JPN,1988,0.0354410695324827,0.0014198449311382,0.00668716813800232
JPN,1989,0.0399027046934985,0.00188386930877796,0.00688353076678162
JPN,1990,0.0368696636805661,0.00279922437373703,0.00293168536623409
JPN,1991,0.0289443630503689,0.00170664670408799,0.00205914688398725
JPN,1992,0.0249184618777213,0.00193121531653345,0.00206423570094309
JPN,1993,0.0226593582985702,0.00168279806566904,0.00091497685466456
JPN,1994,0.0182820396177825,0.00124849044449718,0.00113406752176306
JPN,1995,0.0169915857297969,0.0012694526503513,0.000964106042370079
JPN,1996,0.0191130017731665,0.0016809144090308,0.000743510514957654
JPN,1997,0.0176707614143191,0.00134733119219593,0.000875567865218606
JPN,1998,0.0149910656134602,0.000714692041191231,0.000606421321184341
JPN,1999,0.0124886647509315,0.00108953739717056,0.000601877931498121
JPN,2000,0.0139786461492189,0.00204600728487652,0.000539184817417449
JPN,2001,0.0129922667065723,0.00113511914094131,0.000427788821770176
JPN,2002,0.0132276622127481,0.00112559597627164,0.000618322110093336
JPN,2003,0.0142573617958399,0.00115087198424737,0.000679133184838851
JPN,2004,0.0134382291172672,0.00112400162714459,0.000898223712570184
JPN,2005,0.0169460112921917,0.00190799261441482,0.00121464659271485
JPN,2006,0.0193075194044011,0.00214720299585778,0.00189170153470993
JPN,2007,0.0226743046632534,0.00248906218354903,0.00174846401675517
JPN,2008,0.0239724825485097,0.00254187890087445,0.00142083003606362
JPN,2009,0.0194489662554289,0.00121214539684085,0.00202663400103489
JPN,2010,0.0200968819164694,0.00158079099188119,0.00280598026558474
JPN,2011,0.0216769702777793,0.00234602321423817,0.00350691105306578
JPN,2012,0.0200901706635674,0.00248638665620751,0.0026556328434872
JPN,2013,0.0232126866090988,0.00279888580497218,0.00201428254693335
JPN,2014,0.0280708839630582,0.00369773020794163,0.00169009404773608
JPN,2015,0.0289687122696025,0.00197604493943565,0.00171884842071603
JPN,2016,0.0251768652546394,0.00120567077494375,0.0014669476334711
JPN,2017,0.0384458694582766,0.00188218849166514,0.00154859900539919
JPN,2018,0.0367554022408906,0.00254122923421228,0.00182507437661006
JPN,2019,0.0932286615908601,0.00193344998804187,0.0607557532817653
JPN,2020,0.0969972012044505,0.000710792505710748,0.067696278514126
JPN,2021,0.0473044627668744,0.00223132111964285,0.00720553637123228
JPN,2022,,,
JPN,2023,,,
JPN,2024,,,
JPN,2025,,,
KAZ,1960,,,
KAZ,1961,,,
KAZ,1962,,,
KAZ,1963,,,
KAZ,1964,,,
KAZ,1965,,,
KAZ,1966,,,
KAZ,1967,,,
KAZ,1968,,,
KAZ,1969,,,
KAZ,1970,,,
KAZ,1971,,,
KAZ,1972,,,
KAZ,1973,,,
KAZ,1974,,,
KAZ,1975,,,
KAZ,1976,,,
KAZ,1977,,,
KAZ,1978,,,
KAZ,1979,,,
KAZ,1980,,,
KAZ,1981,,,
KAZ,1982,,,
KAZ,1983,,,
KAZ,1984,,,
KAZ,1985,,,
KAZ,1986,,,
KAZ,1987,,,
KAZ,1988,,,
KAZ,1989,,,
KAZ,1990,15.6843499384137,12.3213900416644,0.0
KAZ,1991,9.80899787111873,6.66253621093101,0.0
KAZ,1992,8.34006865968774,5.28304248787578,0.847246421985875
KAZ,1993,7.60114456671579,5.01465535130142,1.09113620276486
KAZ,1994,6.37064496187393,4.8610112097215,0.480893716749567
KAZ,1995,8.00915843020148,5.82930724272583,0.557628766361471
KAZ,1996,10.3991875099853,8.61228017412449,0.473049635145677
KAZ,1997,8.7953814576426,7.15860668434788,0.363905710829326
KAZ,1998,3.40142076798264,2.25218755062942,0.530221554675168
KAZ,1999,11.688309587382,10.6811071898123,0.610818836269507
KAZ,2000,27.3190672987164,24.7022127271689,0.862769121792731
KAZ,2001,20.9616871018262,16.8769158317887,0.44839503336108
KAZ,2002,23.0852806844263,18.663679662836,1.87938161856025
KAZ,2003,22.8777662165405,19.0561886830313,1.51678511083951
KAZ,2004,28.2540580317544,21.3287460118204,3.13867011268656
KAZ,2005,30.2817584470403,24.6119449899113,3.05254518431045
KAZ,2006,28.7904563121509,21.1400400879889,5.02314713160832
KAZ,2007,26.4915311907324,18.7183777371544,5.37625436616646
KAZ,2008,33.2480252476327,22.9379468470309,3.88478128586208
KAZ,2009,21.5858584721869,15.4811753728879,2.82881615364697
KAZ,2010,21.7441441579602,14.3876480168855,3.89618903524003
KAZ,2011,25.7688205419371,18.3529532976804,3.72439960919774
KAZ,2012,21.9826967680593,16.1210271615703,3.49247252521626
KAZ,2013,18.2187488150502,13.575329365067,3.04684100006285
KAZ,2014,17.2500802611251,13.4439854013249,2.47636119751539
KAZ,2015,9.32876500546085,6.77396398337604,1.33376288147232
KAZ,2016,11.0336820575133,6.9499320090465,2.72063883063599
KAZ,2017,14.897596398127,9.66346231175396,3.5307844520862
KAZ,2018,20.7829646926253,15.0881830400628,3.37110742964987
KAZ,2019,17.9259738525419,13.3329218324239,3.00499256400792
KAZ,2020,12.8406951964892,7.12577724575059,4.69879472720512
KAZ,2021,26.8423173327291,14.8448016221428,9.09697695478789
KAZ,2022,,,
KAZ,2023,,,
KAZ,2024,,,
KAZ,2025,,,
KEN,1960,,,
KEN,1961,,,
KEN,1962,,,
KEN,1963,,,
KEN,1964,,,
KEN,1965,,,
KEN,1966,,,
KEN,1967,,,
KEN,1968,,,
KEN,1969,,,
KEN,1970,3.26306923136184,,0.00555989232660929
KEN,1971,2.53763851676459,0.0,0.003199114135197
KEN,1972,2.35859435534908,0.0,0.00248796218672364
KEN,1973,3.37724169474772,0.0,0.00391492360821029
KEN,1974,3.30789046191383,0.0,0.00387434974338483
KEN,1975,4.1821812587696,0.0,0.00154633567509657
KEN,1976,3.69355964123342,0.0,0.0
KEN,1977,5.03042248302547,0.0,0.0
KEN,1978,4.64496675586267,0.0,0.0
KEN,1979,4.0543218660281,0.0,0.000291580552813473
KEN,1980,4.14226305888722,0.0,0.000636151812164552
KEN,1981,3.86834518982644,0.0,9.89663338668376e-05
KEN,1982,5.75929620259564,0.0,6.7211959753714e-05
KEN,1983,4.18452479134439,0.0,0.00030259733419479
KEN,1984,3.90902463795251,0.0,0.00128956707973046
KEN,1985,3.24872575951288,0.0,0.000664198495334102
KEN,1986,4.12050008278742,0.0,0.00344201685318544
KEN,1987,3.90521260500912,0.0,0.0179279397188369
KEN,1988,3.91523138477284,0.0,0.00278391251370435
KEN,1989,4.18909110202926,0.0,0.00195847168847831
KEN,1990,4.96389860679158,0.0,0.00366399308413377
KEN,1991,5.19874848671587,0.0,0.00138801436947429
KEN,1992,5.37781135950975,0.0,0.000730899528889645
KEN,1993,6.7714107829261,0.0,0.00989891342676259
KEN,1994,6.33779772077113,0.0,0.010334743537038
KEN,1995,7.28624749698591,0.0,0.0026290523880369
KEN,1996,5.49076257603273,0.0,0.00894314208760863
KEN,1997,4.73298218305284,0.0,0.0073303058127075
KEN,1998,4.53439348314472,0.0,0.00479445892121896
KEN,1999,3.26870720401928,0.0,0.00955559453467902
KEN,2000,3.31396754858766,0.0,0.0200362817544637
KEN,2001,3.14162066789234,0.0,0.024045305689377
KEN,2002,3.73954391156623,0.0,0.0291619455198214
KEN,2003,5.08542139634021,0.0,0.0132501544648397
KEN,2004,4.12367812938474,0.0,0.00444337590578361
KEN,2005,4.07693603995981,0.0,0.00641360345069168
KEN,2006,2.95041850869952,0.0,0.0091212202141864
KEN,2007,3.63389849443088,0.0,0.0588658649507867
KEN,2008,3.63886873395414,0.0,0.0079188053109711
KEN,2009,3.24572373518734,0.0,0.0245265465131725
KEN,2010,2.67307931109746,0.0166382187818553,0.0667009022992329
KEN,2011,2.9431872828815,0.0288123870707702,0.0743308223348879
KEN,2012,2.90888320855534,0.0230878177338188,0.131376334081647
KEN,2013,2.66940200706872,0.0251947780243645,0.0441884117434056
KEN,2014,2.64310943602707,0.0225273671136455,0.00310445597618892
KEN,2015,2.70967011611946,0.00766330802518443,0.00152775734048981
KEN,2016,2.65839831359762,0.00658707205828154,0.00219786685188723
KEN,2017,2.31435620783369,0.0,0.00510699615983619
KEN,2018,1.36132463517161,0.00146974382203769,0.00445832873752338
KEN,2019,1.22718421158535,0.00284249270710658,0.00375994034000316
KEN,2020,1.26881196888613,0.0,0.00180998641786536
KEN,2021,1.22792857770901,0.0,0.00566243092389293
KEN,2022,,,
KEN,2023,,,
KEN,2024,,,
KEN,2025,,,
KGZ,1960,,,
KGZ,1961,,,
KGZ,1962,,,
KGZ,1963,,,
KGZ,1964,,,
KGZ,1965,,,
KGZ,1966,,,
KGZ,1967,,,
KGZ,1968,,,
KGZ,1969,,,
KGZ,1970,,,
KGZ,1971,,,
KGZ,1972,,,
KGZ,1973,,,
KGZ,1974,,,
KGZ,1975,,,
KGZ,1976,,,
KGZ,1977,,,
KGZ,1978,,,
KGZ,1979,,,
KGZ,1980,,,
KGZ,1981,,,
KGZ,1982,,,
KGZ,1983,,,
KGZ,1984,,,
KGZ,1985,,,
KGZ,1986,,,
KGZ,1987,,,
KGZ,1988,,,
KGZ,1989,,,
KGZ,1990,1.08831747011041,0.569568177845945,0.0
KGZ,1991,0.714727672811321,0.256472177966228,0.0
KGZ,1992,0.981152431471184,0.267890819437102,0.526160967873284
KGZ,1993,0.901655182524421,0.257949979209785,0.598984291052453
KGZ,1994,1.82217682717894,0.226697701333719,1.55384574222727
KGZ,1995,0.656132793580413,0.31522046396522,0.255370896043165
KGZ,1996,0.768717273701564,0.400655642198215,0.320559996287995
KGZ,1997,2.03786738347308,0.393096429371806,1.58605971421312
KGZ,1998,1.41040146698635,0.091713922237507,1.2756086543088
KGZ,1999,3.38528845392169,0.346301645426506,3.00072946116013
KGZ,2000,4.14777033640901,0.900163529762309,3.15869466085072
KGZ,2001,3.53276931251188,0.589736237550232,2.75313948274489
KGZ,2002,3.3096165778063,0.445969369196253,2.78242269646878
KGZ,2003,3.40243817488708,0.398560924925991,2.9011137836032
KGZ,2004,3.41530119102061,0.475114651060121,2.61371990073658
KGZ,2005,3.09969897922061,0.900674260856272,2.03691402547417
KGZ,2006,1.82532082628667,0.901919856447568,0.75265450059523
KGZ,2007,1.07230696930492,0.372572936622736,0.503158419647854
KGZ,2008,4.30159610201564,0.419785696717881,3.39260159297831
KGZ,2009,4.45679827426077,0.240382537421539,4.00055045835326
KGZ,2010,9.80889830136341,0.293982876159289,9.17570825729604
KGZ,2011,10.2034319238732,0.386664882614064,9.36439598951443
KGZ,2012,3.5809218517523,0.358817908971423,2.91822265098111
KGZ,2013,5.71912349278664,0.308548395714406,5.22275812679732
KGZ,2014,4.07203515798825,0.290808188479066,3.61314486974443
KGZ,2015,4.25309870186703,0.0350561205770026,4.07203844313298
KGZ,2016,5.61349048423669,0.0524748993735499,5.41828400757048
KGZ,2017,8.75574116357044,0.0925684065781225,8.49409322255165
KGZ,2018,4.67048081477686,0.134682037189741,4.30242708965849
KGZ,2019,7.24320231053747,0.103713879600644,6.96589662889718
KGZ,2020,6.52758010092793,0.0514871230911807,6.28875312852564
KGZ,2021,11.5065410174076,0.0824296570356698,11.1502022599394
KGZ,2022,,,
KGZ,2023,,,
KGZ,2024,,,
KGZ,2025,,,
KHM,1960,,,
KHM,1961,,,
KHM,1962,,,
KHM,1963,,,
KHM,1964,,,
KHM,1965,,,
KHM,1966,,,
KHM,1967,,,
KHM,1968,,,
KHM,1969,,,
KHM,1970,4.31058172482676,,0.0
KHM,1971,2.59016996695292,,0.0
KHM,1972,7.0075045494724,,0.0
KHM,1973,13.3615931462591,,0.0
KHM,1974,14.8192629200358,,0.0195705134311356
KHM,1975,,,
KHM,1976,,,
KHM,1977,,,
KHM,1978,,,
KHM,1979,,,
KHM,1980,,,
KHM,1981,,,
KHM,1982,,,
KHM,1983,,,
KHM,1984,,,
KHM,1985,,,
KHM,1986,,,
KHM,1987,,,
KHM,1988,,,
KHM,1989,,,
KHM,1990,,,
KHM,1991,,,
KHM,1992,,,
KHM,1993,5.47129623378338,0.0,0.0
KHM,1994,6.74392193192115,0.0,0.0
KHM,1995,8.32675194752688,0.0,0.0
KHM,1996,8.26618207665232,0.0,0.0
KHM,1997,7.1281537497844,0.0,0.0
KHM,1998,6.55608221507239,0.0,0.0
KHM,1999,3.39355720847191,0.0,0.0
KHM,2000,2.46904397167855,0.0,0.0
KHM,2001,2.53091563396547,0.0,0.0
KHM,2002,2.59547615171282,0.0,0.0
KHM,2003,3.41050263145395,0.0,0.0
KHM,2004,3.20411639282305,0.0,0.0
KHM,2005,1.80881542802358,0.0,0.0
KHM,2006,1.80686995063803,0.0,0.0
KHM,2007,2.24551946036928,0.0,0.0
KHM,2008,3.09984061594357,0.0,0.0
KHM,2009,2.86278006732138,,0.0
KHM,2010,2.69595952988072,0.0,0.0
KHM,2011,3.05094914293833,0.0,0.0
KHM,2012,2.30628839011523,0.0,0.0
KHM,2013,1.91421458050803,0.0,0.0
KHM,2014,2.54882052672262,0.0,0.0
KHM,2015,1.81768657277543,0.0,0.0
KHM,2016,1.84795765204296,0.0,0.0
KHM,2017,1.93735308627642,0.0,0.0
KHM,2018,0.878243793336486,0.0,0.0
KHM,2019,0.714485690319546,0.0,0.0
KHM,2020,0.939357675669705,0.000136728305235044,0.0
KHM,2021,0.835283715830679,0.0410317572268778,0.0
KHM,2022,,,
KHM,2023,,,
KHM,2024,,,
KHM,2025,,,
KIR,1960,,,
KIR,1961,,,
KIR,1962,,,
KIR,1963,,,
KIR,1964,,,
KIR,1965,,,
KIR,1966,,,
KIR,1967,,,
KIR,1968,,,
KIR,1969,,,
KIR,1970,0.0168222609957079,,0.0
KIR,1971,0.0121182259143501,,0.0
KIR,1972,0.013322483945167,,0.0
KIR,1973,0.0216741138213725,,0.0
KIR,1974,0.00690788567403317,,0.0
KIR,1975,0.010614574312865,,0.0
KIR,1976,0.0195938881923125,,0.0
KIR,1977,0.0304710788262294,,0.0
KIR,1978,0.021714970157549,,0.0
KIR,1979,0.0343002318582848,,0.0
KIR,1980,0.0474813687140516,0.0,0.0
KIR,1981,0.0289847718561403,0.0,0.0
KIR,1982,0.0268529192276919,0.0,0.0
KIR,1983,0.0301199274675972,0.0,0.0
KIR,1984,0.0206459525490196,0.0,0.0
KIR,1985,0.0282295972173913,0.0,0.0
KIR,1986,0.0466752000000001,0.0,0.0
KIR,1987,0.0421134174117647,0.0,0.0
KIR,1988,0.0335401163157894,0.0,0.0
KIR,1989,0.0345764222142857,0.0,0.0
KIR,1990,0.0369180410181818,0.0,0.0
KIR,1991,0.0379865335825137,0.0,0.0
KIR,1992,0.0522082156832414,0.0,0.0
KIR,1993,0.0437042308599425,0.0,0.0
KIR,1994,0.048233576336491,0.0,0.0
KIR,1995,0.0789158190468108,0.0,0.0
KIR,1996,0.0706208300301358,0.0,0.0
KIR,1997,0.0607941580180495,0.0,0.0
KIR,1998,0.0525232173565218,0.0,0.0
KIR,1999,0.0272437902238661,0.0,0.0
KIR,2000,0.0295842847533442,0.0,0.0
KIR,2001,0.0375979466931401,0.0,0.0
KIR,2002,0.0377433021241735,0.0,0.0
KIR,2003,0.0450146573139441,0.0,0.0
KIR,2004,0.0451763817247018,0.0,0.0
KIR,2005,0.0279208944627771,0.0,0.0
KIR,2006,0.0338018104231589,0.0,0.0
KIR,2007,0.0433023683626024,0.0,0.0
KIR,2008,0.07098350763928,0.0,0.0
KIR,2009,0.0731494190069756,0.0,0.0
KIR,2010,0.0626677431300746,0.0,0.0
KIR,2011,0.0736138842102225,0.0,0.0
KIR,2012,0.0589178981070894,0.0,0.0
KIR,2013,0.0557002717308784,0.0,0.0
KIR,2014,0.0889050775265575,0.0,0.0
KIR,2015,0.0732783582600832,0.0,0.0
KIR,2016,0.0826063804854857,0.0,0.0
KIR,2017,0.0929519614955758,0.0,0.0
KIR,2018,0.0420866204186192,0.0,0.0
KIR,2019,0.0427412418710569,0.0,0.0
KIR,2020,0.0569939081063946,0.0,0.0
KIR,2021,0.043500143330191,0.0,0.0
KIR,2022,,,
KIR,2023,,,
KIR,2024,,,
KIR,2025,,,
KNA,1960,,,
KNA,1961,,,
KNA,1962,,,
KNA,1963,,,
KNA,1964,,,
KNA,1965,,,
KNA,1966,,,
KNA,1967,,,
KNA,1968,,,
KNA,1969,,,
KNA,1970,0.0,,0.0
KNA,1971,0.0,,0.0
KNA,1972,0.0,,0.0
KNA,1973,0.0,,0.0
KNA,1974,0.0,,0.0
KNA,1975,0.0,,0.0
KNA,1976,0.0,,0.0
KNA,1977,0.0,,0.0
KNA,1978,0.0,,0.0
KNA,1979,0.0,,0.0
KNA,1980,0.0,0.0,0.0
KNA,1981,0.0,0.0,0.0
KNA,1982,0.0,0.0,0.0
KNA,1983,0.0,0.0,0.0
KNA,1984,0.0,0.0,0.0
KNA,1985,0.0,0.0,0.0
KNA,1986,0.0,0.0,0.0
KNA,1987,0.0,0.0,0.0
KNA,1988,0.0,0.0,0.0
KNA,1989,0.0,0.0,0.0
KNA,1990,0.0,0.0,0.0
KNA,1991,0.0,0.0,0.0
KNA,1992,0.0,0.0,0.0
KNA,1993,0.0,0.0,0.0
KNA,1994,0.0,0.0,0.0
KNA,1995,0.0,0.0,0.0
KNA,1996,0.0,0.0,0.0
KNA,1997,0.0,0.0,0.0
KNA,1998,0.0,0.0,0.0
KNA,1999,0.0,0.0,0.0
KNA,2000,0.0,0.0,0.0
KNA,2001,0.0,0.0,0.0
KNA,2002,0.0,0.0,0.0
KNA,2003,0.0,0.0,0.0
KNA,2004,0.0,0.0,0.0
KNA,2005,0.0,0.0,0.0
KNA,2006,0.0,0.0,0.0
KNA,2007,0.0,0.0,0.0
KNA,2008,0.0,0.0,0.0
KNA,2009,0.0,0.0,0.0
KNA,2010,0.0,0.0,0.0
KNA,2011,0.0,0.0,0.0
KNA,2012,0.0,0.0,0.0
KNA,2013,0.0,0.0,0.0
KNA,2014,0.0,0.0,0.0
KNA,2015,0.0,0.0,0.0
KNA,2016,0.0,0.0,0.0
KNA,2017,0.0,0.0,0.0
KNA,2018,0.0,0.0,0.0
KNA,2019,0.0,0.0,0.0
KNA,2020,0.0,0.0,0.0
KNA,2021,0.0,0.0,0.0
KNA,2022,,,
KNA,2023,,,
KNA,2024,,,
KNA,2025,,,
KOR,1960,,,
KOR,1961,,,
KOR,1962,,,
KOR,1963,,,
KOR,1964,,,
KOR,1965,,,
KOR,1966,,,
KOR,1967,,,
KOR,1968,,,
KOR,1969,,,
KOR,1970,0.168894150983343,,0.0424994176359864
KOR,1971,0.160180472807268,0.0,0.0286554369551272
KOR,1972,0.154265925277343,0.0,0.0279791183988341
KOR,1973,0.401263801247144,0.0,0.165745217645664
KOR,1974,0.49128516486457,0.0,0.181654933747369
KOR,1975,0.786142925302962,0.0,0.0365701571663027
KOR,1976,0.571968690144971,0.0,0.0311457416268159
KOR,1977,0.484349148799346,0.0,0.0229396618499104
KOR,1978,0.310567988910635,0.0,0.0117661828510128
KOR,1979,0.267017595112703,0.0,0.0191107121711568
KOR,1980,0.449555319658782,0.0,0.0447481333259571
KOR,1981,0.624965607694397,0.0,0.0200473223512998
KOR,1982,0.629993616638999,0.0,0.0202437012616067
KOR,1983,0.311852511566332,0.0,0.023011617304258
KOR,1984,0.207000425039017,0.0,0.0175667844338492
KOR,1985,0.252792849436037,0.0,0.0151024640872065
KOR,1986,0.145282495926267,0.0,0.0146478417395892
KOR,1987,0.0672822450603812,0.0,0.0251494934966291
KOR,1988,0.118009848823726,0.0,0.0634150322076526
KOR,1989,0.110105930074509,0.0,0.0547579087271262
KOR,1990,0.0702411163381042,0.0,0.0237628409725644
KOR,1991,0.0384483174855787,0.0,0.00364583110377264
KOR,1992,0.0273234350360794,0.0,0.00418983290503078
KOR,1993,0.0176895217132167,0.0,0.00119188726036864
KOR,1994,0.018241537210863,0.0,0.00320897068959351
KOR,1995,0.0287998543883498,0.0,0.0101143993602092
KOR,1996,0.0229053691928052,0.0,0.00802267914165387
KOR,1997,0.0251878601274824,0.00454414623052199,0.00766271188819589
KOR,1998,0.0408051505349135,0.00423666970660155,0.0169324205287024
KOR,1999,0.0289487867656108,0.00668755018612009,0.010121598671448
KOR,2000,0.03672509222672,0.0171114384123705,0.00865486696785494
KOR,2001,0.040290625222942,0.0117084529963086,0.0103222430331056
KOR,2002,0.0319098595850261,0.00957433571508732,0.0111336358618988
KOR,2003,0.034591198170788,0.0089188228034682,0.0129601492061124
KOR,2004,0.0311351033627051,0.0104071686453881,0.000367082622625252
KOR,2005,0.0351493873694118,0.0152754218373255,0.00157164728287481
KOR,2006,0.0375360164351106,0.0186508346760964,0.00204710688905323
KOR,2007,0.0436459140169587,0.0198193989631689,0.00242659549311644
KOR,2008,0.0753402292393727,0.0327981749761399,0.00392099660816901
KOR,2009,0.0579313041903032,0.023956728591914,0.00235546833193462
KOR,2010,0.0746400306743559,0.0438448106743931,0.00478946577106454
KOR,2011,0.0914175988735794,0.0596703107786387,0.0052729656351211
KOR,2012,0.100818097512262,0.0569097069190274,0.0208863608362155
KOR,2013,0.0723717153476114,0.0461384584384727,0.00424845562971992
KOR,2014,0.0640735784174601,0.0403191275638592,0.00229587956231499
KOR,2015,0.0367480142308671,0.0184101263141833,0.000831471147607381
KOR,2016,0.0331101931364819,0.0154774466539604,0.00115995175034279
KOR,2017,0.0386022741681957,0.0156129162216889,0.00103511203201852
KOR,2018,0.0471215171527114,0.0251346708672274,0.000308061695378874
KOR,2019,0.121453005220381,0.0191641999802525,0.0810627148655371
KOR,2020,0.113270922936166,0.00898681274589818,0.0843581660058351
KOR,2021,0.049812574781783,0.0283124162355571,0.000483293114651688
KOR,2022,,,
KOR,2023,,,
KOR,2024,,,
KOR,2025,,,
KWT,1960,,,
KWT,1961,,,
KWT,1962,,,
KWT,1963,,,
KWT,1964,,,
KWT,1965,,,
KWT,1966,,,
KWT,1967,,,
KWT,1968,,,
KWT,1969,,,
KWT,1970,34.8918112884012,34.8911039745328,0.0
KWT,1971,37.5826096988273,36.7302750498032,0.0
KWT,1972,42.9460171083606,41.9853561576658,0.0
KWT,1973,48.5285382564292,47.6711751051206,0.0
KWT,1974,71.1707715004379,70.8100381605946,0.0
KWT,1975,62.762224371285,62.0863342265801,0.0
KWT,1976,64.4501563984895,63.7748698739161,0.0
KWT,1977,59.5564875362651,58.735191956127,0.0
KWT,1978,60.161589972781,59.2538620326741,0.0
KWT,1979,,,0.0
KWT,1980,67.8444166208658,67.0485655420012,0.0
KWT,1981,46.8387367585549,46.2341064084909,0.0
KWT,1982,32.6927578327917,32.4824454817627,0.0
KWT,1983,42.8672889681055,42.1070948445943,0.0
KWT,1984,44.5599824112324,43.8536051297251,0.0
KWT,1985,35.5576528279116,34.8846039767679,0.0
KWT,1986,26.9342507027254,25.9575961918451,0.0
KWT,1987,24.1924736082011,23.618710661554,0.0
KWT,1988,27.0522969103326,26.1468844836338,0.0
KWT,1989,34.4675020932869,33.5687910279753,0.0
KWT,1990,39.5229351611011,38.8702984792295,0.0
KWT,1991,13.4362619603887,13.2175755622103,0.0
KWT,1992,28.8098194997122,28.1344138531383,0.0
KWT,1993,40.4087024511996,39.371407198475,0.0
KWT,1994,37.727441286933,36.6059380592587,0.0
KWT,1995,37.3308003874904,36.227064016639,0.0
KWT,1996,41.179195330857,40.1364091145126,0.0
KWT,1997,39.540480496468,38.3929185854833,0.0
KWT,1998,29.2043847044503,27.927039066817,0.0
KWT,1999,34.8365735674978,33.8805324667688,0.0
KWT,2000,51.3644113589282,50.2892381187247,0.0
KWT,2001,44.0885830746429,42.7980143074398,0.0
KWT,2002,38.1288168486834,37.2003716194143,0.0
KWT,2003,40.6360885106068,39.816851302288,0.0
KWT,2004,46.8824794495593,46.1128336408051,0.0
KWT,2005,54.13842958264,53.3164834648164,0.0
KWT,2006,51.7820031567292,51.0394540758358,0.0
KWT,2007,48.7737107555426,48.1550015709463,0.0
KWT,2008,53.4605112170385,52.8912935555667,0.0
KWT,2009,39.5907640471852,38.854853146546,0.0
KWT,2010,48.8263605663801,48.1906069290048,0.0
KWT,2011,59.0696960166924,58.3689295808333,0.0
KWT,2012,58.1449073185752,57.4129637304674,0.0
KWT,2013,56.3426547447197,55.5579394462588,0.0
KWT,2014,53.9714223132032,53.239569150436,0.0
KWT,2015,37.3135995019662,36.4482994431389,0.0
KWT,2016,32.3641255908565,31.6732106195044,0.0
KWT,2017,36.7579336114171,36.0090908245608,0.0
KWT,2018,45.1522896110691,44.0490671354298,0.0
KWT,2019,39.8386703389064,38.6553473115018,0.0
KWT,2020,29.2848672951013,27.5816891390019,0.0
KWT,2021,,,
KWT,2022,,,
KWT,2023,,,
KWT,2024,,,
KWT,2025,,,
LAC,1960,,,
LAC,1961,,,
LAC,1962,,,
LAC,1963,,,
LAC,1964,,,
LAC,1965,,,
LAC,1966,,,
LAC,1967,,,
LAC,1968,,,
LAC,1969,,,
LAC,1970,1.28956090445216,0.152745465185673,0.577895012363729
LAC,1971,1.16380629608975,0.217343862779772,0.440588479674884
LAC,1972,1.20709895428036,0.236295615926343,0.466052523984153
LAC,1973,1.56077096023042,0.344081905400084,0.621750346498407
LAC,1974,2.88730481474968,1.55618697490153,0.790036843565546
LAC,1975,2.70258101105158,1.46472239099051,0.50554657710792
LAC,1976,2.77914332934019,1.54664861689547,0.630045157573281
LAC,1977,2.61332516795883,1.34209907085135,0.549400426366014
LAC,1978,2.6545960097663,1.56269000165747,0.402823240766339
LAC,1979,5.32771783132434,3.85502651402151,0.588426837097561
LAC,1980,6.45830991007306,4.80163813643745,0.744108909065796
LAC,1981,5.11227975690475,3.94851248019809,0.45268508228999
LAC,1982,4.48026346986909,2.90906533704291,0.524591624151643
LAC,1983,6.10363377153451,4.59393820591769,0.665228933675958
LAC,1984,5.8566102275644,4.61202914063434,0.610201099771951
LAC,1985,5.56746071228257,4.34547325853516,0.646227672782219
LAC,1986,2.92656220208214,1.83865813031962,0.489427842718462
LAC,1987,3.95534992737379,2.80054665451675,0.569136528668657
LAC,1988,3.57450533986937,1.90242706327456,1.12430074014293
LAC,1989,4.28992602245743,2.5721863943236,1.13784935652108
LAC,1990,4.60356948791574,3.2130884945436,0.748359522163652
LAC,1991,2.71716937484695,1.68705839426165,0.430548970524771
LAC,1992,2.60840354697957,1.71039094559271,0.3454221627636
LAC,1993,2.07876271338434,1.43241222450882,0.183130584882384
LAC,1994,1.78762500424996,1.19717282283169,0.210520498984853
LAC,1995,2.05630976864242,1.33314118755601,0.262680176794058
LAC,1996,2.23583562643617,1.63873276075562,0.222265101220289
LAC,1997,1.91995883833243,1.3917209133968,0.179890603405598
LAC,1998,1.26776232167594,0.777699683068005,0.18563738086728
LAC,1999,2.05953900022758,1.51048852945464,0.19820689021568
LAC,2000,3.00553825170633,2.48729711872187,0.199832508990776
LAC,2001,2.42913701404246,1.91379425042414,0.180402678712849
LAC,2002,2.93844572781605,2.33928819162278,0.21253871617775
LAC,2003,3.24030925809439,2.61540484684236,0.227074573787692
LAC,2004,3.80208093366476,3.0312716257824,0.371566402139596
LAC,2005,4.89168803941128,3.82347144524204,0.682251365408178
LAC,2006,5.48710984892824,3.98992554806425,1.04006994503796
LAC,2007,5.34742057995923,3.43899948788512,1.41730260385657
LAC,2008,5.93131310838323,3.99844722200607,1.332261430492
LAC,2009,3.36573963168796,2.12756948656316,0.719293889647457
LAC,2010,4.43304919357993,2.46201123820532,1.40649940296398
LAC,2011,5.68562324611902,3.39581765493954,1.64352537036502
LAC,2012,5.1560681388143,3.27775682323888,1.26342296181835
LAC,2013,4.67862898312053,2.91815588053955,1.11169735357431
LAC,2014,4.05955395987571,2.69412406266995,0.7319548884909
LAC,2015,2.26839484735161,1.19828837188131,0.502365468047997
LAC,2016,2.20820666205191,0.928659676977044,0.687998712693563
LAC,2017,2.57889502026549,1.20856287033989,0.79488270322914
LAC,2018,3.3444644690755,1.93193673198014,0.756784382014692
LAC,2019,2.72468943331708,1.59924955641929,0.543286831359264
LAC,2020,2.34857268482863,0.895985056115138,0.822865198557223
LAC,2021,5.68743214967284,2.16249130053642,2.93114830028457
LAC,2022,,,
LAC,2023,,,
LAC,2024,,,
LAC,2025,,,
LAO,1960,,,
LAO,1961,,,
LAO,1962,,,
LAO,1963,,,
LAO,1964,,,
LAO,1965,,,
LAO,1966,,,
LAO,1967,,,
LAO,1968,,,
LAO,1969,,,
LAO,1970,,,
LAO,1971,,,
LAO,1972,,,
LAO,1973,,,
LAO,1974,,,
LAO,1975,,,
LAO,1976,,,
LAO,1977,,,
LAO,1978,,,
LAO,1979,,,
LAO,1980,,,
LAO,1981,,,
LAO,1982,,,
LAO,1983,,,
LAO,1984,1.91829966458183,0.0,0.106109284765695
LAO,1985,1.51884374768261,0.0,0.0635882463320064
LAO,1986,2.88321548686397,0.0,0.0
LAO,1987,5.01007436793364,0.0,0.0
LAO,1988,9.13316573182897,0.0,0.0
LAO,1989,7.80235718053784,0.0,0.0
LAO,1990,6.87527556801313,0.0,0.0
LAO,1991,6.9921968782515,0.0,0.0
LAO,1992,7.10089180390363,0.0,0.0
LAO,1993,6.09963731529318,0.0,0.0
LAO,1994,6.43786818399527,0.0,0.0
LAO,1995,9.05515087040462,0.0,0.0
LAO,1996,8.5244887824244,0.0,0.0
LAO,1997,7.6394712904328,0.0,0.0
LAO,1998,8.58585542696766,0.0,0.0
LAO,1999,5.13413124126985,0.0,0.0
LAO,2000,4.02461466594692,0.0,0.0
LAO,2001,4.55666788739825,0.0,0.0
LAO,2002,4.81089612054397,0.0,0.0
LAO,2003,6.57889990038597,0.0,0.840145130798113
LAO,2004,6.13767807292974,0.0,0.790509951035875
LAO,2005,6.59795887828897,0.0,3.14069276616939
LAO,2006,13.2819832345904,0.0,9.8456285035157
LAO,2007,13.221931484425,0.0,8.89584721512652
LAO,2008,13.0184310702118,0.0,7.61995714785796
LAO,2009,10.5912220635737,0.0,6.31545864249351
LAO,2010,14.8104375708519,0.0,10.4469530516871
LAO,2011,15.2722808030825,0.0,10.323636810442
LAO,2012,12.1203041098296,0.0,8.46160222330191
LAO,2013,12.5380892460783,0.0,9.34511794096013
LAO,2014,8.12984913076319,0.0,3.97640525476164
LAO,2015,5.52476230566431,0.0,2.74146705972327
LAO,2016,4.35259193269181,0.0,1.68647627652902
LAO,2017,4.97088233452954,0.0,2.3607956816917
LAO,2018,3.8787583779558,0.0,2.27239697182916
LAO,2019,3.10453941803438,0.0,1.68396142284596
LAO,2020,2.81746694955522,0.0,1.23058591260409
LAO,2021,5.38276112647354,0.0,3.88929844488645
LAO,2022,,,
LAO,2023,,,
LAO,2024,,,
LAO,2025,,,
LBN,1960,,,
LBN,1961,,,
LBN,1962,,,
LBN,1963,,,
LBN,1964,,,
LBN,1965,,,
LBN,1966,,,
LBN,1967,,,
LBN,1968,,,
LBN,1969,,,
LBN,1970,,,
LBN,1971,,,
LBN,1972,,,
LBN,1973,,,
LBN,1974,,,
LBN,1975,,,
LBN,1976,,,
LBN,1977,,,
LBN,1978,,,
LBN,1979,,,
LBN,1980,,,
LBN,1981,,,
LBN,1982,,,
LBN,1983,,,
LBN,1984,,,
LBN,1985,,,
LBN,1986,,,
LBN,1987,,,
LBN,1988,0.0317246337520965,0.0,0.0
LBN,1989,0.0413641909734255,0.0,0.0
LBN,1990,0.0360393357813145,0.0,0.0
LBN,1991,0.0207238892586347,0.0,0.0
LBN,1992,0.0156728518810613,0.0,0.0
LBN,1993,0.00807118214503067,0.0,0.0
LBN,1994,0.00803337696843982,0.0,0.0
LBN,1995,0.00989850046330912,0.0,0.0
LBN,1996,0.00887618405007525,0.0,0.0
LBN,1997,0.00754430121687888,0.0,0.0
LBN,1998,0.00913906725096581,0.0,0.0
LBN,1999,0.00147158951802311,0.0,0.0
LBN,2000,0.00160712397308317,0.0,0.0
LBN,2001,0.00153542622167633,0.0,0.0
LBN,2002,0.00137292195937972,0.0,0.0
LBN,2003,0.00160303958190996,0.0,0.0
LBN,2004,0.00145705625851701,0.0,0.0
LBN,2005,0.00137623351454346,0.0,0.0
LBN,2006,0.00162400349088944,0.0,0.0
LBN,2007,0.00137813978532232,0.0,0.0
LBN,2008,0.00189663557109102,0.0,0.0
LBN,2009,0.00190954318912001,0.0,0.0
LBN,2010,0.00188079916555357,0.0,0.0
LBN,2011,0.00193498198500856,0.0,0.0
LBN,2012,0.00190477725937707,0.0,0.0
LBN,2013,0.0015553293883068,0.0,0.0
LBN,2014,0.00229376123243399,0.0,0.0
LBN,2015,0.00228828375146288,0.0,0.0
LBN,2016,0.0013728364357897,0.0,0.0
LBN,2017,0.00199555625750973,0.0,0.0
LBN,2018,0.00106750721286952,0.0,0.0
LBN,2019,0.00131340504601898,0.0,0.0
LBN,2020,0.00223718784227487,0.0,0.0
LBN,2021,0.00276403839242888,0.0,0.0
LBN,2022,,,
LBN,2023,,,
LBN,2024,,,
LBN,2025,,,
LBR,1960,,,
LBR,1961,,,
LBR,1962,,,
LBR,1963,,,
LBR,1964,,,
LBR,1965,,,
LBR,1966,,,
LBR,1967,,,
LBR,1968,,,
LBR,1969,,,
LBR,1970,,,
LBR,1971,,,
LBR,1972,,,
LBR,1973,,,
LBR,1974,,,
LBR,1975,,,
LBR,1976,,,
LBR,1977,,,
LBR,1978,,,
LBR,1979,,,
LBR,1980,,,
LBR,1981,,,
LBR,1982,,,
LBR,1983,,,
LBR,1984,,,
LBR,1985,,,
LBR,1986,,,
LBR,1987,,,
LBR,1988,,,
LBR,1989,,,
LBR,1990,,,
LBR,1991,,,
LBR,1992,,,
LBR,1993,,,
LBR,1994,,,
LBR,1995,,,
LBR,1996,,,
LBR,1997,,,
LBR,1998,,,
LBR,1999,,,
LBR,2000,17.8409546807596,0.0,0.00585816302890919
LBR,2001,17.2522953084162,0.0,0.0127152271727971
LBR,2002,23.8997704226428,0.0,0.0117613396411939
LBR,2003,34.1776687503452,0.0,0.00352027025105901
LBR,2004,19.7880546295418,0.0,0.0154678629612014
LBR,2005,20.0544068144487,0.0,0.00555059842920357
LBR,2006,17.6485875136497,0.0,0.0043856177211333
LBR,2007,21.5770270088301,0.0,0.14096051546518
LBR,2008,21.7673829953965,0.0,0.295025897767202
LBR,2009,22.0777491215739,0.0,0.284975460928843
LBR,2010,18.3646624868945,0.0,0.413568041078707
LBR,2011,23.2729658968842,0.0,5.805338657141
LBR,2012,26.7116015359801,0.0,8.82701310448789
LBR,2013,28.3711783328734,0.0,11.6826942161479
LBR,2014,26.1806367790867,0.0,7.7016979887302
LBR,2015,19.4462580281234,0.0,0.316280306796235
LBR,2016,20.1143619477823,0.0,0.522159021029362
LBR,2017,21.3240563239483,0.0,1.29484144538855
LBR,2018,14.0250297312743,0.0,0.0
LBR,2019,14.2604895547102,0.0,0.0
LBR,2020,17.4661654481066,0.0,0.0
LBR,2021,21.9156000871056,0.0,5.43515850046016
LBR,2022,,,
LBR,2023,,,
LBR,2024,,,
LBR,2025,,,
LBY,1960,,,
LBY,1961,,,
LBY,1962,,,
LBY,1963,,,
LBY,1964,,,
LBY,1965,,,
LBY,1966,,,
LBY,1967,,,
LBY,1968,,,
LBY,1969,,,
LBY,1970,,,
LBY,1971,,,
LBY,1972,,,
LBY,1973,,,
LBY,1974,,,
LBY,1975,,,
LBY,1976,,,
LBY,1977,,,
LBY,1978,,,
LBY,1979,,,
LBY,1980,,,
LBY,1981,,,
LBY,1982,,,
LBY,1983,,,
LBY,1984,,,
LBY,1985,,,
LBY,1986,,,
LBY,1987,,,
LBY,1988,,,
LBY,1989,,,
LBY,1990,40.3870962973116,39.712189752461,0.0
LBY,1991,23.9736052510202,23.3544314520225,0.0
LBY,1992,22.9511242308123,22.3747268524689,0.0
LBY,1993,22.8933522506949,22.2666014963477,0.0
LBY,1994,22.5809232275502,21.8836084062861,0.0
LBY,1995,27.6263736322292,26.7764550727601,0.0
LBY,1996,31.8950825846373,31.0343606030664,0.0
LBY,1997,27.1875818919465,26.3375156857295,0.0
LBY,1998,18.6892394203827,17.8086785928772,0.0
LBY,1999,20.2027250357524,19.6978468357252,0.0
LBY,2000,34.2584472905959,33.5852838997618,0.0
LBY,2001,30.3865708781182,29.4914880458031,0.0
LBY,2002,49.6150940004484,48.3822928740602,0.0
LBY,2003,48.7223667831708,47.8421621561942,0.0
LBY,2004,55.8476922630083,54.7869519679771,0.0
LBY,2005,62.3347404677918,61.0171738102836,0.0
LBY,2006,62.2912324061948,60.9295741290035,0.0
LBY,2007,61.3668774257785,59.9292830144719,0.0
LBY,2008,66.0598935506205,64.8164362995569,0.0
LBY,2009,51.7322646352647,49.9122829981053,0.0
LBY,2010,55.9661611105459,54.526429982548,0.0
LBY,2011,37.5617320657366,36.3305559734441,0.0
LBY,2012,59.1030408512754,57.6300935046394,0.0
LBY,2013,47.7413993201726,45.8016137051651,0.0
LBY,2014,31.016947831293,28.6305298163822,0.0
LBY,2015,16.3921988648858,14.4264442000075,0.0
LBY,2016,12.2468654255016,10.7931417666286,0.0
LBY,2017,22.1587604827104,20.9466167504799,0.0
LBY,2018,31.6168598912657,30.0345298438813,0.0
LBY,2019,34.4990280272661,32.7515623093831,0.0
LBY,2020,11.4789831280341,9.24399152945122,0.0
LBY,2021,61.0347089411103,56.3779371892049,0.0
LBY,2022,,,
LBY,2023,,,
LBY,2024,,,
LBY,2025,,,
LCA,1960,,,
LCA,1961,,,
LCA,1962,,,
LCA,1963,,,
LCA,1964,,,
LCA,1965,,,
LCA,1966,,,
LCA,1967,,,
LCA,1968,,,
LCA,1969,,,
LCA,1970,,,
LCA,1971,,,
LCA,1972,,,
LCA,1973,,,
LCA,1974,,,
LCA,1975,,,
LCA,1976,,,
LCA,1977,,,
LCA,1978,,,
LCA,1979,,,
LCA,1980,0.0547725079474217,0.0,0.0
LCA,1981,0.0447068160000001,0.0,0.0
LCA,1982,0.105462593939394,0.0,0.0
LCA,1983,0.0333535679122777,0.0,0.0
LCA,1984,0.0159316261084825,0.0,0.0
LCA,1985,0.00893784375000001,0.0,0.0
LCA,1986,0.00738257142857143,0.0,0.0
LCA,1987,0.00676195942519019,0.0,0.0
LCA,1988,0.00584241428571428,0.0,0.0
LCA,1989,0.00516175538160469,0.0,0.0
LCA,1990,0.0154058376996805,0.0,0.0
LCA,1991,0.0174824772734492,0.0,0.0
LCA,1992,0.0150175781680701,0.0,0.0
LCA,1993,0.0110967490579481,0.0,0.0
LCA,1994,0.0130470737154101,0.0,0.0
LCA,1995,0.0160082469418573,0.0,0.0
LCA,1996,0.0114865782856756,0.0,0.0
LCA,1997,0.0156353334470298,0.0,0.0
LCA,1998,0.012500182728039,0.0,0.0
LCA,1999,0.0102278901654394,0.0,0.0
LCA,2000,0.0103818193524413,0.0,0.0
LCA,2001,0.0108995599318409,0.0,0.0
LCA,2002,0.00976368630541872,0.0,0.0
LCA,2003,0.00955262139236899,0.0,0.0
LCA,2004,0.00923644702272921,0.0,0.0
LCA,2005,0.00854642315722339,0.0,0.0
LCA,2006,0.011003542472601,0.0,0.0
LCA,2007,0.0107765868867244,0.0,0.0
LCA,2008,0.0106419166715498,0.0,0.0
LCA,2009,0.00993011381194443,0.0,0.0
LCA,2010,0.0213939960854132,0.0,0.0
LCA,2011,0.0171733829693113,0.0,0.0
LCA,2012,0.0164637996812387,0.0,0.0
LCA,2013,0.0211912988549864,0.0,0.0
LCA,2014,0.0254436551499196,0.0,0.0
LCA,2015,0.0186627705111545,0.0,0.0
LCA,2016,0.0242375524260307,0.0,0.0
LCA,2017,0.0188680203388547,0.0,0.0
LCA,2018,0.0120179605482605,0.0,0.0
LCA,2019,0.0105301058741755,0.0,0.0
LCA,2020,0.0193601689591786,0.0,0.0
LCA,2021,0.0134294898917373,0.0,0.0
LCA,2022,,,
LCA,2023,,,
LCA,2024,,,
LCA,2025,,,
LCN,1960,,,
LCN,1961,,,
LCN,1962,,,
LCN,1963,,,
LCN,1964,,,
LCN,1965,,,
LCN,1966,,,
LCN,1967,,,
LCN,1968,,,
LCN,1969,,,
LCN,1970,2.07979693685079,0.505512482158227,1.04380630132489
LCN,1971,1.906405456149,0.673343002619677,0.753229688090134
LCN,1972,1.86365601982788,0.666960042626342,0.710532255119065
LCN,1973,2.4705522293467,0.948240688974988,0.946111877579484
LCN,1974,5.54859057198146,3.87049364887323,1.13884194618868
LCN,1975,4.61988734053426,3.18174485199735,0.690391420225156
LCN,1976,4.63813769741938,3.17085844086117,0.853810199509924
LCN,1977,3.95171902414101,2.52746737633327,0.725252112183435
LCN,1978,3.80911084484232,2.5858827455374,0.5488843810876
LCN,1979,8.00770348702457,6.36179851621425,0.784511155939127
LCN,1980,8.62072887196723,6.82084601202513,0.910509862042318
LCN,1981,6.58916407172127,5.34004299036769,0.56255332071908
LCN,1982,5.1671253024471,3.60554591046053,0.584055980717595
LCN,1983,7.04247861397373,5.47882245885401,0.766085276248959
LCN,1984,6.78478959908996,5.46396456772499,0.693761620803821
LCN,1985,6.36782196924476,5.0657583066118,0.736545198587788
LCN,1986,3.34219366328984,2.17948805756561,0.585399456749328
LCN,1987,4.64880013746389,3.36579819546367,0.711994030729704
LCN,1988,4.11415941790319,2.30183525837521,1.28127368545369
LCN,1989,5.13308074550851,3.19192986759742,1.36443942716262
LCN,1990,5.74931544342317,4.12447457964774,0.962003326570079
LCN,1991,3.37471739925892,2.21342006234415,0.549360464321313
LCN,1992,3.21795664208189,2.21099766065176,0.445243642926752
LCN,1993,2.61322562595777,1.87571468067627,0.248169509916756
LCN,1994,2.32918414776217,1.59187953912776,0.331202288809622
LCN,1995,2.71690494767003,1.77721455251219,0.457610486331163
LCN,1996,3.02598106459059,2.25714112342431,0.373369252882286
LCN,1997,2.58890054208526,1.90299083682935,0.32113549762277
LCN,1998,1.58698420941494,1.03054842612175,0.241277054943194
LCN,1999,2.56686078641936,1.92209551958155,0.283032652295491
LCN,2000,3.84639563978772,3.18456899154908,0.324760146142857
LCN,2001,3.07644872399121,2.45915994378224,0.264268013096756
LCN,2002,3.57730748268002,2.88176541032425,0.286255128677659
LCN,2003,3.89853702252112,3.12227132256525,0.367702631208701
LCN,2004,4.80946184629627,3.6907315380097,0.705048463862501
LCN,2005,6.13351416485643,4.71377936230445,1.00749480843009
LCN,2006,7.05471950600178,4.88055425757048,1.68460368544316
LCN,2007,6.71061896886377,4.20545882911742,1.97333433487471
LCN,2008,7.28161545242138,4.96620950665784,1.68469325163784
LCN,2009,4.04001275443983,2.55055385136455,0.939847132007035
LCN,2010,5.19654993250436,2.94701226070013,1.66917925317111
LCN,2011,6.77523173769579,4.15699676918487,1.92795160771993
LCN,2012,6.00481904838201,3.89211458218227,1.45994608226104
LCN,2013,5.22600711716773,3.24384599057673,1.28418756482882
LCN,2014,4.33841889659424,2.76416405874257,0.900971492112562
LCN,2015,2.28431690138741,1.07627000935717,0.603223286944009
LCN,2016,2.17668620071573,0.828942153082617,0.736790268080025
LCN,2017,2.6193332409431,1.08408306790872,0.929210570332111
LCN,2018,3.34878319404008,1.71736123449629,0.93723836232836
LCN,2019,2.61779995861804,1.42101654555695,0.573739365774547
LCN,2020,2.44027821623062,0.796929818178788,0.980350293682157
LCN,2021,6.13854950750771,1.92836270835863,3.59342767830345
LCN,2022,,,
LCN,2023,,,
LCN,2024,,,
LCN,2025,,,
LDC,1960,,,
LDC,1961,,,
LDC,1962,,,
LDC,1963,,,
LDC,1964,,,
LDC,1965,,,
LDC,1966,,,
LDC,1967,,,
LDC,1968,,,
LDC,1969,,,
LDC,1970,6.28922328190705,,4.07996599894633
LDC,1971,4.54224015811595,,2.59164131249989
LDC,1972,4.83527322306471,,2.58323113186849
LDC,1973,7.94144837679637,,4.80955179401731
LDC,1974,7.24620644233052,,4.52035890443383
LDC,1975,4.40742593363863,,1.47864273267867
LDC,1976,5.07694748632369,,1.97789995410566
LDC,1977,6.88803424538725,,1.75283883755397
LDC,1978,5.54063816441337,,0.998040051891842
LDC,1979,5.54805102774955,,1.61624802700435
LDC,1980,7.93680542485784,1.8914744030204,1.64072317253748
LDC,1981,6.53790436280687,1.0017235947283,1.00909040739664
LDC,1982,7.63369352334693,0.518896204269953,0.703029543484044
LDC,1983,6.67763541853669,1.0981299155284,0.927463979789766
LDC,1984,6.22307573608871,1.39636192555052,0.654345108204279
LDC,1985,5.4006747054328,1.58568024751696,0.665325888793728
LDC,1986,6.08162904730912,0.570099444843718,0.871104719430424
LDC,1987,6.382979821913,1.27813225900081,0.953521715535753
LDC,1988,6.85828975994718,1.06471071421563,1.50746019085469
LDC,1989,7.5507964341866,1.71613297034258,1.60545707153126
LDC,1990,9.25931134163353,3.95415595520096,1.01938951236387
LDC,1991,6.72623502233265,2.24473009162194,0.423368434596507
LDC,1992,9.18848950760744,3.29462340907158,0.431884083781752
LDC,1993,9.01940929087125,4.07792135851206,0.314692950581232
LDC,1994,13.5996875423787,7.6446948532762,0.302921921724495
LDC,1995,12.9553721077542,4.60072624436535,0.190703928881702
LDC,1996,11.1818530397174,3.18924039675731,0.221554135813675
LDC,1997,9.8032552123207,2.82174976394867,0.202548430029817
LDC,1998,8.69733262682171,1.58661952912899,0.1941431544159
LDC,1999,7.42643580556915,2.69706700789559,0.169494209900558
LDC,2000,9.58384175885679,5.20366728013083,0.188512903845334
LDC,2001,8.70741471520526,4.12863585774109,0.228625178306788
LDC,2002,9.51842995323793,4.57387139208545,0.245411542588157
LDC,2003,11.1187817614144,4.38339659804066,0.184991022848707
LDC,2004,11.4816832079814,6.03118096820516,0.313207129689227
LDC,2005,14.2163649946137,9.05856392885535,0.521098480603885
LDC,2006,15.2546924671436,9.97117580053269,1.10846054423748
LDC,2007,16.5018455224667,10.5907131979315,1.08926395432394
LDC,2008,19.5449383224171,13.7557622537942,0.963732429930328
LDC,2009,12.3019418299849,6.75244111489599,0.846965188160371
LDC,2010,13.8955056953859,8.48885963695317,1.33064715897224
LDC,2011,15.6119830591205,9.64950295774771,1.71801166988091
LDC,2012,13.2872779976706,7.439877942915,1.45114152056854
LDC,2013,11.669908132347,6.16108683219414,1.2529156851386
LDC,2014,10.0123651560216,4.61683886888164,0.927608485989308
LDC,2015,7.12038778450257,1.82481214431936,0.57624058642246
LDC,2016,6.93337313565308,1.45637901237251,0.676432212588796
LDC,2017,7.71954453916855,2.31070782941148,0.933030381374639
LDC,2018,7.2392436321201,3.0000944969291,0.942463512613618
LDC,2019,5.94850263587647,2.31788537795575,0.587989742680834
LDC,2020,5.11074035033367,1.14584724684729,0.827336342458513
LDC,2021,8.55993148890917,2.141212923428,3.13005291102235
LDC,2022,,,
LDC,2023,,,
LDC,2024,,,
LDC,2025,,,
LIE,1960,,,
LIE,1961,,,
LIE,1962,,,
LIE,1963,,,
LIE,1964,,,
LIE,1965,,,
LIE,1966,,,
LIE,1967,,,
LIE,1968,,,
LIE,1969,,,
LIE,1970,0.0,,0.0
LIE,1971,0.0,,0.0
LIE,1972,0.0,,0.0
LIE,1973,0.0,,0.0
LIE,1974,0.0,,0.0
LIE,1975,0.0,,0.0
LIE,1976,0.0,,0.0
LIE,1977,0.0,,0.0
LIE,1978,0.0,,0.0
LIE,1979,0.0,,0.0
LIE,1980,0.0,,0.0
LIE,1981,0.0,,0.0
LIE,1982,0.0,,0.0
LIE,1983,0.0,,0.0
LIE,1984,0.0,,0.0
LIE,1985,0.0,,0.0
LIE,1986,0.0,,0.0
LIE,1987,0.0,,0.0
LIE,1988,0.0,,0.0
LIE,1989,0.0,,0.0
LIE,1990,0.0,,0.0
LIE,1991,0.0,,0.0
LIE,1992,0.00975332321286609,,0.0
LIE,1993,0.00865297493908273,,0.0
LIE,1994,0.0141382603498076,,0.0
LIE,1995,0.010176303597128,,0.0
LIE,1996,0.00727531598244424,,0.0
LIE,1997,0.00657140669186758,,0.0
LIE,1998,0.00569133630721569,,0.0
LIE,1999,0.00200898229436154,,0.0
LIE,2000,0.00936390166869675,,0.0
LIE,2001,0.00843356599945969,,0.0
LIE,2002,0.00940294319900605,,0.0
LIE,2003,0.00882996396874573,,0.0
LIE,2004,0.0068004142295357,,0.0
LIE,2005,0.00660421107495562,,0.0
LIE,2006,0.00842264824176702,,0.0
LIE,2007,0.00943234681920636,,0.0
LIE,2008,0.0109235111204393,,0.0
LIE,2009,0.00978668467181032,,0.0
LIE,2010,0.00924063538213154,,0.0
LIE,2011,0.00817289068062751,,0.0
LIE,2012,0.00655238694776474,,0.0
LIE,2013,0.0052938315075899,,0.0
LIE,2014,0.00599288437231091,,0.0
LIE,2015,0.00194110894161873,,0.0
LIE,2016,0.00207232625568761,,0.0
LIE,2017,0.00186506931005221,,0.0
LIE,2018,0.00327838093890037,,0.0
LIE,2019,0.00179668932945333,,0.0
LIE,2020,0.00147146668515006,,0.0
LIE,2021,,,
LIE,2022,,,
LIE,2023,,,
LIE,2024,,,
LIE,2025,,,
LKA,1960,,,
LKA,1961,,,
LKA,1962,,,
LKA,1963,,,
LKA,1964,,,
LKA,1965,,,
LKA,1966,,,
LKA,1967,,,
LKA,1968,,,
LKA,1969,,,
LKA,1970,0.349013656833095,,0.0
LKA,1971,0.311770020850896,0.0,0.0
LKA,1972,0.293823821135509,0.0,0.0
LKA,1973,0.412492035623906,0.0,0.0
LKA,1974,0.384839956370907,0.0,0.0
LKA,1975,0.776306878827124,0.0,0.0
LKA,1976,0.531682871698104,0.0,0.0
LKA,1977,1.47834425174834,0.0,0.0
LKA,1978,2.22462277222911,0.0,0.0
LKA,1979,0.824141817580273,0.0,0.0
LKA,1980,0.836147126437549,0.0,0.00226100544481552
LKA,1981,0.665314964531548,0.0,0.00317426330648756
LKA,1982,0.930364692258302,0.0,0.00184907169138614
LKA,1983,0.618973339361637,0.0,0.00111310757252971
LKA,1984,0.415370333932422,0.0,0.0
LKA,1985,0.297895482888966,0.0,0.000295691112821829
LKA,1986,0.512449670512743,0.0,0.0
LKA,1987,0.458943840762112,0.0,0.0
LKA,1988,0.462214619069643,0.0,0.0
LKA,1989,0.449054392882218,0.0,0.0
LKA,1990,0.467031774164659,0.0,0.0
LKA,1991,0.541072206279577,0.0,0.0
LKA,1992,0.508323376361394,0.0,0.0
LKA,1993,0.442217811746733,0.0,0.0
LKA,1994,0.344406420288195,0.0,0.0
LKA,1995,0.387053556444352,0.0,0.0
LKA,1996,0.353077482876767,0.0,0.0
LKA,1997,0.211594304589763,0.0,0.0
LKA,1998,0.188090082261484,0.0,0.0
LKA,1999,0.214152119083607,0.0,0.0
LKA,2000,0.190956032913517,0.0,0.0
LKA,2001,0.196220474071304,0.0,0.0
LKA,2002,0.203787939938968,0.0,0.0
LKA,2003,0.196684504988527,0.0,0.0
LKA,2004,0.147494466742975,0.0,0.0
LKA,2005,0.124198914028397,0.0,0.0
LKA,2006,0.16417428202828,0.0,0.00124427186618525
LKA,2007,0.196497793780255,0.0,0.00248029880622356
LKA,2008,0.168491007991096,0.0,0.0206586692721846
LKA,2009,0.154024920053947,0.0,0.0174579216668107
LKA,2010,0.181247741101714,0.0,0.00555960351455087
LKA,2011,0.161869001521806,0.0,0.00936890547973611
LKA,2012,0.137234670569948,0.0,0.00951569522222702
LKA,2013,0.111206626762233,0.0,0.00488539890127828
LKA,2014,0.106716230120525,0.0,0.0043645299455326
LKA,2015,0.116815682766825,0.0,0.00380900777682929
LKA,2016,0.120808775080832,0.0,0.00235901214764391
LKA,2017,0.0888765377568958,0.0,0.00171169295373714
LKA,2018,0.064834147164453,0.0,0.00179073740374302
LKA,2019,0.0722571812304566,0.0,0.0
LKA,2020,0.0850400982115445,0.0,0.0
LKA,2021,0.0832444969793704,0.0,0.0
LKA,2022,,,
LKA,2023,,,
LKA,2024,,,
LKA,2025,,,
LMY,1960,,,
LMY,1961,,,
LMY,1962,,,
LMY,1963,,,
LMY,1964,,,
LMY,1965,,,
LMY,1966,,,
LMY,1967,,,
LMY,1968,,,
LMY,1969,,,
LMY,1970,2.29150559270492,0.722462265399023,0.611167002583557
LMY,1971,2.25593098472967,0.809466243620079,0.442000352882184
LMY,1972,2.57283827637436,1.02598547844072,0.439282072032016
LMY,1973,3.71184726153525,1.47309646336881,0.686005570983861
LMY,1974,8.66096064080302,6.29530577766048,0.952232007591249
LMY,1975,8.17972170455295,5.5364871197001,0.539003436962074
LMY,1976,8.74100849881841,6.14550729232693,0.569971184832997
LMY,1977,9.06713928185346,6.07664727418034,0.592931025092995
LMY,1978,8.39108767668998,5.80637962798408,0.389212324076209
LMY,1979,12.287987063059,9.3753447148378,0.661755009120665
LMY,1980,13.4000702326203,9.92414873010839,1.06238656603047
LMY,1981,9.47334902035966,6.52399527554739,0.658272591009128
LMY,1982,8.20294435103524,4.84463974389675,0.553459367429573
LMY,1983,8.6898568403004,5.89055690714614,0.653195608006774
LMY,1984,8.18951011817749,6.09991099436183,0.396652818208132
LMY,1985,8.1240930989454,5.94804352876324,0.488172948875606
LMY,1986,4.74274190757563,2.66691315172047,0.41273150340391
LMY,1987,5.9683387232373,3.98211176210134,0.495912569499488
LMY,1988,5.60758981091774,3.10058624194752,0.94023098740546
LMY,1989,7.06102624477392,4.54199012538701,0.804944058605373
LMY,1990,7.8837639969258,5.62890373741109,0.517587241921665
LMY,1991,4.94547480401441,2.70090430027567,0.456471312840704
LMY,1992,4.82505415596906,2.70967100781588,0.456425081066261
LMY,1993,4.87839860307035,3.14534445641512,0.310092465962091
LMY,1994,4.44911938062344,2.77932180160614,0.31877581079484
LMY,1995,4.58007742739049,2.67794796885595,0.272271971865437
LMY,1996,4.7633951556957,3.07175672273286,0.240789431590235
LMY,1997,4.15588387699457,2.67466822787293,0.199668781996136
LMY,1998,2.98722216543294,1.56122202469075,0.251520682077663
LMY,1999,3.49948709842424,2.34709450489918,0.225153741317774
LMY,2000,5.36608025082506,4.09215861888686,0.200163570724439
LMY,2001,4.66326675499538,3.10220129120614,0.183629603788682
LMY,2002,4.53005306279567,3.12303550876795,0.205525660430292
LMY,2003,4.74141573587651,3.20932707661943,0.189349070345526
LMY,2004,6.26164484431549,3.985923440254,0.304400329200376
LMY,2005,7.52402564765099,5.22659971502003,0.619052363926865
LMY,2006,8.04382245454912,5.37117483103468,0.963356025148547
LMY,2007,8.10073511047436,4.76478095834241,1.50599570281793
LMY,2008,10.4624909744314,5.71037820961415,1.58061847390657
LMY,2009,5.61319324564181,3.00959551096122,0.83322732945972
LMY,2010,7.18338641571219,3.53715389021139,1.52161273815333
LMY,2011,8.65980771933582,4.3542477160602,1.7474610095478
LMY,2012,6.70515320738758,3.99313847192784,0.928847898669601
LMY,2013,5.6214881510499,3.38771198123489,0.80243258936929
LMY,2014,4.72452078513557,2.8845491216386,0.51770651770246
LMY,2015,2.66992183004351,1.30576969808592,0.306337165695087
LMY,2016,2.44663974399772,1.07639778314733,0.363178480147368
LMY,2017,3.0253421585795,1.45192776998298,0.452735945765591
LMY,2018,3.69096485613029,2.04103404569445,0.406722375853907
LMY,2019,3.10852880321489,1.63003161609715,0.398142819639169
LMY,2020,2.18524531622867,0.797823740662132,0.40906837381089
LMY,2021,4.09545222900584,1.53560859816043,1.2169201499873
LMY,2022,,,
LMY,2023,,,
LMY,2024,,,
LMY,2025,,,
LSO,1960,,,
LSO,1961,,,
LSO,1962,,,
LSO,1963,,,
LSO,1964,,,
LSO,1965,,,
LSO,1966,,,
LSO,1967,,,
LSO,1968,,,
LSO,1969,,,
LSO,1970,9.26379655722695,,0.0
LSO,1971,7.05289833516462,,0.0
LSO,1972,7.42476917202812,,0.0
LSO,1973,8.33692950103936,,0.0
LSO,1974,7.23589943349907,,0.0
LSO,1975,10.646182534683,,0.0
LSO,1976,9.38504487743833,,0.0
LSO,1977,13.6561537200762,,0.0
LSO,1978,9.87909486913814,,0.0
LSO,1979,8.20050459398831,,0.0
LSO,1980,6.97611464107901,0.0,0.0
LSO,1981,6.3159669361137,0.0,0.0
LSO,1982,11.3295324002463,0.0,0.0
LSO,1983,6.61350664449735,0.0,0.0
LSO,1984,7.05472134673556,0.0,0.0
LSO,1985,6.13232608063174,0.0,0.0
LSO,1986,8.63553870262351,0.0,0.0
LSO,1987,6.56393720871233,0.0,0.0
LSO,1988,6.18328873229751,0.0,0.0
LSO,1989,5.85725208752486,0.0,0.0
LSO,1990,3.89898101233072,0.0,0.0
LSO,1991,3.50157419046867,0.0,0.0
LSO,1992,3.07930325129961,0.0,0.0
LSO,1993,2.4470504390108,0.0,0.0
LSO,1994,2.92280695099856,0.0,0.0
LSO,1995,4.06747678186792,0.0,0.0
LSO,1996,4.42866982662492,0.0,0.0
LSO,1997,4.03080585288478,0.0,0.0
LSO,1998,4.62753146057726,0.0,0.0
LSO,1999,3.37253238663395,0.0,0.0
LSO,2000,3.45870923985656,0.0,0.0
LSO,2001,3.61294719864822,0.0,0.0
LSO,2002,4.64972989607064,0.0,0.0
LSO,2003,5.46817367450901,0.0,0.0
LSO,2004,3.85504573954824,0.0,0.0
LSO,2005,3.46065787841255,0.0,0.0
LSO,2006,3.06843905736909,0.0,0.0
LSO,2007,5.0525676359588,0.0,0.0
LSO,2008,5.45904125705999,0.0,0.0
LSO,2009,5.90302783789186,0.0,0.0
LSO,2010,3.93439968984273,0.0,0.0
LSO,2011,3.88951380908295,0.0,0.0
LSO,2012,4.7058759222187,0.0,0.0
LSO,2013,5.10158145699247,0.0,0.0
LSO,2014,5.59052228450031,0.0,0.0
LSO,2015,6.21135692867531,0.0,0.0
LSO,2016,7.27012601835192,0.0,0.0
LSO,2017,6.29773888103094,0.0,0.0
LSO,2018,3.60958084633478,0.0,0.0
LSO,2019,3.73425482845294,0.0,0.0
LSO,2020,4.55548495060365,0.0,0.0
LSO,2021,4.31788190525398,0.0,0.0
LSO,2022,,,
LSO,2023,,,
LSO,2024,,,
LSO,2025,,,
LTE,1960,,,
LTE,1961,,,
LTE,1962,,,
LTE,1963,,,
LTE,1964,,,
LTE,1965,,,
LTE,1966,,,
LTE,1967,,,
LTE,1968,,,
LTE,1969,,,
LTE,1970,2.68708796108488,0.843899898354051,0.825395642956019
LTE,1971,2.5880231310653,0.951266340681229,0.607510805181577
LTE,1972,2.87802160948241,1.12536914486883,0.519906895242493
LTE,1973,3.84720380393006,1.39365450480327,0.648336851086217
LTE,1974,8.35099397225213,5.44019292987238,1.14934797101363
LTE,1975,9.47105247695706,5.96273158773927,0.765189289823204
LTE,1976,10.2234979909438,6.62756287108503,0.856602461281796
LTE,1977,9.76720785157407,6.05836646231844,0.84484787291361
LTE,1978,9.58891992646385,6.20051858799266,0.604709353387421
LTE,1979,12.5487974080737,8.86414122001202,0.737341977765808
LTE,1980,15.4631749105885,11.2614655203155,0.80519582668658
LTE,1981,12.5149362728418,8.27804303569008,0.687325706158203
LTE,1982,10.2571675185742,5.42354626815625,0.595930257771587
LTE,1983,10.7724390433793,6.77802327305138,0.705050338485364
LTE,1984,10.1347211212196,7.15666539704957,0.610171529624439
LTE,1985,9.27840460222814,6.26377754946236,0.620533477046115
LTE,1986,5.68670828879078,3.15634938593295,0.49664225615173
LTE,1987,6.46094384283937,4.1982676884267,0.53587823613221
LTE,1988,5.79111664162002,3.77065412689966,0.692730920740698
LTE,1989,7.83804817428702,5.43476222227187,0.584252729747629
LTE,1990,9.2928935718237,6.73267123426978,0.477353885778532
LTE,1991,5.69037449359532,3.40102900909968,0.435094146399915
LTE,1992,6.05856783652672,3.5875273112697,0.657740030956412
LTE,1993,5.55511548591061,3.40327779375808,0.423916593973257
LTE,1994,4.40287279624925,2.59180541169252,0.41646798213359
LTE,1995,4.36519724470878,2.34355859177445,0.404756051933152
LTE,1996,4.51083244646549,2.84839127922659,0.307888444129954
LTE,1997,3.92739926580069,2.40973244294494,0.281685152881755
LTE,1998,2.41095792104688,1.26583754911034,0.324375043649681
LTE,1999,3.63469910853116,2.47655416659424,0.34832773337423
LTE,2000,6.05056541854655,4.55261851520637,0.314188834332124
LTE,2001,5.45295079280624,3.38115358289383,0.244829085147183
LTE,2002,4.95672470712737,3.36718878937503,0.240106797016042
LTE,2003,5.34317057290251,3.70189686835972,0.242883450294787
LTE,2004,7.0366633943576,4.41444984641665,0.423951663776284
LTE,2005,8.08992429729767,5.59893759518097,0.729988344703318
LTE,2006,8.84685383171814,5.66084421669952,1.21492115605545
LTE,2007,8.62133628744296,4.89535969572836,1.73847703439557
LTE,2008,11.0362889205055,5.72302519148362,1.69373335599392
LTE,2009,6.01239974223169,3.22957651332017,0.859529506126958
LTE,2010,7.72328517721485,3.62922310077008,1.73285694129764
LTE,2011,9.56517932123186,4.74053324858468,1.9564045178117
LTE,2012,7.3266963400142,4.3905487421113,0.992579587577213
LTE,2013,6.22180506274575,3.87544330539015,0.831254021863781
LTE,2014,5.28701081219893,3.4277604027586,0.573087838691635
LTE,2015,2.95774950385083,1.6307831223787,0.335856442038757
LTE,2016,2.53726594627517,1.29685597438444,0.367076603687962
LTE,2017,3.13477797495938,1.64065397948082,0.46402926174829
LTE,2018,3.88702692015596,2.25394107693257,0.409470008233986
LTE,2019,3.28519474507477,1.91202243117121,0.352757095002766
LTE,2020,2.19159102675367,0.988814170745159,0.356243130384008
LTE,2021,4.24041218003467,1.70231966455176,1.07421797060636
LTE,2022,,,
LTE,2023,,,
LTE,2024,,,
LTE,2025,,,
LTU,1960,,,
LTU,1961,,,
LTU,1962,,,
LTU,1963,,,
LTU,1964,,,
LTU,1965,,,
LTU,1966,,,
LTU,1967,,,
LTU,1968,,,
LTU,1969,,,
LTU,1970,,,
LTU,1971,,,
LTU,1972,,,
LTU,1973,,,
LTU,1974,,,
LTU,1975,,,
LTU,1976,,,
LTU,1977,,,
LTU,1978,,,
LTU,1979,,,
LTU,1980,,,
LTU,1981,,,
LTU,1982,,,
LTU,1983,,,
LTU,1984,,,
LTU,1985,,,
LTU,1986,,,
LTU,1987,,,
LTU,1988,,,
LTU,1989,,,
LTU,1990,,,
LTU,1991,,,
LTU,1992,,,
LTU,1993,,,
LTU,1994,,,
LTU,1995,1.44273154708812,0.0906223738693195,0.0
LTU,1996,1.39565861276589,0.14514393938085,0.0
LTU,1997,1.01885217696713,0.135194229938002,0.0
LTU,1998,0.702714839275153,0.049179324033605,0.0
LTU,1999,0.835114128882281,0.124753394103413,0.0
LTU,2000,1.00761756848222,0.350374403020056,0.0
LTU,2001,0.950531620904502,0.356954383456659,0.0
LTU,2002,0.809312518866469,0.298245654690125,0.0
LTU,2003,0.731872390939613,0.236285179210918,0.0
LTU,2004,0.655048870768867,0.213297786959526,0.0
LTU,2005,0.590099054196955,0.199035520535653,0.0
LTU,2006,0.550049584611631,0.163827335648741,0.0
LTU,2007,0.480122912458821,0.111123246183541,0.0
LTU,2008,0.439415086610715,0.120394867137278,0.0
LTU,2009,0.401930501280375,0.0715728904991753,0.0
LTU,2010,0.524773473420892,0.0803743997861436,0.0
LTU,2011,0.55272441723569,0.111619814532788,0.0
LTU,2012,0.50334215016971,0.0974715128859943,0.0
LTU,2013,0.451433196719953,0.0739349105055915,0.0
LTU,2014,0.435666728185002,0.0624235150052519,0.0
LTU,2015,0.355871871770943,0.028369813462494,0.0
LTU,2016,0.3377588483904,0.0181352318557627,0.0
LTU,2017,0.408008846501474,0.0227232483962868,0.0
LTU,2018,0.378395633092732,0.0267898297704848,0.0
LTU,2019,0.334182488318804,0.0168744393867326,0.0
LTU,2020,0.310782585398606,0.00844361118604004,0.0
LTU,2021,0.28612663033099,0.015948543146471,0.0
LTU,2022,,,
LTU,2023,,,
LTU,2024,,,
LTU,2025,,,
LUX,1960,,,
LUX,1961,,,
LUX,1962,,,
LUX,1963,,,
LUX,1964,,,
LUX,1965,,,
LUX,1966,,,
LUX,1967,,,
LUX,1968,,,
LUX,1969,,,
LUX,1970,0.0524149334463755,,0.0
LUX,1971,0.0576026225877284,0.0,0.0
LUX,1972,0.0561004130678081,0.0,0.0
LUX,1973,0.0592509986925504,0.0,0.0
LUX,1974,0.0515778921049372,0.0,0.0
LUX,1975,0.0627907982670683,0.0,0.0
LUX,1976,0.318863047965533,0.0,0.254797544331274
LUX,1977,0.176909720602285,0.0,0.12402434894862
LUX,1978,0.0470270658930434,0.0,0.0
LUX,1979,0.0483399264120148,0.0,0.0
LUX,1980,0.0517571452416673,0.0,0.0
LUX,1981,0.0456097883863536,0.0,0.0
LUX,1982,0.052440397123491,0.0,0.0
LUX,1983,0.0489712846331369,0.0,0.0
LUX,1984,0.0428891339071207,0.0,0.0
LUX,1985,0.0469292790173335,0.0,0.0
LUX,1986,0.0385608464591326,0.0,0.0
LUX,1987,0.0355106535645102,0.0,0.0
LUX,1988,0.0359546763141924,0.0,0.0
LUX,1989,0.0427257869216624,0.0,0.0
LUX,1990,0.0362067565268409,0.0,0.0
LUX,1991,0.0247815381926834,0.0,0.0
LUX,1992,0.0208398943551724,0.0,0.0
LUX,1993,0.0228902530216312,0.0,0.0
LUX,1994,0.020024924067161,0.0,0.0
LUX,1995,0.0182970118168961,0.0,0.0
LUX,1996,0.0189317592423706,0.0,0.0
LUX,1997,0.0160989433345421,0.0,0.0
LUX,1998,0.0174167394238165,0.0,0.0
LUX,1999,0.0174432275436708,0.0,0.0
LUX,2000,0.0190086228380903,0.0,0.0
LUX,2001,0.0187875662300189,0.0,0.0
LUX,2002,0.0172526782204699,0.0,0.0
LUX,2003,0.0150664520035236,0.0,0.0
LUX,2004,0.00965720131113687,0.0,0.0
LUX,2005,0.009842585563947,0.0,0.0
LUX,2006,0.0208984835862011,0.0,0.00923921679749266
LUX,2007,0.032962175967571,0.0,0.0184112835674772
LUX,2008,0.176060660673067,0.0,0.161857407688261
LUX,2009,0.166374142577648,0.0,0.152487610740538
LUX,2010,0.072919743736028,0.0,0.0554468546189907
LUX,2011,0.111627780528827,0.0,0.0964425475476
LUX,2012,0.124315483837715,0.0,0.110975457226791
LUX,2013,0.0654807999878363,0.0,0.0559270910497059
LUX,2014,0.0511247766010698,0.0,0.0394707897033685
LUX,2015,0.0121647269251085,0.0,0.0
LUX,2016,0.0100663139177463,0.0,0.0
LUX,2017,0.00960957126949073,0.0,0.0
LUX,2018,0.0131614123128893,0.0,0.0
LUX,2019,0.00887356762506664,0.0,0.0
LUX,2020,0.00666359766515693,0.0,0.0
LUX,2021,0.00475136757511518,0.0,0.0
LUX,2022,,,
LUX,2023,,,
LUX,2024,,,
LUX,2025,,,
LVA,1960,,,
LVA,1961,,,
LVA,1962,,,
LVA,1963,,,
LVA,1964,,,
LVA,1965,,,
LVA,1966,,,
LVA,1967,,,
LVA,1968,,,
LVA,1969,,,
LVA,1970,,,
LVA,1971,,,
LVA,1972,,,
LVA,1973,,,
LVA,1974,,,
LVA,1975,,,
LVA,1976,,,
LVA,1977,,,
LVA,1978,,,
LVA,1979,,,
LVA,1980,,,
LVA,1981,,,
LVA,1982,,,
LVA,1983,,,
LVA,1984,,,
LVA,1985,,,
LVA,1986,,,
LVA,1987,,,
LVA,1988,,,
LVA,1989,,,
LVA,1990,,,
LVA,1991,,,
LVA,1992,,,
LVA,1993,,,
LVA,1994,,,
LVA,1995,2.44180951754329,0.0,0.0
LVA,1996,2.53584473218075,0.0,0.0
LVA,1997,2.11836519777713,0.0,0.0
LVA,1998,1.92134622351435,0.0,0.0
LVA,1999,2.83041483508877,0.0,0.0
LVA,2000,2.59232171929407,0.0,0.0
LVA,2001,2.08081083066916,0.0,0.0
LVA,2002,1.73987716796356,0.0,0.0
LVA,2003,1.74608259393462,0.0,0.0
LVA,2004,1.58950445564584,0.0103677175607095,0.0
LVA,2005,1.32114799728074,0.0195425675565115,0.0
LVA,2006,1.18009886224217,0.0177881524248426,0.0
LVA,2007,0.97630494810674,0.0227668765867207,0.0
LVA,2008,0.709564360327675,0.0525767547664309,0.0
LVA,2009,0.890309028980383,0.0511686185788562,0.0
LVA,2010,1.28308782693054,0.0638161948318141,0.0
LVA,2011,1.3327725371957,0.0951786230834513,0.0
LVA,2012,1.43134807722777,0.137675372248078,0.0
LVA,2013,1.14413699673137,0.0896165354483561,0.0
LVA,2014,1.13104352407128,0.0891082785579314,0.0
LVA,2015,1.00340965640665,0.0345824404298269,0.0
LVA,2016,0.983550850681886,0.0190916739437906,0.0
LVA,2017,1.20722108099256,0.036360085832959,0.0
LVA,2018,1.07351315071964,0.0795369079908762,0.0
LVA,2019,1.18938805075522,0.0593681954347841,0.0
LVA,2020,1.27458711674516,0.0314235592999339,0.0
LVA,2021,1.16511975350878,0.0653994018600052,0.0
LVA,2022,,,
LVA,2023,,,
LVA,2024,,,
LVA,2025,,,
MAC,1960,,,
MAC,1961,,,
MAC,1962,,,
MAC,1963,,,
MAC,1964,,,
MAC,1965,,,
MAC,1966,,,
MAC,1967,,,
MAC,1968,,,
MAC,1969,,,
MAC,1970,,,
MAC,1971,,,
MAC,1972,,,
MAC,1973,,,
MAC,1974,,,
MAC,1975,,,
MAC,1976,,,
MAC,1977,,,
MAC,1978,,,
MAC,1979,,,
MAC,1980,,,
MAC,1981,,,
MAC,1982,0.00180635451304879,0.0,0.0
MAC,1983,0.00186693119817914,0.0,0.0
MAC,1984,0.00255971079328982,0.0,0.0
MAC,1985,0.00250332835608348,0.0,0.0
MAC,1986,0.00369865605929788,0.0,0.0
MAC,1987,0.00291006898641668,0.0,0.0
MAC,1988,0.00254336022844102,0.0,0.0
MAC,1989,0.00222094443428256,0.0,0.0
MAC,1990,0.00191367383640553,0.0,0.0
MAC,1991,0.00191073903714248,0.0,0.0
MAC,1992,0.00195001869429506,0.0,0.0
MAC,1993,0.001434625295453,0.0,0.0
MAC,1994,0.00175308274359916,0.0,0.0
MAC,1995,0.0026598693592288,0.0,0.0
MAC,1996,0.00272245739392018,0.0,0.0
MAC,1997,0.0024700951416263,0.0,0.0
MAC,1998,0.00206941045661232,0.0,0.0
MAC,1999,0.00114701339124268,0.0,0.0
MAC,2000,0.00109989412783637,0.0,0.0
MAC,2001,0.0012515633431334,0.0,0.0
MAC,2002,0.00129294906675416,0.0,0.0
MAC,2003,0.00166554584265641,0.0,0.0
MAC,2004,0.00142006573846366,0.0,0.0
MAC,2005,0.000813289697051987,0.0,0.0
MAC,2006,0.000762848827837186,0.0,0.0
MAC,2007,0.000914438870209263,0.0,0.0
MAC,2008,0.00134690575890845,0.0,0.0
MAC,2009,0.00122316242318777,0.0,0.0
MAC,2010,0.000905336110860392,0.0,0.0
MAC,2011,0.000918692177244038,0.0,0.0
MAC,2012,0.000637773144866662,0.0,0.0
MAC,2013,0.0005215709086089,0.0,0.0
MAC,2014,0.000707754579992928,0.0,0.0
MAC,2015,0.000676701941454292,0.0,0.0
MAC,2016,0.000766339291005204,0.0,0.0
MAC,2017,0.000816577243915305,0.0,0.0
MAC,2018,0.000378495372010862,0.0,0.0
MAC,2019,0.000345302748769397,0.0,0.0
MAC,2020,0.00092361911978552,0.0,0.0
MAC,2021,0.000724556273813068,0.0,0.0
MAC,2022,,,
MAC,2023,,,
MAC,2024,,,
MAC,2025,,,
MAF,1960,,,
MAF,1961,,,
MAF,1962,,,
MAF,1963,,,
MAF,1964,,,
MAF,1965,,,
MAF,1966,,,
MAF,1967,,,
MAF,1968,,,
MAF,1969,,,
MAF,1970,,,
MAF,1971,,,
MAF,1972,,,
MAF,1973,,,
MAF,1974,,,
MAF,1975,,,
MAF,1976,,,
MAF,1977,,,
MAF,1978,,,
MAF,1979,,,
MAF,1980,,,
MAF,1981,,,
MAF,1982,,,
MAF,1983,,,
MAF,1984,,,
MAF,1985,,,
MAF,1986,,,
MAF,1987,,,
MAF,1988,,,
MAF,1989,,,
MAF,1990,,,
MAF,1991,,,
MAF,1992,,,
MAF,1993,,,
MAF,1994,,,
MAF,1995,,,
MAF,1996,,,
MAF,1997,,,
MAF,1998,,,
MAF,1999,,,
MAF,2000,,,
MAF,2001,,,
MAF,2002,,,
MAF,2003,,,
MAF,2004,,,
MAF,2005,,,
MAF,2006,,,
MAF,2007,,,
MAF,2008,,,
MAF,2009,,,
MAF,2010,,,
MAF,2011,0.0,,0.0
MAF,2012,,,
MAF,2013,,,
MAF,2014,0.0,,0.0
MAF,2015,,,
MAF,2016,,,
MAF,2017,,,
MAF,2018,,,
MAF,2019,,,
MAF,2020,,,
MAF,2021,,,
MAF,2022,,,
MAF,2023,,,
MAF,2024,,,
MAF,2025,,,
MAR,1960,,,
MAR,1961,,,
MAR,1962,,,
MAR,1963,,,
MAR,1964,,,
MAR,1965,,,
MAR,1966,,,
MAR,1967,,,
MAR,1968,,,
MAR,1969,,,
MAR,1970,0.902171273718059,,0.469069078359362
MAR,1971,0.756906780709029,0.00490104377461216,0.274139950616604
MAR,1972,0.466329246675409,0.00652274648069209,0.0768053282631862
MAR,1973,0.82759336728461,0.0119585823329776,0.410435943832652
MAR,1974,10.4614508960443,0.0245284171591146,10.025517588817
MAR,1975,8.01134785240663,0.0166013280568583,7.47273071013102
MAR,1976,3.25833778664007,0.00762752469322945,2.85656030849461
MAR,1977,7.1103456913499,0.0174803585788549,6.57733892726022
MAR,1978,1.80010450186733,0.0162686827564633,1.26038319908962
MAR,1979,2.0860866012875,0.0249454081248798,1.64067283290102
MAR,1980,1.93240909400097,0.0154413073181381,1.55995705156025
MAR,1981,2.78538380285006,0.0228064561957411,2.294720948926
MAR,1982,2.62239050403749,0.0157889098114505,1.73385848887135
MAR,1983,2.49010263353889,0.0181573174779498,1.79997675589706
MAR,1984,2.01272467515158,0.018335367630548,1.2788760309858
MAR,1985,2.28857541318934,0.0243830497123277,1.86959874469929
MAR,1986,1.24324093293933,0.0101580392209008,0.682012815685907
MAR,1987,0.652943231947499,0.00935894321831668,0.16278694399072
MAR,1988,2.6104002503804,0.00734486614467233,2.21320977703295
MAR,1989,0.549540975895859,0.00656896809217391,0.128465269462773
MAR,1990,0.446556338050589,0.00863317934637658,0.0894569214397234
MAR,1991,0.470463537432966,0.00389564744133044,0.0778289414486621
MAR,1992,0.402917131825263,0.00358026067356236,0.090472635380838
MAR,1993,0.311874824076787,0.00329343052611533,0.0707814423901533
MAR,1994,0.398309101504966,0.00212164301366922,0.185768007602653
MAR,1995,0.468832543723716,0.00130977992502875,0.178240179654208
MAR,1996,0.380019625009187,0.00148310457793269,0.104297263370193
MAR,1997,0.396019219633816,0.00356202769375222,0.129646550585718
MAR,1998,0.418094042033356,0.00208370178077303,0.0487330282021513
MAR,1999,0.27890729826742,0.00295321855567644,0.0657521309868672
MAR,2000,0.305325348108431,0.00631272522300296,0.126939155104646
MAR,2001,0.208998473305515,0.00389678993671929,0.00316263088205563
MAR,2002,0.194633365567,0.00482094327981793,0.00384366312746036
MAR,2003,0.242738945207909,0.0035183313822751,0.0389834595749842
MAR,2004,0.57019059079328,0.00447676173181179,0.403156828884719
MAR,2005,0.739189609529312,0.00402070243000557,0.585332085107535
MAR,2006,1.17487783805592,0.0062368292429596,0.998985066736335
MAR,2007,1.4811164112028,0.00648886456293074,1.33571238967862
MAR,2008,6.0135640292616,0.0061644205483407,5.80519549020674
MAR,2009,4.04625319267701,0.00325837372650423,3.85315008261178
MAR,2010,5.52351711568337,0.00546877446444964,5.29773108141911
MAR,2011,7.44006663292583,0.00726865921109118,7.20478249504538
MAR,2012,6.48582252084039,0.00528452503464482,6.21304329534516
MAR,2013,4.55138703939471,0.00535817874110864,4.33282340110598
MAR,2014,3.52679771804417,0.00272007561344937,3.23580084970368
MAR,2015,2.61402225287558,0.00142730898853635,2.3319960711726
MAR,2016,2.89821223160529,0.00113281093648473,2.68677241813984
MAR,2017,3.29989896331367,0.00131078372177982,3.05500972926979
MAR,2018,2.41389789515822,0.00175486944296997,2.28347675590799
MAR,2019,0.321780512925498,0.00137237053657597,0.15557980407794
MAR,2020,0.296128236742874,0.000839572708870582,0.147539736096977
MAR,2021,0.391702933228196,0.00101118511153249,0.265907979887688
MAR,2022,,,
MAR,2023,,,
MAR,2024,,,
MAR,2025,,,
MCO,1960,,,
MCO,1961,,,
MCO,1962,,,
MCO,1963,,,
MCO,1964,,,
MCO,1965,,,
MCO,1966,,,
MCO,1967,,,
MCO,1968,,,
MCO,1969,,,
MCO,1970,0.0,,0.0
MCO,1971,0.0,,0.0
MCO,1972,0.0,,0.0
MCO,1973,0.0,,0.0
MCO,1974,0.0,,0.0
MCO,1975,0.0,,0.0
MCO,1976,0.0,,0.0
MCO,1977,0.0,,0.0
MCO,1978,0.0,,0.0
MCO,1979,0.0,,0.0
MCO,1980,0.0,,0.0
MCO,1981,0.0,,0.0
MCO,1982,0.0,,0.0
MCO,1983,0.0,,0.0
MCO,1984,0.0,,0.0
MCO,1985,0.0,,0.0
MCO,1986,0.0,,0.0
MCO,1987,0.0,,0.0
MCO,1988,0.0,,0.0
MCO,1989,0.0,,0.0
MCO,1990,0.0,,0.0
MCO,1991,0.0,,0.0
MCO,1992,0.0,,0.0
MCO,1993,0.0,,0.0
MCO,1994,0.0,,0.0
MCO,1995,0.0,,0.0
MCO,1996,0.0,,0.0
MCO,1997,0.0,,0.0
MCO,1998,0.0,,0.0
MCO,1999,0.0,,0.0
MCO,2000,0.0,,0.0
MCO,2001,0.0,,0.0
MCO,2002,0.0,,0.0
MCO,2003,0.0,,0.0
MCO,2004,0.0,,0.0
MCO,2005,0.0,,0.0
MCO,2006,0.0,,0.0
MCO,2007,0.0,,0.0
MCO,2008,0.0,,0.0
MCO,2009,0.0,,0.0
MCO,2010,0.0,,0.0
MCO,2011,0.0,,0.0
MCO,2012,0.0,,0.0
MCO,2013,0.0,,0.0
MCO,2014,0.0,,0.0
MCO,2015,0.0,,0.0
MCO,2016,0.0,,0.0
MCO,2017,0.0,,0.0
MCO,2018,0.0,,0.0
MCO,2019,0.0,,0.0
MCO,2020,0.0,,0.0
MCO,2021,0.0,,0.0
MCO,2022,,,
MCO,2023,,,
MCO,2024,,,
MCO,2025,,,
MDA,1960,,,
MDA,1961,,,
MDA,1962,,,
MDA,1963,,,
MDA,1964,,,
MDA,1965,,,
MDA,1966,,,
MDA,1967,,,
MDA,1968,,,
MDA,1969,,,
MDA,1970,,,
MDA,1971,,,
MDA,1972,,,
MDA,1973,,,
MDA,1974,,,
MDA,1975,,,
MDA,1976,,,
MDA,1977,,,
MDA,1978,,,
MDA,1979,,,
MDA,1980,,,
MDA,1981,,,
MDA,1982,,,
MDA,1983,,,
MDA,1984,,,
MDA,1985,,,
MDA,1986,,,
MDA,1987,,,
MDA,1988,,,
MDA,1989,,,
MDA,1990,,,
MDA,1991,,,
MDA,1992,,,
MDA,1993,,,
MDA,1994,,,
MDA,1995,0.296026513447815,0.0198602406699322,0.0
MDA,1996,0.292635675217652,0.027368035018493,0.0
MDA,1997,0.262545841972771,0.0178195291815185,0.0
MDA,1998,0.22036155853904,0.00595280295942445,0.0
MDA,1999,0.351298723227498,0.0245114225787651,0.0
MDA,2000,0.314995330975289,0.0462293945531825,0.0
MDA,2001,0.215340731521014,0.027932952617252,0.0
MDA,2002,0.227964199126278,0.0246158649690204,0.0
MDA,2003,0.260076624122249,0.0230683030184434,0.0
MDA,2004,0.211322275281976,0.0224885889043192,0.0
MDA,2005,0.194137366155948,0.0375729585706165,0.0
MDA,2006,0.297372393044233,0.0298150598802193,0.0
MDA,2007,0.199605642635997,0.0519331771812052,0.0
MDA,2008,0.22497712039963,0.104253032464958,0.0
MDA,2009,0.207982951961716,0.0709039203172028,0.0
MDA,2010,0.13247898619691,0.0410121464400827,0.0
MDA,2011,0.168687807572078,0.0658151040070292,0.0
MDA,2012,0.168529747001159,0.0520121651564088,0.0
MDA,2013,0.282675631947635,0.0398922117138423,0.0
MDA,2014,0.305194557556724,0.0299660461211061,0.0
MDA,2015,0.329718543865743,0.0136446165022722,0.0
MDA,2016,0.268595627765572,0.00862196490392666,0.0
MDA,2017,0.260534449680804,0.00923649995277875,0.0
MDA,2018,0.262039473546905,0.0127635798638785,0.0
MDA,2019,0.249756859922812,0.0102511321031361,0.0
MDA,2020,0.245939852669041,0.00619089364526559,0.0
MDA,2021,0.235942049452034,0.0117069637364196,0.0
MDA,2022,,,
MDA,2023,,,
MDA,2024,,,
MDA,2025,,,
MDG,1960,,,
MDG,1961,,,
MDG,1962,,,
MDG,1963,,,
MDG,1964,,,
MDG,1965,,,
MDG,1966,,,
MDG,1967,,,
MDG,1968,,,
MDG,1969,,,
MDG,1970,2.91882362138853,,0.0
MDG,1971,2.7569246514139,,0.0
MDG,1972,2.01983258429753,,0.0
MDG,1973,2.17224461200256,,0.0
MDG,1974,1.4744145537648,,5.31882413466811e-05
MDG,1975,2.04874954586154,,1.2550942415185e-05
MDG,1976,1.82505264919794,,0.0
MDG,1977,3.55001370063835,,0.0
MDG,1978,3.41027008553002,,0.0
MDG,1979,2.87991034326351,,0.000299910097490218
MDG,1980,2.31131855927976,0.0,0.000888505365653543
MDG,1981,2.21318889499977,0.0,0.000142533365806261
MDG,1982,2.89509378187374,0.0,0.000271022632757795
MDG,1983,2.19545490463898,0.0,0.000386067664913122
MDG,1984,2.44235762826374,0.0,0.000322758475868496
MDG,1985,2.08800213500856,0.0,0.00030617590195545
MDG,1986,2.80088989064126,0.0,0.000314013114186148
MDG,1987,3.8551957397843,0.0,0.00639957782782948
MDG,1988,4.26209029540837,0.0,0.0119626996574618
MDG,1989,4.52863760151394,0.0,0.00482131137378379
MDG,1990,5.13716500766513,0.0,0.00224179085160428
MDG,1991,6.2042741515873,0.0,0.0049931244158874
MDG,1992,5.70482651152286,0.0,0.0
MDG,1993,4.26807702054671,0.0,0.0
MDG,1994,5.43387400573852,0.0,0.0
MDG,1995,7.72187580414643,0.0,0.00138467284744902
MDG,1996,6.10099854193451,0.0,0.00364053982665842
MDG,1997,5.98372525542255,0.0,0.000410054445102223
MDG,1998,5.7146849652343,0.0,0.000474762624766161
MDG,1999,3.51113304202429,0.0,0.000232775343057434
MDG,2000,3.28334073398533,0.0,0.000221203767551962
MDG,2001,2.78738585949357,0.0,0.0
MDG,2002,3.50534579179508,0.0,0.0
MDG,2003,5.21855839818452,0.0,0.0
MDG,2004,6.16053834340743,0.0,0.000996170172693605
MDG,2005,5.46552559841922,0.0,0.000332965132044544
MDG,2006,5.6245995828571,0.0,0.00255770633458802
MDG,2007,6.43424742692885,0.0,7.30016306430093e-05
MDG,2008,5.80936537783052,0.0,0.00380437623857973
MDG,2009,6.87903891334948,0.0,0.00169970355308899
MDG,2010,5.80844502636667,0.0,0.120966458978006
MDG,2011,5.89544167157359,0.0,0.320174108110331
MDG,2012,6.69129717051904,0.0,0.289984667146829
MDG,2013,6.77436297702956,0.0,0.540283265617823
MDG,2014,7.17890334828133,0.0862831212415832,0.0
MDG,2015,8.60993537983163,0.065733337532039,0.0
MDG,2016,8.77277190379424,0.058311086080069,0.0
MDG,2017,7.63973631390415,0.0955254362506415,0.0
MDG,2018,5.16989441363436,0.129091659780245,0.340463533082977
MDG,2019,4.7078522848274,0.0932709055863001,0.0
MDG,2020,5.65950524677075,0.0494868182948729,0.0
MDG,2021,5.5311886434036,0.0838298700394072,0.0
MDG,2022,,,
MDG,2023,,,
MDG,2024,,,
MDG,2025,,,
MDV,1960,,,
MDV,1961,,,
MDV,1962,,,
MDV,1963,,,
MDV,1964,,,
MDV,1965,,,
MDV,1966,,,
MDV,1967,,,
MDV,1968,,,
MDV,1969,,,
MDV,1970,,,
MDV,1971,,,
MDV,1972,,,
MDV,1973,,,
MDV,1974,,,
MDV,1975,,,
MDV,1976,,,
MDV,1977,,,
MDV,1978,,,
MDV,1979,,,
MDV,1980,0.0946329117317799,0.0,0.0
MDV,1981,0.0814711410545366,0.0,0.0
MDV,1982,0.11200988659012,0.0,0.0
MDV,1983,0.0586992885156714,0.0,0.0
MDV,1984,0.0275364763898869,0.0,0.0
MDV,1985,0.0169614272918302,0.0,0.0
MDV,1986,0.0251797378631367,0.0,0.0
MDV,1987,0.0247710734474916,0.0,0.0
MDV,1988,0.0232217944230076,0.0,0.0
MDV,1989,0.0202616441940481,0.0,0.0
MDV,1990,0.0216076635449384,0.0,0.0
MDV,1991,0.0197087005578861,0.0,0.0
MDV,1992,0.0178345869724502,0.0,0.0
MDV,1993,0.0122212370825089,0.0,0.0
MDV,1994,0.0103653361968328,0.0,0.0
MDV,1995,0.012285604764237,0.0,0.0
MDV,1996,0.0111959054937224,0.0,0.0
MDV,1997,0.00853294180739179,0.0,0.0
MDV,1998,0.00807364291587961,0.0,0.0
MDV,1999,0.00752318143606623,0.0,0.0
MDV,2000,0.00742343669238901,0.0,0.0
MDV,2001,0.00541799207244732,0.0,0.0
MDV,2002,0.00534464674615868,0.0,0.0
MDV,2003,0.00515848513798669,0.0,0.0
MDV,2004,0.00468462465671591,0.0,0.0
MDV,2005,0.00491991010429973,0.0,0.0
MDV,2006,0.00500854447381244,0.0,0.0
MDV,2007,0.00733172126018647,0.0,0.0
MDV,2008,0.00555485342934417,0.0,0.0
MDV,2009,0.00529407472213314,0.0,0.0
MDV,2010,0.00896594439349319,0.0,0.0
MDV,2011,0.00907113430846529,0.0,0.0
MDV,2012,0.00753577980631292,0.0,0.0
MDV,2013,0.0053091845265809,0.0,0.0
MDV,2014,0.00517496156762446,0.0,0.0
MDV,2015,0.00586919819938419,0.0,0.0
MDV,2016,0.00663326999058831,0.0,0.0
MDV,2017,0.00525091904016801,0.0,0.0
MDV,2018,0.00258396462676911,0.0,0.0
MDV,2019,0.00274890529404401,0.0,0.0
MDV,2020,0.00502406983438185,0.0,0.0
MDV,2021,0.00370182242347212,0.0,0.0
MDV,2022,,,
MDV,2023,,,
MDV,2024,,,
MDV,2025,,,
MEA,1960,,,
MEA,1961,,,
MEA,1962,,,
MEA,1963,,,
MEA,1964,,,
MEA,1965,,,
MEA,1966,,,
MEA,1967,,,
MEA,1968,,,
MEA,1969,,,
MEA,1970,10.5563088283663,9.98359561934195,0.0638021076258129
MEA,1971,12.1803263556439,11.4994582250297,0.0444713763931067
MEA,1972,14.7214490173077,14.2250701071736,0.0315294283558589
MEA,1973,19.5341493682818,18.9915193567046,0.077511261508461
MEA,1974,46.4465022660777,45.5353382655554,0.640844520533407
MEA,1975,37.5002071653759,36.5050464688681,0.493116059531795
MEA,1976,36.4452805518549,35.911459246779,0.154545318046244
MEA,1977,34.4343661910406,33.6108390072271,0.347674102344516
MEA,1978,32.3102087500643,31.7166818547091,0.0659063575576495
MEA,1979,51.256950191659,50.5561495181013,0.0764221731264776
MEA,1980,46.7676622179618,46.2457543324421,0.0848783969796923
MEA,1981,35.8501581374994,35.3451924579155,0.100849066059695
MEA,1982,23.6658732076294,23.3048562393288,0.0802930088283098
MEA,1983,21.9896172134307,21.3090216696221,0.0750547590655231
MEA,1984,21.4408619547809,20.7861280788031,0.046093258252884
MEA,1985,18.6169299775652,17.9642266789416,0.0639235185975883
MEA,1986,10.8693811996092,10.1228028262513,0.0317361648356101
MEA,1987,15.7787152423802,14.9879648262586,0.0193344314224469
MEA,1988,15.250602553589,14.2530430620473,0.158877465468011
MEA,1989,21.5067693061081,20.5642980524485,0.059891007729988
MEA,1990,23.27380740396,22.4945021517376,0.0330079414908127
MEA,1991,18.8410243515366,17.7575262781015,0.0182431050735621
MEA,1992,19.0778823977886,18.0462302666644,0.0224277758648662
MEA,1993,20.0576677987778,18.9648663937249,0.0307095620961972
MEA,1994,19.1731970878262,18.0128682375344,0.0501880707439446
MEA,1995,15.8380483046673,14.7615344815899,0.0488451646076316
MEA,1996,17.917072580814,16.8187465008012,0.027854543876867
MEA,1997,16.2366842322308,15.0329339115213,0.0268596757813528
MEA,1998,11.3036078521287,10.0604539762489,0.0263491671356
MEA,1999,14.8564969534432,13.7054277895959,0.0194557163966994
MEA,2000,22.5829281039178,21.2217628377276,0.0161081402339818
MEA,2001,18.5046242755824,16.8713563347234,0.0122910677939244
MEA,2002,17.9485174942945,16.4112091968728,0.0124739049107413
MEA,2003,19.8948469076971,18.4730081415041,0.0113322552835324
MEA,2004,23.6559337654781,22.2341206036746,0.0518444747256222
MEA,2005,29.2100460942715,27.4796374436689,0.0891955783584096
MEA,2006,30.1207341793873,28.2939307405252,0.160375502844261
MEA,2007,27.6389031567592,25.9116614875137,0.242049230068378
MEA,2008,31.5021908523531,29.6043388380655,0.543325801854702
MEA,2009,20.3305330436334,18.3038677488117,0.392888173463616
MEA,2010,23.2766196403199,21.4273290074409,0.406979208426311
MEA,2011,28.7071684497978,26.5952832984023,0.511284253703017
MEA,2012,27.9897185176093,25.9853018483081,0.395213961683323
MEA,2013,26.6133849027537,24.6493042636186,0.31763859703823
MEA,2014,24.0395844931358,22.2208851933399,0.223895242814678
MEA,2015,14.2064808937841,12.68293195188,0.163920009743574
MEA,2016,11.9165655852541,10.6678473315171,0.176892560541641
MEA,2017,14.9578989156683,13.4659188023942,0.211364711983652
MEA,2018,20.2405148659966,18.0671340646708,0.187128478029513
MEA,2019,17.5033410787066,15.4096509795915,0.0940387122363281
MEA,2020,11.7245669362694,9.35871316437783,0.135132025887358
MEA,2021,17.3671325619553,13.9797933045111,0.384840546342072
MEA,2022,,,
MEA,2023,,,
MEA,2024,,,
MEA,2025,,,
MEX,1960,,,
MEX,1961,,,
MEX,1962,,,
MEX,1963,,,
MEX,1964,,,
MEX,1965,,,
MEX,1966,,,
MEX,1967,,,
MEX,1968,,,
MEX,1969,,,
MEX,1970,0.904373570760262,0.204288512529996,0.337809475477185
MEX,1971,0.84721224750404,0.299015550436243,0.228355440707795
MEX,1972,0.879528412981008,0.31456660350112,0.253925903882134
MEX,1973,1.42685936659417,0.471736151765772,0.549470447110842
MEX,1974,3.71235452307938,2.57282025355611,0.675057994607437
MEX,1975,3.25262340310195,2.49010737213211,0.227195717465492
MEX,1976,3.69735883669836,2.98705970420645,0.259089443803674
MEX,1977,4.1214757580435,3.33624660345827,0.23910642423855
MEX,1978,4.2123739708233,3.62012996831848,0.15221101281039
MEX,1979,9.65035025050689,8.71636010453775,0.446368368749124
MEX,1980,10.690166307154,9.61731417060257,0.540401671119042
MEX,1981,7.97813544263688,7.42762704678809,0.219722078804207
MEX,1982,8.40545716553986,7.50397258889744,0.360885321297795
MEX,1983,12.9026693986964,11.7261554852808,0.590488976114981
MEX,1984,10.7271529187055,9.84444229082766,0.41914534454902
MEX,1985,9.30354812897803,8.61459820040424,0.327940617449626
MEX,1986,5.5856497231363,4.97962851823254,0.183109988694056
MEX,1987,8.38068663659376,7.73388204379299,0.321954337199316
MEX,1988,6.2148632818234,4.64028805528562,1.31036674708382
MEX,1989,7.08547153571412,5.79313137345124,1.04311799893765
MEX,1990,7.85316996477492,6.8456871360715,0.625882923459511
MEX,1991,3.7204122843979,3.28443133736966,0.138715343663253
MEX,1992,3.37676484568823,3.04098381617295,0.107693620312081
MEX,1993,2.32169144860141,2.11322234509591,0.0454933672066603
MEX,1994,2.17600409935639,1.94028537233214,0.0821975980707272
MEX,1995,3.70622014950634,3.18458587486466,0.259430266995958
MEX,1996,4.11473850462351,3.72059342746973,0.185948298004398
MEX,1997,3.18057074248256,2.84312857753682,0.136301411999951
MEX,1998,1.74627703760617,1.46767139990085,0.113594941244183
MEX,1999,2.3736230088796,2.1311082380075,0.0839851410306353
MEX,2000,3.5781826113811,3.33837327328532,0.0689659453339466
MEX,2001,2.60164301698472,2.39265778309786,0.0450579079364883
MEX,2002,2.74840903518892,2.56123107950286,0.0472079727522801
MEX,2003,3.35934793986578,3.17250156374492,0.0535750541612422
MEX,2004,4.19499035807608,3.91311549345697,0.131562167776797
MEX,2005,5.58648727639514,5.19854636227176,0.194879672775774
MEX,2006,6.1411361184755,5.53800257872389,0.349434675566359
MEX,2007,5.75685331700591,5.08084054962981,0.396355351677486
MEX,2008,6.7408329915323,6.04436562265737,0.333187525650902
MEX,2009,4.17264386033762,3.43604404491316,0.307378174721435
MEX,2010,4.9517973655552,4.0853189393579,0.502379057813547
MEX,2011,7.12685649981166,5.72990793071681,0.872067632421353
MEX,2012,6.64761771453207,5.40265415074589,0.795322265347299
MEX,2013,5.63992841356242,4.59508453903103,0.59037542903202
MEX,2014,4.74356172979305,3.9014361869158,0.414931244421241
MEX,2015,2.18360553071428,1.54607339138936,0.36391708177676
MEX,2016,1.97524669608099,1.23719531597201,0.477374396002239
MEX,2017,2.36148896456378,1.55624412694841,0.555632855528948
MEX,2018,2.8911069990433,2.20735150189898,0.423822774241611
MEX,2019,2.09126302062882,1.58229584530394,0.274036355521412
MEX,2020,1.55983378352436,0.867384554620089,0.464219554964667
MEX,2021,3.64307338835023,2.06594374719816,1.36465937318187
MEX,2022,,,
MEX,2023,,,
MEX,2024,,,
MEX,2025,,,
MHL,1960,,,
MHL,1961,,,
MHL,1962,,,
MHL,1963,,,
MHL,1964,,,
MHL,1965,,,
MHL,1966,,,
MHL,1967,,,
MHL,1968,,,
MHL,1969,,,
MHL,1970,,,
MHL,1971,,,
MHL,1972,,,
MHL,1973,,,
MHL,1974,,,
MHL,1975,,,
MHL,1976,,,
MHL,1977,,,
MHL,1978,,,
MHL,1979,,,
MHL,1980,,,
MHL,1981,0.0,,0.0
MHL,1982,0.0,,0.0
MHL,1983,0.0,,0.0
MHL,1984,0.0,,0.0
MHL,1985,0.0,,0.0
MHL,1986,0.0,,0.0
MHL,1987,0.0,,0.0
MHL,1988,0.0,,0.0
MHL,1989,0.0,,0.0
MHL,1990,0.0,,0.0
MHL,1991,0.0,,0.0
MHL,1992,0.0,,0.0
MHL,1993,0.0,,0.0
MHL,1994,0.0,,0.0
MHL,1995,0.0,,0.0
MHL,1996,0.0,,0.0
MHL,1997,0.0,,0.0
MHL,1998,0.0,,0.0
MHL,1999,0.0,,0.0
MHL,2000,0.0,,0.0
MHL,2001,0.0,,0.0
MHL,2002,0.0,,0.0
MHL,2003,0.0,,0.0
MHL,2004,0.0,,0.0
MHL,2005,0.0,,0.0
MHL,2006,0.0,,0.0
MHL,2007,0.0,,0.0
MHL,2008,0.0,,0.0
MHL,2009,0.0,,0.0
MHL,2010,0.0,,0.0
MHL,2011,0.0,,0.0
MHL,2012,0.0,,0.0
MHL,2013,0.0,,0.0
MHL,2014,0.0,,0.0
MHL,2015,0.0,,0.0
MHL,2016,0.0,,0.0
MHL,2017,0.0,,0.0
MHL,2018,0.0,,0.0
MHL,2019,0.0,,0.0
MHL,2020,0.0,,0.0
MHL,2021,0.0,,0.0
MHL,2022,,,
MHL,2023,,,
MHL,2024,,,
MHL,2025,,,
MIC,1960,,,
MIC,1961,,,
MIC,1962,,,
MIC,1963,,,
MIC,1964,,,
MIC,1965,,,
MIC,1966,,,
MIC,1967,,,
MIC,1968,,,
MIC,1969,,,
MIC,1970,2.13398427954756,0.71799937949832,0.528400129709032
MIC,1971,2.15638718166605,0.817456314154875,0.386775115470084
MIC,1972,2.48417964851032,1.03575269546096,0.391087499570481
MIC,1973,3.58065926595017,1.49035198297282,0.599757514329862
MIC,1974,8.60299731998997,6.38209908187444,0.863854856028649
MIC,1975,8.14534406672799,5.59020185495023,0.508030460930854
MIC,1976,8.72930455940342,6.2028532413577,0.544959363200634
MIC,1977,9.03236558757544,6.15611052609448,0.568456848023535
MIC,1978,8.37750055190227,5.89208268931951,0.374452723813968
MIC,1979,12.3191905021248,9.48616042549456,0.647177029333782
MIC,1980,13.5372538277172,10.1374464152073,1.05580234517411
MIC,1981,9.52508376816222,6.63230511438818,0.649785864377857
MIC,1982,8.20051563592626,4.92481688188295,0.549112898188389
MIC,1983,8.73427636097517,5.99234513220166,0.64592284655047
MIC,1984,8.22904133533249,6.2026484532658,0.387749056121892
MIC,1985,8.17841601587385,6.04279991792432,0.480574029889165
MIC,1986,4.7171905306303,2.71772398469939,0.408533601651833
MIC,1987,5.969570404582,4.06110575588545,0.487205791674513
MIC,1988,5.57159352585912,3.14642636081901,0.928503529535882
MIC,1989,7.05327881161345,4.6131725911819,0.790734638082844
MIC,1990,7.81939322441503,5.63236061642563,0.512871218681918
MIC,1991,4.87176034416896,2.68071905192189,0.468911178314702
MIC,1992,4.68721882485255,2.65517406176504,0.465045496626631
MIC,1993,4.73483945841924,3.06546008312703,0.316224542397416
MIC,1994,4.15138853083288,2.56055509560899,0.323657130631171
MIC,1995,4.38558552080737,2.59447219893225,0.275802229193835
MIC,1996,4.63791733471979,3.05074551304698,0.242885003771284
MIC,1997,4.04780134297518,2.66014753698994,0.201134494965657
MIC,1998,2.87361809883971,1.54936256822994,0.253790097839138
MIC,1999,3.40871784045101,2.32125120100072,0.22742792417794
MIC,2000,5.2632469735802,4.0455188539401,0.201946115903592
MIC,2001,4.56538038281138,3.0568541970283,0.184534790542138
MIC,2002,4.41850554929541,3.08044252200152,0.205926213209166
MIC,2003,4.59637169058663,3.16414145247594,0.191401731292302
MIC,2004,6.14729454068452,3.92541224201814,0.308622258603759
MIC,2005,7.39696995344207,5.14626402452119,0.628269519432856
MIC,2006,7.92630563280116,5.29494081947742,0.968661629108772
MIC,2007,7.98912694094426,4.6918909747647,1.52538211203795
MIC,2008,10.3153658982551,5.58250093398652,1.59814442973232
MIC,2009,5.49397206655973,2.94879965771711,0.835302382677479
MIC,2010,7.08077423996553,3.46242583261073,1.53131062276616
MIC,2011,8.50366413734807,4.23828160280775,1.74640407882708
MIC,2012,6.61028710328591,3.97035101901218,0.915441538876405
MIC,2013,5.52870267423377,3.37527128209898,0.789964065790895
MIC,2014,4.63192383203481,2.87599757370126,0.50534512731922
MIC,2015,2.58677825614991,1.30805366294426,0.29852984774672
MIC,2016,2.3636234482674,1.08182760429018,0.35486604892621
MIC,2017,2.94688181636193,1.45718560768305,0.440414979255051
MIC,2018,3.63028099977262,2.04389641438608,0.39161341803628
MIC,2019,3.0564529592369,1.63227517709522,0.387734389105781
MIC,2020,2.11631507713698,0.796965039531336,0.39234813375095
MIC,2021,3.98417864888744,1.53669936419255,1.15058642835555
MIC,2022,,,
MIC,2023,,,
MIC,2024,,,
MIC,2025,,,
MKD,1960,,,
MKD,1961,,,
MKD,1962,,,
MKD,1963,,,
MKD,1964,,,
MKD,1965,,,
MKD,1966,,,
MKD,1967,,,
MKD,1968,,,
MKD,1969,,,
MKD,1970,,,
MKD,1971,,,
MKD,1972,,,
MKD,1973,,,
MKD,1974,,,
MKD,1975,,,
MKD,1976,,,
MKD,1977,,,
MKD,1978,,,
MKD,1979,,,
MKD,1980,,,
MKD,1981,,,
MKD,1982,,,
MKD,1983,,,
MKD,1984,,,
MKD,1985,,,
MKD,1986,,,
MKD,1987,,,
MKD,1988,,,
MKD,1989,,,
MKD,1990,0.00453228765068516,,0.0
MKD,1991,0.00392474577000559,,0.0
MKD,1992,0.730175741370424,0.0,0.725321962295931
MKD,1993,0.754144902590534,0.0,0.366553590179069
MKD,1994,0.460091446927324,0.0,0.210084762769376
MKD,1995,0.434615252562727,0.0,0.247116719365409
MKD,1996,0.361260336057013,0.0,0.15791641813102
MKD,1997,0.556824232687975,0.0,0.326832651720094
MKD,1998,0.331264716180782,0.0,0.131510433069412
MKD,1999,0.34566348834686,0.0,0.12882347043147
MKD,2000,0.416376119896184,0.0,0.158868721809393
MKD,2001,0.240279102689032,0.0,0.064432484635876
MKD,2002,0.2486522972454,0.0,0.0859058862284129
MKD,2003,0.284074310222365,0.0,0.0970504707824969
MKD,2004,0.529949571288064,0.0,0.331313830559196
MKD,2005,0.472471662771118,0.0,0.299505894160864
MKD,2006,2.22591304574127,0.0,2.02673388143704
MKD,2007,5.5649093281405,0.00848092640736176,5.39496651516359
MKD,2008,0.94997727771704,0.0021136756246601,0.749312777104046
MKD,2009,0.785735826282886,0.00119783763076804,0.629880938994667
MKD,2010,1.48054751512056,0.0054810597393639,1.32172183040512
MKD,2011,1.31901217415565,0.0202744088961322,1.12463948444663
MKD,2012,1.17381157835713,0.0230402748269549,0.972109482855732
MKD,2013,1.1286016514686,0.0175104064661129,0.9795560965095
MKD,2014,1.18602847424584,0.0217970329673458,1.04002268355164
MKD,2015,0.935040215942746,0.0173255645490176,0.752026696908479
MKD,2016,0.866322047138143,0.0128591662869988,0.710173022944663
MKD,2017,0.804308286542463,0.0,0.646476736917006
MKD,2018,0.424659195176793,0.0,0.2686236171567
MKD,2019,0.146172211539348,0.0,0.0
MKD,2020,0.144963330218282,0.0,0.0
MKD,2021,0.136921063560563,0.0,0.0
MKD,2022,,,
MKD,2023,,,
MKD,2024,,,
MKD,2025,,,
MLI,1960,,,
MLI,1961,,,
MLI,1962,,,
MLI,1963,,,
MLI,1964,,,
MLI,1965,,,
MLI,1966,,,
MLI,1967,,,
MLI,1968,,,
MLI,1969,,,
MLI,1970,4.07710148769041,,0.0
MLI,1971,3.34093445166559,,0.0
MLI,1972,3.18516702698175,,0.0
MLI,1973,4.48607244620787,,0.0
MLI,1974,5.43196240170415,,0.0
MLI,1975,4.59535696546144,,0.0
MLI,1976,3.70987992976207,,0.0
MLI,1977,5.54571092709951,,0.0
MLI,1978,5.03854429468324,,0.00072034270095964
MLI,1979,3.74663108900804,,0.00632785165749657
MLI,1980,4.36816616978167,0.0,0.209359805569783
MLI,1981,4.42722229545236,0.0,0.243998706305504
MLI,1982,6.7374049309231,0.0,0.150782160332948
MLI,1983,4.96182332023192,0.0,0.207037153919158
MLI,1984,4.93272951366648,0.0,0.197631485931827
MLI,1985,3.40412921858672,0.0,0.128383709220329
MLI,1986,3.88162463937176,0.0,0.11276308869473
MLI,1987,3.43392566179003,0.0,0.0963514065560828
MLI,1988,3.67384251615176,0.0,0.114250398782978
MLI,1989,3.74561198369249,0.0,0.108797430454205
MLI,1990,4.06917810438981,0.0,0.274241790150687
MLI,1991,4.09727979907535,0.0,0.382994079116346
MLI,1992,4.32667436286698,0.0,0.646494522787536
MLI,1993,4.02898374263315,0.0,0.773993880035086
MLI,1994,6.59511106694786,0.0,1.4103122212925
MLI,1995,6.17667816210642,0.0,0.403068227221707
MLI,1996,6.17985749617785,0.0,0.559092277115167
MLI,1997,6.75534560859442,0.0,1.32259632136496
MLI,1998,6.45326618117715,0.0,1.22630523337303
MLI,1999,3.8524723913247,0.0,0.857007658250554
MLI,2000,5.46367811888986,0.0,1.98597769271002
MLI,2001,5.3525949253061,0.0,2.46418442782873
MLI,2002,6.81256049490343,0.0,3.72155380955355
MLI,2003,5.30099092296633,0.0,1.27153977926327
MLI,2004,3.89561485181635,0.0,0.876718794578996
MLI,2005,2.79148479768263,0.0,0.0
MLI,2006,7.41659931305695,0.0,4.84997517094625
MLI,2007,7.86264147796427,0.0,4.75208548839515
MLI,2008,6.91973321599543,0.0,3.77819115865768
MLI,2009,8.60703288880241,0.0,5.56653503531067
MLI,2010,7.66975245102324,0.0,5.05956970490197
MLI,2011,8.91011559605289,0.0,6.39587096840698
MLI,2012,12.1110881558093,0.0,9.07448874069243
MLI,2013,8.51315574828752,0.0,5.44508230561883
MLI,2014,7.24892090404468,0.0,3.9307637045793
MLI,2015,7.42711000514874,0.0,3.6996322116691
MLI,2016,8.99083015150657,0.0,5.32271470621413
MLI,2017,7.81614668872422,0.0,4.39794476162732
MLI,2018,7.74269774600288,0.0,5.38053448505117
MLI,2019,7.85842877214771,0.0,5.69040949691231
MLI,2020,9.46967710138959,0.0,7.15745887818053
MLI,2021,18.4178821970492,0.0,16.1833154644134
MLI,2022,,,
MLI,2023,,,
MLI,2024,,,
MLI,2025,,,
MLT,1960,,,
MLT,1961,,,
MLT,1962,,,
MLT,1963,,,
MLT,1964,,,
MLT,1965,,,
MLT,1966,,,
MLT,1967,,,
MLT,1968,,,
MLT,1969,,,
MLT,1970,0.0,,0.0
MLT,1971,0.0,0.0,0.0
MLT,1972,0.0,0.0,0.0
MLT,1973,0.0,0.0,0.0
MLT,1974,0.0,0.0,0.0
MLT,1975,0.0,0.0,0.0
MLT,1976,0.0,0.0,0.0
MLT,1977,0.0,0.0,0.0
MLT,1978,0.0,0.0,0.0
MLT,1979,0.0,0.0,0.0
MLT,1980,0.0,0.0,0.0
MLT,1981,0.0,0.0,0.0
MLT,1982,0.0,0.0,0.0
MLT,1983,0.0,0.0,0.0
MLT,1984,0.0,0.0,0.0
MLT,1985,0.0,0.0,0.0
MLT,1986,0.0,0.0,0.0
MLT,1987,0.0,0.0,0.0
MLT,1988,0.0,0.0,0.0
MLT,1989,0.0,0.0,0.0
MLT,1990,0.0,0.0,0.0
MLT,1991,0.0,0.0,0.0
MLT,1992,0.0,0.0,0.0
MLT,1993,0.0,0.0,0.0
MLT,1994,0.0,0.0,0.0
MLT,1995,0.0,0.0,0.0
MLT,1996,0.0,0.0,0.0
MLT,1997,0.0,0.0,0.0
MLT,1998,0.0,0.0,0.0
MLT,1999,0.0,0.0,0.0
MLT,2000,0.0,0.0,0.0
MLT,2001,0.0,0.0,0.0
MLT,2002,0.0,0.0,0.0
MLT,2003,0.0,0.0,0.0
MLT,2004,0.0,0.0,0.0
MLT,2005,0.0107363531671732,0.0107363531671732,0.0
MLT,2006,0.0121328675494815,0.0121328675494815,0.0
MLT,2007,0.0056509041515729,0.0056509041515729,0.0
MLT,2008,0.00671337918398488,0.00671337918398488,0.0
MLT,2009,0.00417915639073977,0.00417915639073977,0.0
MLT,2010,0.0,0.0,0.0
MLT,2011,0.0,0.0,0.0
MLT,2012,0.0,0.0,0.0
MLT,2013,0.0,0.0,0.0
MLT,2014,0.0,0.0,0.0
MLT,2015,0.0,0.0,0.0
MLT,2016,0.0,0.0,0.0
MLT,2017,0.0,0.0,0.0
MLT,2018,0.0,0.0,0.0
MLT,2019,0.0,0.0,0.0
MLT,2020,0.0,0.0,0.0
MLT,2021,0.0,0.0,0.0
MLT,2022,,,
MLT,2023,,,
MLT,2024,,,
MLT,2025,,,
MMR,1960,,,
MMR,1961,,,
MMR,1962,,,
MMR,1963,,,
MMR,1964,,,
MMR,1965,,,
MMR,1966,,,
MMR,1967,,,
MMR,1968,,,
MMR,1969,,,
MMR,1970,7.56598226126745,0.112322934933028,0.257288113443554
MMR,1971,7.95560273942277,0.14099581851896,0.17931491289527
MMR,1972,10.2415989638886,0.440919674066485,0.315304247129395
MMR,1973,21.71338957086,1.3997667556787,0.865925087287156
MMR,1974,20.4644459882661,6.95348324385402,0.704699102427615
MMR,1975,19.9204075450338,6.97292933608767,0.234958302905619
MMR,1976,21.2632328239308,7.8254684772488,0.182114242894472
MMR,1977,31.3853049753698,10.507039214654,0.476071513259295
MMR,1978,33.9830017564172,11.8295079031042,0.724469518205567
MMR,1979,65.381800177909,31.9273180498944,1.18084440774099
MMR,1980,69.2286124920013,32.8352731314229,1.77092109251443
MMR,1981,44.5579995177765,22.9953780150739,0.795773013622148
MMR,1982,34.6768083317022,13.967242193713,0.723279141624239
MMR,1983,32.6731835048483,14.9069188929982,0.609129208037653
MMR,1984,29.407011079417,16.6482185310175,0.765167484645131
MMR,1985,29.9922526926025,15.8308006289425,0.830531880153489
MMR,1986,21.3508417979708,5.05388693197996,0.0
MMR,1987,25.8862913584069,6.71502109996961,0.0325347722775884
MMR,1988,26.0745564622059,3.89351638171617,3.48503088127154
MMR,1989,21.2064484631509,4.25171643878697,0.145381994024724
MMR,1990,25.5233831093605,4.86297915814427,0.0649545269730709
MMR,1991,24.8804324736507,2.87457588601181,0.229662560718505
MMR,1992,29.3685944780051,2.88692307028693,0.169814785957534
MMR,1993,20.0850927076461,2.09265639774281,0.0721113220831061
MMR,1994,17.2275856928075,1.31082457279738,0.117651545197775
MMR,1995,19.0675432411162,0.780035740500825,0.182096421515765
MMR,1996,16.9886099764758,0.714927259697034,0.0748796567906364
MMR,1997,15.0830712313948,0.688794026130438,0.058469240751982
MMR,1998,14.6521009115073,0.48360292752074,0.0752857094148598
MMR,1999,9.29372690499582,0.622091052701597,0.193560297439585
MMR,2000,10.8456569216916,1.32847770525212,0.210015668247603
MMR,2001,15.8304411877684,0.978658400478298,0.15799686400237
MMR,2002,17.4019189724924,1.34949335508262,0.167467304935829
MMR,2003,20.1839434402257,1.36774097417015,0.171509030585781
MMR,2004,18.8644610196514,1.74505333251524,0.380102975010015
MMR,2005,18.7820488600823,2.91494528517854,0.547781794950616
MMR,2006,17.7577369198911,3.19885684353995,0.789794091849695
MMR,2007,15.8146237862238,2.31016483558413,0.558920259472605
MMR,2008,13.9641200526851,2.15334545377525,0.173728570313348
MMR,2009,8.97077901763052,0.716107930719796,0.0588315684326682
MMR,2010,7.98804207462158,0.976336261487368,0.258338989970332
MMR,2011,7.3614633514873,1.00643883600724,0.470504517699231
MMR,2012,5.95623957618071,0.771527109079778,0.231051010262153
MMR,2013,5.85283366421301,0.661094841513687,0.517429829412603
MMR,2014,7.88242876018736,0.528936281376954,0.798589733591853
MMR,2015,6.61317909325215,0.146604102339128,0.359737628124076
MMR,2016,6.8108721648708,0.103530840750173,0.652374910582734
MMR,2017,7.82010371696471,0.152347682977876,1.10184604979825
MMR,2018,6.70278022169487,0.15681434683775,1.21505683329675
MMR,2019,5.88188183004994,0.101384700071059,0.682240313219997
MMR,2020,4.66301426840348,0.0259006705691479,0.513919541943762
MMR,2021,8.6785038087485,0.0627970227865469,2.000484851698
MMR,2022,,,
MMR,2023,,,
MMR,2024,,,
MMR,2025,,,
MNA,1960,,,
MNA,1961,,,
MNA,1962,,,
MNA,1963,,,
MNA,1964,,,
MNA,1965,,,
MNA,1966,,,
MNA,1967,,,
MNA,1968,,,
MNA,1969,,,
MNA,1970,6.42360358200759,5.7916092901701,0.0765436222781244
MNA,1971,7.41901436060286,6.67045500069745,0.0548983287229478
MNA,1972,8.49632674051292,7.97496324611106,0.03985276289236
MNA,1973,11.7177518732629,11.1062911278728,0.101654600764276
MNA,1974,33.7135984371282,32.3350400241291,1.0184883421164
MNA,1975,28.0224148402719,26.5418088468548,0.802796093727319
MNA,1976,26.3677464009601,25.5913351863494,0.257997362498133
MNA,1977,25.0919316291427,23.8716451301497,0.583891729105594
MNA,1978,24.3517462238003,23.5803898386166,0.109585243239205
MNA,1979,28.7096926723664,27.7679315365936,0.134259267399679
MNA,1980,30.5720633734589,29.9303298819697,0.161717571565747
MNA,1981,21.2467002484004,20.5486322999385,0.201974063891837
MNA,1982,16.1037526226878,15.5740429994323,0.141250241597641
MNA,1983,14.9184683412079,14.1451729041904,0.118419875201747
MNA,1984,14.422816228167,13.7490957539673,0.0695579919470472
MNA,1985,13.6764934121205,13.0591079641151,0.091760474095531
MNA,1986,6.44685624935928,5.83001536867858,0.0412914287264334
MNA,1987,10.8708150497201,10.1759870306565,0.0232076047279698
MNA,1988,10.5180935155804,9.56172892158433,0.22157407444916
MNA,1989,15.3832312190413,14.5070394896282,0.079652277820688
MNA,1990,15.3636384481025,14.6734276831093,0.0400919183493767
MNA,1991,,,
MNA,1992,9.80862758751354,8.74179036607991,0.0281373183885339
MNA,1993,13.5603889946257,12.4635000297108,0.0412065348345734
MNA,1994,14.3929893311632,13.2236436420003,0.0721464822448855
MNA,1995,12.6432247661719,11.3742448332611,0.0859846139560963
MNA,1996,13.4019289646358,12.1132141345458,0.0468181616563014
MNA,1997,12.3346979795587,10.923007977852,0.0470595441241851
MNA,1998,8.75814857290039,7.34039975726678,0.0480966473171183
MNA,1999,11.9442711023585,10.6075351275103,0.0360380268142011
MNA,2000,17.9592338208679,16.3589523733326,0.0306925890802159
MNA,2001,14.9016005430369,13.0380685132401,0.023140870505137
MNA,2002,14.7319395364346,12.9155380281694,0.0236022080532567
MNA,2003,15.2049225308223,13.4969140940726,0.0219175031167311
MNA,2004,18.5215224385399,16.8338145969307,0.091890693085888
MNA,2005,23.6213485023604,21.4759676796187,0.16934845488596
MNA,2006,24.6967076006559,22.3882731034755,0.309070673751153
MNA,2007,22.4479421716773,20.3229700511258,0.456514650424803
MNA,2008,25.9245725799135,23.3737459732458,1.02202212474818
MNA,2009,16.368524228548,13.9360992942607,0.680746931102362
MNA,2010,18.7095161670145,16.4464392927155,0.732439912179415
MNA,2011,21.24470402026,18.651466159201,0.935916362362859
MNA,2012,20.4583217164365,18.1104137505707,0.69804708775356
MNA,2013,19.3535704072363,17.0353667930083,0.602303984647073
MNA,2014,17.6184520488249,15.4697044418555,0.427770740378357
MNA,2015,10.3627319999828,8.66185414077996,0.291765997604665
MNA,2016,9.02125565282095,7.57207310799996,0.318313295685447
MNA,2017,12.3294492507823,10.5064875245532,0.393558701516852
MNA,2018,18.2271518439741,15.4599942879654,0.359658140591719
MNA,2019,15.2579533996426,12.6172351199878,0.18648097436397
MNA,2020,9.80232021349665,6.91329852232867,0.264284467872722
MNA,2021,16.1531955136145,11.839629106267,0.749985157873049
MNA,2022,,,
MNA,2023,,,
MNA,2024,,,
MNA,2025,,,
MNE,1960,,,
MNE,1961,,,
MNE,1962,,,
MNE,1963,,,
MNE,1964,,,
MNE,1965,,,
MNE,1966,,,
MNE,1967,,,
MNE,1968,,,
MNE,1969,,,
MNE,1970,,,
MNE,1971,,,
MNE,1972,,,
MNE,1973,,,
MNE,1974,,,
MNE,1975,,,
MNE,1976,,,
MNE,1977,,,
MNE,1978,,,
MNE,1979,,,
MNE,1980,,,
MNE,1981,,,
MNE,1982,,,
MNE,1983,,,
MNE,1984,,,
MNE,1985,,,
MNE,1986,,,
MNE,1987,,,
MNE,1988,,,
MNE,1989,,,
MNE,1990,,,
MNE,1991,,,
MNE,1992,,,
MNE,1993,,,
MNE,1994,,,
MNE,1995,,,
MNE,1996,,,
MNE,1997,,,
MNE,1998,,,
MNE,1999,,,
MNE,2000,0.0,,0.0
MNE,2001,0.0,,0.0
MNE,2002,0.0,,0.0
MNE,2003,0.0744036174229074,,0.0744036174229074
MNE,2004,0.255159492728589,,0.255159492728589
MNE,2005,0.642225982273086,0.0,0.345152197033432
MNE,2006,1.02392931506709,0.0,0.430058073745408
MNE,2007,0.953270459073836,0.0,0.395007296330282
MNE,2008,1.5026500197436,0.0,0.204894764683611
MNE,2009,0.376838225796534,0.0,0.015667008541764
MNE,2010,1.13777818472308,0.0,0.0394728384050534
MNE,2011,1.44368759270254,0.0,0.17224261977352
MNE,2012,0.935069599243676,0.0,0.153929237412336
MNE,2013,0.672962195676965,0.0,0.112537711550129
MNE,2014,0.781260837765096,0.0,0.237631897602672
MNE,2015,0.731313641257514,0.0,0.168260845077682
MNE,2016,0.837536371542947,0.0,0.355624135517638
MNE,2017,1.33941998042343,0.0,0.772976189304725
MNE,2018,0.837441665171651,0.0,0.198519968491461
MNE,2019,0.616491593549262,0.0,0.0479096404046219
MNE,2020,0.723002993565649,0.0,0.0145372657540534
MNE,2021,0.637197671980386,0.0,0.0135600897455756
MNE,2022,,,
MNE,2023,,,
MNE,2024,,,
MNE,2025,,,
MNG,1960,,,
MNG,1961,,,
MNG,1962,,,
MNG,1963,,,
MNG,1964,,,
MNG,1965,,,
MNG,1966,,,
MNG,1967,,,
MNG,1968,,,
MNG,1969,,,
MNG,1970,,,
MNG,1971,,,
MNG,1972,,,
MNG,1973,,,
MNG,1974,,,
MNG,1975,,,
MNG,1976,,,
MNG,1977,,,
MNG,1978,,,
MNG,1979,,,
MNG,1980,,,
MNG,1981,6.77463913303123,0.0,2.12189931501108
MNG,1982,7.63771603241449,0.0,1.6850943563421
MNG,1983,4.92430979832689,0.0,2.09545028385809
MNG,1984,5.0779334817114,0.0,2.4535999987991
MNG,1985,6.84021391306091,0.0,2.79372778846479
MNG,1986,3.33485817993727,0.0,1.07794266788484
MNG,1987,3.45644977042351,0.0,2.23325322084484
MNG,1988,6.86710373154369,0.0,5.28245900912922
MNG,1989,7.17758340190229,0.0,5.37016512767289
MNG,1990,8.8741038587943,0.0,6.51055846500838
MNG,1991,5.0097754747115,0.0,2.86300905867594
MNG,1992,7.19193523878892,0.0,4.4967904493162
MNG,1993,8.43549986773079,0.0,5.27722763800856
MNG,1994,11.893721916764,0.0,9.55805482189471
MNG,1995,12.7224494661582,0.0,10.1730139346072
MNG,1996,6.75909440795854,0.0,4.45960546415221
MNG,1997,8.03449122945997,0.0,6.12310888507932
MNG,1998,3.9651366893904,0.0180539444473169,1.57978542547366
MNG,1999,3.29386885807561,0.0699223221540671,1.63660320087347
MNG,2000,5.22235025250685,0.119407654940596,3.03510381790946
MNG,2001,5.74160516265939,0.0851257034195289,2.05198029970624
MNG,2002,4.4989917153818,0.148943183083729,2.19867574914092
MNG,2003,4.59850143279864,0.196826822445144,2.46912927322485
MNG,2004,14.9665125748657,0.271188019771381,9.39485279137489
MNG,2005,16.7845880489393,0.305156747819831,11.3598576109697
MNG,2006,28.4255991071812,0.498974379028602,23.1450183779807
MNG,2007,27.4768520904907,0.918313208985426,21.296321923898
MNG,2008,30.7370693872761,1.36774431978469,15.5331284367367
MNG,2009,23.7157273322455,1.34708748725095,10.8709337580517
MNG,2010,35.907762365776,1.51728063526244,14.3767179735502
MNG,2011,42.2166543859938,1.92131227140389,14.0546863394044
MNG,2012,22.2729540576189,2.12988232376644,9.88964892039198
MNG,2013,18.6702255850788,2.7278590828164,9.84721759372725
MNG,2014,16.08653421855,3.63584891999233,7.17526010772536
MNG,2015,9.87899879376714,1.71657823790019,5.55352988558207
MNG,2016,10.050012393618,1.44692568738784,3.98730978039654
MNG,2017,17.0883999734036,1.74982078080304,7.27119890150608
MNG,2018,19.8676151919941,2.22574065348702,9.61105231259492
MNG,2019,14.7739570464507,1.44391721947301,6.587264700304
MNG,2020,13.4736928829141,0.567774921103161,8.25665752301558
MNG,2021,33.1372162654312,1.49715573696848,26.5731453966821
MNG,2022,,,
MNG,2023,,,
MNG,2024,,,
MNG,2025,,,
MNP,1960,,,
MNP,1961,,,
MNP,1962,,,
MNP,1963,,,
MNP,1964,,,
MNP,1965,,,
MNP,1966,,,
MNP,1967,,,
MNP,1968,,,
MNP,1969,,,
MNP,1970,,,
MNP,1971,,,
MNP,1972,,,
MNP,1973,,,
MNP,1974,,,
MNP,1975,,,
MNP,1976,,,
MNP,1977,,,
MNP,1978,,,
MNP,1979,,,
MNP,1980,,,
MNP,1981,,,
MNP,1982,,,
MNP,1983,,,
MNP,1984,,,
MNP,1985,,,
MNP,1986,,,
MNP,1987,,,
MNP,1988,,,
MNP,1989,,,
MNP,1990,,,
MNP,1991,,,
MNP,1992,,,
MNP,1993,,,
MNP,1994,,,
MNP,1995,,,
MNP,1996,,,
MNP,1997,,,
MNP,1998,,,
MNP,1999,,,
MNP,2000,,,
MNP,2001,,,
MNP,2002,0.0,,0.0
MNP,2003,0.0,,0.0
MNP,2004,0.0,,0.0
MNP,2005,0.0,,0.0
MNP,2006,0.0,,0.0
MNP,2007,0.0,,0.0
MNP,2008,0.0,,0.0
MNP,2009,0.0,,0.0
MNP,2010,0.0,,0.0
MNP,2011,0.0,,0.0
MNP,2012,0.0,,0.0
MNP,2013,0.0,,0.0
MNP,2014,0.0,,0.0
MNP,2015,0.0,,0.0
MNP,2016,0.0,,0.0
MNP,2017,0.0,,0.0
MNP,2018,0.0,,0.0
MNP,2019,0.0,,0.0
MNP,2020,,,
MNP,2021,,,
MNP,2022,,,
MNP,2023,,,
MNP,2024,,,
MNP,2025,,,
MOZ,1960,,,
MOZ,1961,,,
MOZ,1962,,,
MOZ,1963,,,
MOZ,1964,,,
MOZ,1965,,,
MOZ,1966,,,
MOZ,1967,,,
MOZ,1968,,,
MOZ,1969,,,
MOZ,1970,,,
MOZ,1971,,,
MOZ,1972,,,
MOZ,1973,,,
MOZ,1974,,,
MOZ,1975,,,
MOZ,1976,,,
MOZ,1977,,,
MOZ,1978,,,
MOZ,1979,,,
MOZ,1980,,,
MOZ,1981,,,
MOZ,1982,,,
MOZ,1983,,,
MOZ,1984,,,
MOZ,1985,,,
MOZ,1986,,,
MOZ,1987,,,
MOZ,1988,,,
MOZ,1989,,,
MOZ,1990,,,
MOZ,1991,9.66184544670387,0.0,0.0490377303211007
MOZ,1992,13.709030101824,0.0,0.0410030630407062
MOZ,1993,11.4594217692103,0.0,0.0236055465764052
MOZ,1994,13.452141388927,0.0,0.0623178856719782
MOZ,1995,19.4861261399571,0.0,0.0150093270452554
MOZ,1996,14.4718745782002,0.0,0.00361152243565833
MOZ,1997,11.2193510071238,0.0,0.00196124137406258
MOZ,1998,10.2634941473695,0.0,0.00139472191356457
MOZ,1999,5.9357267119748,0.0,0.00115956774559239
MOZ,2000,6.21223527949675,0.0,0.0017922560594659
MOZ,2001,6.28945069549311,0.0,0.00179701439106853
MOZ,2002,7.15607959007746,0.0,0.00126032395522147
MOZ,2003,10.0969874352829,0.0,0.00176381438885474
MOZ,2004,7.99532685365388,0.0784873173881835,0.0017211134496494
MOZ,2005,7.51808300528586,0.232148890251788,0.00272998243622806
MOZ,2006,8.50524215312992,0.36782081784457,0.00719191574624869
MOZ,2007,9.80505322870557,0.371732317927041,0.00757898843367378
MOZ,2008,10.2039173979552,0.481285902978786,0.0199685271023678
MOZ,2009,10.0220013623256,0.0778446405127864,0.0416701961713075
MOZ,2010,10.2684840762505,0.14400760317542,0.0131069316895526
MOZ,2011,11.3709466025082,0.208892298436241,0.0172522745725617
MOZ,2012,11.9192598207508,0.239401568530512,0.0216963601172072
MOZ,2013,11.6325534065914,0.260362393762375,0.0156633915823614
MOZ,2014,11.9039028509476,0.114254490571332,0.0119843595535412
MOZ,2015,12.2160721685778,0.050045182177423,0.01247399317375
MOZ,2016,16.3133886142564,0.0633248092640754,0.227730753504038
MOZ,2017,18.0510410834352,0.0872960927597713,0.15108877208214
MOZ,2018,16.3975888133586,0.11025673875252,0.0308173507099442
MOZ,2019,12.6767242973038,0.0821437604923504,0.0266967588970236
MOZ,2020,11.8639361284365,0.0473545337657661,0.0422540328494302
MOZ,2021,14.9074768559672,0.0793125662089328,0.140484013033913
MOZ,2022,,,
MOZ,2023,,,
MOZ,2024,,,
MOZ,2025,,,
MRT,1960,,,
MRT,1961,,,
MRT,1962,,,
MRT,1963,,,
MRT,1964,,,
MRT,1965,,,
MRT,1966,,,
MRT,1967,,,
MRT,1968,,,
MRT,1969,,,
MRT,1970,11.3056846306162,,10.2713417432019
MRT,1971,10.2586939873198,,9.44073014877101
MRT,1972,10.5544954168857,,9.76065130373731
MRT,1973,12.1871472679366,,11.0631441352562
MRT,1974,12.8824701550932,,11.906442985818
MRT,1975,8.76669463536668,,7.54389842963809
MRT,1976,13.0463415483249,,12.0772608573502
MRT,1977,11.8205279039526,,9.98662659498925
MRT,1978,7.36403517044886,,5.49394087700971
MRT,1979,8.54390010519843,,7.11982956931526
MRT,1980,17.5232126190601,0.0,8.07096230626403
MRT,1981,17.6336519374628,0.0,7.24527621879806
MRT,1982,21.9234798953333,0.0,9.31477451965254
MRT,1983,18.4954742795728,0.0,6.07591970962148
MRT,1984,18.5461774937254,0.0,7.42457892198387
MRT,1985,18.4210849524549,0.0,8.39842916098822
MRT,1986,13.0703677485939,0.0,6.09613060299201
MRT,1987,9.15682329493256,0.0,4.27240923352336
MRT,1988,7.24663263322815,0.0,3.45011558636267
MRT,1989,10.9776643356615,0.0,5.76903788874179
MRT,1990,13.0529903629446,0.0,7.13829952187403
MRT,1991,3.99016938324224,0.0,0.0
MRT,1992,3.6452537591807,0.0,0.0973074276280508
MRT,1993,3.64954662607288,0.0,0.253369419939291
MRT,1994,3.29866364172611,0.0,0.423184712788699
MRT,1995,3.79533707491117,0.0,0.0799659762997387
MRT,1996,4.04042241145453,0.0,0.0318320461423634
MRT,1997,4.10615710498008,0.0,0.0
MRT,1998,5.83623168206126,0.0,1.44783119855521
MRT,1999,3.39847601062594,0.0,0.365416563421509
MRT,2000,3.27487284480144,0.0,0.0
MRT,2001,6.76491230332295,0.0,2.91713865493167
MRT,2002,7.673552402895,0.0,3.41553456781853
MRT,2003,4.46007581951187,0.0,0.0
MRT,2004,8.86006911174684,0.0,4.58471568993541
MRT,2005,19.3863218849001,0.0,13.7221336248001
MRT,2006,25.6238205360937,11.4339025984773,9.43504416149917
MRT,2007,32.0888421353342,5.94490221432553,22.1956263712932
MRT,2008,38.3954688806903,5.46163646578312,24.8341508830955
MRT,2009,20.8447858815571,2.65898185019521,12.1291121702343
MRT,2010,33.2699514566613,2.43044511982911,24.8231169137448
MRT,2011,30.8504418081025,2.80489508955736,21.6240890250926
MRT,2012,21.4879263870309,2.34921054003086,15.0678055719528
MRT,2013,16.9330193063232,1.92187619455113,11.7555338282219
MRT,2014,13.1805355570468,1.48326200444495,8.172368029958
MRT,2015,6.19132704450206,0.513819837621705,2.30112030205658
MRT,2016,8.04558334879584,0.407544888538057,4.30137214819587
MRT,2017,9.09659277147784,0.541318938190263,5.09937446035893
MRT,2018,2.808310001036,0.0,0.375158670165074
MRT,2019,2.61191416207025,0.0,0.604821746996996
MRT,2020,2.43870903966116,0.0,0.608689097089833
MRT,2021,11.4487520863931,0.0,9.58503577077492
MRT,2022,,,
MRT,2023,,,
MRT,2024,,,
MRT,2025,,,
MUS,1960,,,
MUS,1961,,,
MUS,1962,,,
MUS,1963,,,
MUS,1964,,,
MUS,1965,,,
MUS,1966,,,
MUS,1967,,,
MUS,1968,,,
MUS,1969,,,
MUS,1970,,,
MUS,1971,,,
MUS,1972,,,
MUS,1973,,,
MUS,1974,,,
MUS,1975,,,
MUS,1976,0.0937785461019324,0.0,0.0
MUS,1977,0.0890152826934391,0.0,0.0
MUS,1978,0.104038967710911,0.0,0.0
MUS,1979,0.12443809910376,0.0,0.0
MUS,1980,0.100937575393006,0.0,0.0
MUS,1981,0.0783249408725644,0.0,0.0
MUS,1982,0.0818559128178908,0.0,0.0
MUS,1983,0.0440317117139468,0.0,0.0
MUS,1984,0.0227669135843568,0.0,0.0
MUS,1985,0.0279969434507007,0.0,0.0
MUS,1986,0.0386470574403879,0.0,0.0
MUS,1987,0.0494891032107412,0.0,0.0
MUS,1988,0.0427003766808921,0.0,0.0
MUS,1989,0.0463295192478249,0.0,0.0
MUS,1990,0.0344979596586205,0.0,0.0
MUS,1991,0.0247124150046043,0.0,0.0
MUS,1992,0.0204432562149328,0.0,0.0
MUS,1993,0.0255733417518858,0.0,0.0
MUS,1994,0.0196491851222119,0.0,0.0
MUS,1995,0.0125537998009489,0.0,0.0
MUS,1996,0.013935147862232,0.0,0.0
MUS,1997,0.0134035763044408,0.0,0.0
MUS,1998,0.0208079485801981,0.0,0.0
MUS,1999,0.0202081785305594,0.0,0.0
MUS,2000,0.0117784211704657,0.0,0.0
MUS,2001,0.0117589422349643,0.0,0.0
MUS,2002,0.0113185119211624,0.0,0.0
MUS,2003,0.010684499152159,0.0,0.0
MUS,2004,0.00681953407733824,0.0,0.0
MUS,2005,0.00657606583814967,0.0,0.0
MUS,2006,0.00816434745435896,0.0,0.0
MUS,2007,0.00837909473560662,0.0,0.0
MUS,2008,0.00857162807576386,0.0,0.0
MUS,2009,0.0114110119806519,0.0,0.0
MUS,2010,0.0974197638212974,0.09058786343855,0.0
MUS,2011,0.11394942379722,0.109303420945243,0.0
MUS,2012,0.0967703151522881,0.09302537199132,0.0
MUS,2013,0.0778091714247043,0.075948511699122,0.0
MUS,2014,0.0835433781723541,0.0823071655778768,0.0
MUS,2015,0.0279823507404004,0.0268410183705881,0.0
MUS,2016,0.0271234375700913,0.0234690891049759,0.0
MUS,2017,0.00339252211144264,0.0,0.0
MUS,2018,0.00240720178247387,0.0,0.0
MUS,2019,0.00235978741871314,0.0,0.0
MUS,2020,0.00262996135685098,0.0,0.0
MUS,2021,0.00271526913227865,0.0,0.0
MUS,2022,,,
MUS,2023,,,
MUS,2024,,,
MUS,2025,,,
MWI,1960,,,
MWI,1961,,,
MWI,1962,,,
MWI,1963,,,
MWI,1964,,,
MWI,1965,,,
MWI,1966,,,
MWI,1967,,,
MWI,1968,,,
MWI,1969,,,
MWI,1970,6.70998624141776,,0.0
MWI,1971,4.84114888787186,,0.0
MWI,1972,5.0433444324309,,0.0
MWI,1973,6.3885112311711,,0.0
MWI,1974,5.87192009420872,,0.0
MWI,1975,8.97343845252109,,0.0
MWI,1976,7.62753889769855,,0.0
MWI,1977,8.60975121061314,,0.0
MWI,1978,7.57763464950774,,0.0
MWI,1979,6.70942759934468,,0.0
MWI,1980,7.27306570831915,0.0,0.0
MWI,1981,6.42223411526603,0.0,0.0
MWI,1982,9.00065904697418,0.0,0.0
MWI,1983,5.79992432401987,0.0,0.0
MWI,1984,5.33669750543511,0.0,0.0
MWI,1985,4.49098188870215,0.0,0.0
MWI,1986,6.92133189930943,0.0,0.0
MWI,1987,7.13209761216796,0.0,0.0
MWI,1988,6.9276752903871,0.0,0.0
MWI,1989,8.13642935620643,0.0,0.0
MWI,1990,8.83285550041662,0.0,0.0
MWI,1991,7.15944602363582,0.0,0.0
MWI,1992,9.09968632011216,0.0,0.0
MWI,1993,6.98240636615388,0.0,0.0
MWI,1994,13.6924266084459,0.0,0.0
MWI,1995,18.314016528775,0.0,0.0
MWI,1996,10.6406276241143,0.0,0.0
MWI,1997,8.30341051996053,0.0,0.0
MWI,1998,12.9038429613876,0.0,0.0
MWI,1999,9.90428833075201,0.0,0.0
MWI,2000,10.1509116653401,0.0807881603585492,0.0
MWI,2001,9.93791742339101,0.0598971612045519,0.0
MWI,2002,5.80694889486208,0.0310630990812267,0.0
MWI,2003,8.64215061116182,0.0344193619672947,0.0
MWI,2004,6.39211290059216,0.0452942648318498,0.0
MWI,2005,6.82450197846741,0.0685179503607441,0.0
MWI,2006,6.78461168008871,0.0748603124282387,0.0
MWI,2007,7.97931680799651,0.0787195782768977,0.0
MWI,2008,8.72702659415971,0.0912165620723904,0.0
MWI,2009,7.04042216088488,0.0373878734787395,0.0
MWI,2010,6.02572508561474,0.0823566866553219,0.0
MWI,2011,5.97687719996186,0.112587609355475,0.0
MWI,2012,8.95123535585595,0.144130794366265,0.0302171189100718
MWI,2013,10.1501360274794,0.140975415777245,0.0184093644950517
MWI,2014,9.61846301856776,0.101801477666212,0.0119433124737108
MWI,2015,8.89901041042248,0.0421572569811812,0.0132948439407637
MWI,2016,10.9739875833904,0.0544029137872334,0.00470271466065946
MWI,2017,7.00371862797528,0.0,0.00647116186416923
MWI,2018,5.20814805353589,0.0,0.00107961049197648
MWI,2019,4.24376277062568,0.0,0.0017185595820268
MWI,2020,4.09928170325885,0.0,0.00301932289837063
MWI,2021,4.22250421289741,0.0,0.00564591527235387
MWI,2022,,,
MWI,2023,,,
MWI,2024,,,
MWI,2025,,,
MYS,1960,,,
MYS,1961,,,
MYS,1962,,,
MYS,1963,,,
MYS,1964,,,
MYS,1965,,,
MYS,1966,,,
MYS,1967,,,
MYS,1968,,,
MYS,1969,,,
MYS,1970,17.004345736664,0.0168146816605373,0.360076595866249
MYS,1971,19.6130299561807,0.0668842004969055,0.205894005259425
MYS,1972,26.9274941459081,0.253118828194178,0.167067938765862
MYS,1973,32.5021042060303,0.515906818444802,0.10973966815811
MYS,1974,24.8759223266563,2.64251075151027,0.861803097454505
MYS,1975,29.0164220246222,3.59264852012829,0.169131921715195
MYS,1976,29.3251825334001,5.53236920059649,0.335956209781191
MYS,1977,30.9180140872899,5.79618674041397,1.24093215319608
MYS,1978,26.6754857541954,5.48461744904904,1.31079344748023
MYS,1979,38.5832711629996,13.3339842412618,1.46579116544181
MYS,1980,37.7832312516497,12.7544859581505,1.40062990668869
MYS,1981,26.4833420566088,9.48820932436969,0.652731895898115
MYS,1982,31.1968461324752,6.95026678656724,0.355507395464383
MYS,1983,29.7256370502483,9.08509496998775,0.346152029017431
MYS,1984,21.3305645463802,9.38668970307597,0.245597554677076
MYS,1985,21.7896848160812,10.039182090438,0.182451518128934
MYS,1986,23.6510021336852,5.9985712191174,0.180873950009821
MYS,1987,28.6319143984632,7.6046790210216,0.193763353199771
MYS,1988,25.0794135493953,5.64035979972944,0.228330402824938
MYS,1989,28.3611314535947,7.96651029868657,0.223917413840818
MYS,1990,26.8807563305794,10.2305989016965,0.189558272614903
MYS,1991,21.2686939295695,5.42149160741163,0.0842081653352907
MYS,1992,20.1890047327682,4.93163394069584,0.0606104195143675
MYS,1993,17.3002755446405,4.18799363570595,0.0343645108863737
MYS,1994,15.238434591052,3.26542845465158,0.0462368118904263
MYS,1995,13.8761007648154,3.17116110941302,0.0470946119233417
MYS,1996,12.7124864921089,3.56410340235547,0.0261945976399869
MYS,1997,11.0799757813186,3.09025555254095,0.026991886629702
MYS,1998,10.095351709262,2.0250566884991,0.0268687402204441
MYS,1999,10.0710448024694,3.08538088119353,0.0171029137689507
MYS,2000,12.5675399788113,5.00305271845637,0.0117604999428554
MYS,2001,10.666951361765,3.80612191711308,0.012576695625576
MYS,2002,9.81548671538781,3.7943040184147,0.0146263688620715
MYS,2003,12.1560364817758,4.23640666645896,0.0177561407310377
MYS,2004,11.9873010934205,5.61137530219416,0.016595446281957
MYS,2005,13.884276518626,7.08944062793991,0.0337390898800391
MYS,2006,13.4761141533839,7.01882709402704,0.0309132491087826
MYS,2007,12.628852352931,5.89566119166293,0.052471286446926
MYS,2008,13.3867719140126,7.12611467503542,0.0618600114951588
MYS,2009,9.65215518287161,3.92901312526175,0.0464000773077083
MYS,2010,9.61503786168569,4.63501988366743,0.166394103186287
MYS,2011,9.94490616865965,5.48169161167852,0.334980850555972
MYS,2012,9.20599203286687,4.89957757600977,0.2962320308496
MYS,2013,8.46715106760802,4.34705959022544,0.301260578508611
MYS,2014,8.64507399532146,3.85543153552736,0.1475068791475
MYS,2015,6.5709120658644,1.86528956443024,0.152278270436555
MYS,2016,5.20040474859063,1.5297271888572,0.0265438964182799
MYS,2017,6.23600042741287,2.07911297067253,0.0616905603457848
MYS,2018,7.32744449685636,2.71329599019211,0.00601473752423654
MYS,2019,6.19635932474839,1.83020222238435,0.0
MYS,2020,4.54156531962687,0.685563649053848,0.0
MYS,2021,6.92196634868479,1.84561185301968,0.0
MYS,2022,,,
MYS,2023,,,
MYS,2024,,,
MYS,2025,,,
NAC,1960,,,
NAC,1961,,,
NAC,1962,,,
NAC,1963,,,
NAC,1964,,,
NAC,1965,,,
NAC,1966,,,
NAC,1967,,,
NAC,1968,,,
NAC,1969,,,
NAC,1970,0.756088223327845,0.291092556291243,0.259153312315361
NAC,1971,0.747960469416234,0.345620334059215,0.164622089965787
NAC,1972,0.814494973494384,0.382160615824204,0.153198550696842
NAC,1973,1.08077004971023,0.378457773676903,0.304186791355815
NAC,1974,3.50837479147539,1.64809106010075,0.424468417244237
NAC,1975,3.36250470035519,1.53984526710506,0.247601727112898
NAC,1976,3.19639615264701,1.50871939958811,0.17926162421702
NAC,1977,3.22713005914152,1.53902428832172,0.19367922414185
NAC,1978,2.83211721659686,1.46257260280835,0.0901150059359909
NAC,1979,5.33458918576174,2.66763276425172,0.155495516820298
NAC,1980,5.97572250993483,3.30921523007691,0.189855260564111
NAC,1981,4.20337461536309,2.21760922784182,0.125655905800469
NAC,1982,2.46513191803778,1.3495681894975,0.0735345192015881
NAC,1983,2.80491839885736,1.61970472969419,0.0778761145189019
NAC,1984,2.4959627992263,1.36004846650764,0.0599155141225674
NAC,1985,2.25587512875081,1.29725966306476,0.0562010115906795
NAC,1986,0.983735201406719,0.524602935859147,0.0379711849229145
NAC,1987,1.3388122507365,0.750690462193336,0.0593641775213935
NAC,1988,1.12385096397209,0.471106119557534,0.194576312467649
NAC,1989,1.21730072908119,0.591084044424184,0.120269381076856
NAC,1990,1.37021511844266,0.774318506943905,0.0933684851093656
NAC,1991,1.01646997545435,0.52481423203911,0.0683676942286452
NAC,1992,1.05414186295769,0.49548084265216,0.0654687220785258
NAC,1993,1.02626916909577,0.399480244722331,0.0489988591550629
NAC,1994,0.88859072755873,0.341803340486067,0.0674572145165077
NAC,1995,0.937747484016782,0.34976310706297,0.0849699206138451
NAC,1996,1.15845174391493,0.419680572399007,0.0610395733833655
NAC,1997,0.977789950183513,0.246302309190006,0.0481839968360195
NAC,1998,0.623723691063571,0.0935548260761684,0.0302026841950715
NAC,1999,0.75575191859083,0.203666843357927,0.0275350924969023
NAC,2000,1.34953667975002,0.386245079324492,0.0247146085134102
NAC,2001,1.08384781327414,0.214366019560526,0.0152160031449641
NAC,2002,0.830759635569728,0.223699541613874,0.013823796493636
NAC,2003,1.26903778978862,0.277960735111761,0.0207463115177795
NAC,2004,1.50005427618672,0.377184568207592,0.0396890833890709
NAC,2005,1.83181031419462,0.469040892227948,0.0464858992507302
NAC,2006,1.38751910229345,0.475522722307373,0.110684764502144
NAC,2007,1.33754622202335,0.489248216538875,0.135855675372716
NAC,2008,2.22736029711317,0.713240532715735,0.148778298380455
NAC,2009,0.845810363973034,0.352429183854832,0.0850688463370809
NAC,2010,1.08073063539285,0.397110073631382,0.194291272823086
NAC,2011,1.37459368234201,0.502763832433818,0.271483734334497
NAC,2012,0.843777040248708,0.273283132271032,0.181021389447767
NAC,2013,0.845724629242025,0.398825462240555,0.136105679424594
NAC,2014,0.79481573796742,0.373535154087488,0.10335769624992
NAC,2015,0.242053073076839,0.00965350532936345,0.0454881814238841
NAC,2016,0.339716303297114,0.120922729419283,0.0472478740990825
NAC,2017,0.48744213015294,0.213527510217491,0.0540110394731388
NAC,2018,0.688667404391941,0.411074908447698,0.0422095570300926
NAC,2019,0.660649605655894,0.462758623572784,0.031573099554627
NAC,2020,0.395880564549259,0.238666324528874,0.0368381046675057
NAC,2021,1.57235203239271,0.788315746842686,0.188328930926538
NAC,2022,,,
NAC,2023,,,
NAC,2024,,,
NAC,2025,,,
NAM,1960,,,
NAM,1961,,,
NAM,1962,,,
NAM,1963,,,
NAM,1964,,,
NAM,1965,,,
NAM,1966,,,
NAM,1967,,,
NAM,1968,,,
NAM,1969,,,
NAM,1970,,,
NAM,1971,,,
NAM,1972,,,
NAM,1973,,,
NAM,1974,,,
NAM,1975,,,
NAM,1976,,,
NAM,1977,,,
NAM,1978,,,
NAM,1979,,,
NAM,1980,6.32709073146053,,5.93590852048207
NAM,1981,4.36349838453125,,3.97804889575876
NAM,1982,2.93242885677091,,2.31993379295485
NAM,1983,2.40461859920779,,2.04137906854155
NAM,1984,3.61016654602263,,3.21069924166262
NAM,1985,4.62438650697376,,4.28068106178723
NAM,1986,1.39554551088141,,0.887307789798537
NAM,1987,2.3265207202648,,1.94063799792902
NAM,1988,40.0701634879501,,39.6675538367414
NAM,1989,31.9534978771394,,31.5490057333332
NAM,1990,10.6504237394718,0.0,10.2024770683173
NAM,1991,1.30290832295929,0.0,0.878309618899063
NAM,1992,0.661164148708913,0.0,0.283057295925627
NAM,1993,0.483065179682821,0.0,0.163799517339186
NAM,1994,0.569599897807329,0.0,0.219321440070378
NAM,1995,0.812418839940878,0.0,0.305952433522728
NAM,1996,0.635076590121081,0.0,0.117946144255394
NAM,1997,0.905100157891139,0.0,0.430603090433603
NAM,1998,0.755601344112676,0.0,0.225741969111947
NAM,1999,0.53266664690255,0.0,0.227847055170956
NAM,2000,0.592005978212752,0.0,0.235658118768329
NAM,2001,0.634861422008575,0.0,0.252359664754088
NAM,2002,0.598634291159831,0.0,0.117987408584723
NAM,2003,0.930610729240151,0.0,0.350172067770085
NAM,2004,0.794488876889435,0.0,0.321996874329369
NAM,2005,1.18277131353143,0.0,0.754895325174027
NAM,2006,2.66281251772741,0.0,2.29309202232327
NAM,2007,5.84952043001738,0.0,5.30737356642788
NAM,2008,2.25103912617622,0.0,1.52185080973327
NAM,2009,1.93055021806173,0.0,1.18237850227727
NAM,2010,2.39089689019764,0.0,1.90274394248915
NAM,2011,2.071941381811,0.0,1.58560287259435
NAM,2012,1.73059224032469,0.0,1.17565876827297
NAM,2013,1.17402632983259,0.0,0.56432604132088
NAM,2014,1.64153563776896,0.0,0.94761204800766
NAM,2015,1.8752743624842,0.0,1.00339287496743
NAM,2016,2.60379046438201,0.0,1.63512832007077
NAM,2017,3.35579400030648,0.0,2.5751532371798
NAM,2018,1.26282912430688,0.0,0.772592097720402
NAM,2019,1.43731396410693,0.0,0.814900879106456
NAM,2020,1.93029383948291,0.0,1.03656406986947
NAM,2021,4.03058059383138,0.0,3.16791637362429
NAM,2022,,,
NAM,2023,,,
NAM,2024,,,
NAM,2025,,,
NCL,1960,,,
NCL,1961,,,
NCL,1962,,,
NCL,1963,,,
NCL,1964,,,
NCL,1965,,,
NCL,1966,,,
NCL,1967,,,
NCL,1968,,,
NCL,1969,,,
NCL,1970,26.3711477528331,,26.3445431367691
NCL,1971,23.1941051066987,,23.1530440499038
NCL,1972,12.349017452061,,12.3030569977299
NCL,1973,10.290724908234,,10.2187141858267
NCL,1974,6.61055958057523,,6.55106725066699
NCL,1975,10.6830806868217,,10.6433750468667
NCL,1976,14.9876506311187,,14.9563980768634
NCL,1977,11.5819923755179,,11.5372920596686
NCL,1978,0.037327965131593,,0.0
NCL,1979,3.52924789368662,,3.48153510734416
NCL,1980,3.24053233254682,0.0,3.1915507230332
NCL,1981,0.040511772517192,0.0,0.0
NCL,1982,0.0593750101361373,0.0,0.0
NCL,1983,0.0612862021813109,0.0,0.0
NCL,1984,0.0430623608637857,0.0,0.0
NCL,1985,0.0403479255032372,0.0,0.0
NCL,1986,0.0353824235642602,0.0,0.0
NCL,1987,0.0333310667358928,0.0,0.0
NCL,1988,20.4088517748954,0.0,20.3862340190816
NCL,1989,25.910429277511,0.0,25.8937926570414
NCL,1990,3.8914450741585,0.0,3.87788161112727
NCL,1991,15.4414081184433,0.0,15.4296475313287
NCL,1992,8.11694989032621,0.0,8.10409574912832
NCL,1993,4.57005080431414,0.0,4.56021810461319
NCL,1994,6.66575291997961,0.0,6.65408850890367
NCL,1995,12.6621085496244,0.0,12.6496102161782
NCL,1996,9.60898874524346,0.0,9.59610316257161
NCL,1997,9.82731109594342,0.0,9.81578588874165
NCL,1998,0.429140989832962,0.0,0.413552372064717
NCL,1999,1.87001968746066,0.0,1.85788236144822
NCL,2000,12.0962606484114,0.0,12.0832116134031
NCL,2001,3.76365320238985,0.0,3.74930527832309
NCL,2002,4.51767160705527,0.0,4.50420452051189
NCL,2003,8.20945366480336,0.0,8.19729522683555
NCL,2004,11.7109438932061,0.0,11.7024370084929
NCL,2005,8.14294890463805,0.0,8.13433257804138
NCL,2006,18.3004085572826,0.0,18.291379629475
NCL,2007,35.2613182298492,0.0,35.2518384192318
NCL,2008,2.6112635194797,0.0,2.59906867060087
NCL,2009,0.0115765236192026,0.0,0.0
NCL,2010,5.29439177747213,0.0,5.28330292789847
NCL,2011,4.13080410068162,0.0,4.11949500769485
NCL,2012,0.0114496916463885,0.0,0.0
NCL,2013,0.0105325049427626,0.0,0.0
NCL,2014,0.0126797653775496,0.0,0.0
NCL,2015,0.0128159191409519,0.0,0.0
NCL,2016,0.013426159178997,0.0,0.0
NCL,2017,0.0171317828341953,0.0,0.0
NCL,2018,0.970193483384602,0.0,0.957748358886719
NCL,2019,0.0122251541031086,0.0,0.0
NCL,2020,0.0127156723522875,0.0,0.0
NCL,2021,16.7918673249355,0.0,16.7795377181056
NCL,2022,,,
NCL,2023,,,
NCL,2024,,,
NCL,2025,,,
NER,1960,,,
NER,1961,,,
NER,1962,,,
NER,1963,,,
NER,1964,,,
NER,1965,,,
NER,1966,,,
NER,1967,,,
NER,1968,,,
NER,1969,,,
NER,1970,2.15642649408056,,0.0051141551062762
NER,1971,1.79809555539492,0.0,0.0
NER,1972,2.00009779819851,0.0,0.0
NER,1973,2.76124273902868,0.0,0.00377188502015777
NER,1974,2.89703036954256,0.0,0.0269660606056411
NER,1975,3.90347470895637,0.0,0.00820324863047319
NER,1976,3.59820582756739,0.0,0.0140474733731578
NER,1977,5.26028447753184,0.0,0.032685286349892
NER,1978,3.95850335440615,0.0,0.0294454023363182
NER,1979,3.24708772729635,0.0,0.0327746442897844
NER,1980,3.37707253011045,0.0,0.0294504511534311
NER,1981,3.51663633923209,0.0,0.0219322039261579
NER,1982,5.40538309182449,0.0,0.0183773124723322
NER,1983,4.18980861733725,0.0,0.022804032364213
NER,1984,5.12175739687936,0.0,0.121562823943788
NER,1985,3.91678294350721,0.0,0.0204690367109382
NER,1986,4.64311153307121,0.0,0.0
NER,1987,3.9688029656736,0.0,0.0
NER,1988,4.32140942121565,0.0,0.0
NER,1989,4.78732622853214,0.0,0.0
NER,1990,3.72816593470452,0.0,0.0
NER,1991,4.04600837257122,0.0,0.0
NER,1992,4.17192131040536,0.0,0.0
NER,1993,3.98117218901387,0.0,0.0
NER,1994,7.56560325669562,0.0,0.0
NER,1995,9.66585920338205,0.0,0.0060739783279962
NER,1996,9.4091389903805,0.0,0.0
NER,1997,9.53508825403769,0.0,0.0954041781636716
NER,1998,8.72521204690945,0.0,0.065884800357196
NER,1999,5.85596347413254,0.0,0.00103001039945991
NER,2000,7.26831682770737,0.0,0.0022839421705727
NER,2001,6.55942488973714,0.0,0.00247605641527164
NER,2002,7.01295308601143,0.0,0.00261251032273135
NER,2003,9.26317259194414,0.0,0.00116371374196527
NER,2004,7.50759997659221,0.0,0.0229428335169691
NER,2005,7.20852272920724,0.0,0.22084942348025
NER,2006,6.89459669021653,0.0,0.299794983757293
NER,2007,8.30057946231934,0.0,0.373375851231499
NER,2008,7.94563898176327,0.0,0.259876597923336
NER,2009,7.96220358501721,0.0,0.259600588912084
NER,2010,6.88472156897825,0.0,0.308153599011326
NER,2011,8.1477117559769,0.897289901092115,0.453708188345834
NER,2012,10.3335481762903,2.66870372209961,0.343742842769807
NER,2013,11.466881046248,4.23042002083649,0.146524133755415
NER,2014,10.2730531340882,2.79681841817513,0.071946469299858
NER,2015,9.74015905746736,0.90069467580531,0.100901481382659
NER,2016,9.68635453036973,0.920918399439848,0.0989601085722921
NER,2017,9.37929042574549,1.29768887354329,0.0744665106290883
NER,2018,6.79609733342576,1.38714615007191,0.422039369560076
NER,2019,5.81263963543114,0.933683949773014,0.088770305876397
NER,2020,5.56826403591678,0.393738499216623,0.208663520694245
NER,2021,6.40907047167716,0.622678205533793,0.830100168425339
NER,2022,,,
NER,2023,,,
NER,2024,,,
NER,2025,,,
NGA,1960,,,
NGA,1961,,,
NGA,1962,,,
NGA,1963,,,
NGA,1964,,,
NGA,1965,,,
NGA,1966,,,
NGA,1967,,,
NGA,1968,,,
NGA,1969,,,
NGA,1970,2.40487127999705,0.744583874202483,0.0214593497211363
NGA,1971,2.55741611503911,0.570453170827289,0.000269085138004168
NGA,1972,3.48788745824301,1.73540426995942,0.000347624261850888
NGA,1973,5.10429012651809,2.79133237194799,0.000820455022710967
NGA,1974,28.5372790441807,26.9907856714977,0.0196023252158047
NGA,1975,20.2632192033256,18.264625689521,0.0184232239371391
NGA,1976,17.6857369709696,16.2579292072575,0.019982996236335
NGA,1977,22.811167641669,20.412281031815,0.0903012245312741
NGA,1978,19.1238677967885,16.4070585230072,0.100226768577164
NGA,1979,43.1495814006749,40.906778772599,0.111360057587746
NGA,1980,26.7349084099615,24.7025134759538,0.0279646394046891
NGA,1981,4.62850032944711,3.90947139545585,0.00525671924778778
NGA,1982,2.58964272557008,1.57387573008516,0.00419903046542578
NGA,1983,5.72145243241404,4.62229786170895,0.00553116094658913
NGA,1984,9.33482537912517,8.0029614407281,0.00390064897175575
NGA,1985,10.4659288268693,9.36777496664601,0.0032244747835396
NGA,1986,6.41329627493772,4.23930215420131,7.34727775167573e-06
NGA,1987,11.0207736023425,8.76376619051025,3.72024123559637e-05
NGA,1988,10.3622543914253,7.85120632984746,0.0
NGA,1989,22.8639107598393,19.9070837346417,0.0
NGA,1990,25.074565468693,21.9637183323591,0.0
NGA,1991,17.70600698125,14.3917349452664,0.0
NGA,1992,20.8862430156947,17.3838477866202,0.0
NGA,1993,34.2695022219771,28.7054393824039,0.0
NGA,1994,23.8551028164568,18.6990486531124,0.0
NGA,1995,21.7988932440235,16.2953221371822,1.58701558423718e-05
NGA,1996,21.4145127823877,16.7094356163404,4.21834965795118e-05
NGA,1997,18.7360799831083,14.538489437452,2.40743300319256e-05
NGA,1998,11.3595895147082,7.09759652792726,3.18946066827945e-05
NGA,1999,13.0436291752413,10.1094177919185,8.38594144305736e-05
NGA,2000,24.9357339994509,22.0499275524037,0.000153345750217713
NGA,2001,18.1012267482663,15.2354705757222,0.000272515493931566
NGA,2002,13.6048166584392,11.1446404443733,0.000276343817950982
NGA,2003,15.512504112848,12.1202192108891,6.285057730766e-05
NGA,2004,16.775506962461,14.4183481253408,2.78717613600577e-05
NGA,2005,19.3875677161802,17.695803965512,0.00128802535343671
NGA,2006,16.6989726330047,14.8803763188218,0.00145349219149965
NGA,2007,15.8610116948726,13.8343651228424,0.00617602236878342
NGA,2008,17.590261235625,15.529944090028,0.00317538491131283
NGA,2009,10.6511450158162,8.67398818858118,0.006732625722274
NGA,2010,13.8029914948457,12.0986066267503,0.0170111595024352
NGA,2011,17.5539035632028,15.5113433318503,0.0180944735184713
NGA,2012,15.1485150031193,13.0904727134596,0.0208000315602732
NGA,2013,11.6227181116144,9.88011499667836,0.0217510354394539
NGA,2014,8.78193552361452,7.0738580847829,0.00536547862466416
NGA,2015,4.55410681800406,2.78345150643408,0.00123316811272972
NGA,2016,4.65772615666869,2.68429043488445,0.00381603940176087
NGA,2017,7.80498492445019,5.47262882301734,0.0171043027719665
NGA,2018,9.79850822600435,7.69068153465603,0.0139798912407887
NGA,2019,8.35322267194456,6.51475056054778,0.00519322032694481
NGA,2020,5.07484002483035,3.31241719212516,0.00499659314905237
NGA,2021,8.55295423830806,6.24674969005013,0.00800831809870735
NGA,2022,,,
NGA,2023,,,
NGA,2024,,,
NGA,2025,,,
NIC,1960,,,
NIC,1961,,,
NIC,1962,,,
NIC,1963,,,
NIC,1964,,,
NIC,1965,,,
NIC,1966,,,
NIC,1967,,,
NIC,1968,,,
NIC,1969,,,
NIC,1970,2.40885856192184,,0.435939148991849
NIC,1971,2.34097849901731,0.0,0.374523882660592
NIC,1972,2.54255312741811,0.0,0.410995252510174
NIC,1973,4.17731766434029,0.0,1.32623685045984
NIC,1974,3.50288180311536,0.0,1.21042257184437
NIC,1975,3.25716706817981,0.0,0.264245883345041
NIC,1976,2.39925168437462,0.0,0.253960825923371
NIC,1977,2.69135197751205,0.0,0.095728829159844
NIC,1978,2.95607089580064,0.0,0.0130031113717517
NIC,1979,5.46821837663223,0.0,0.320677667540437
NIC,1980,5.07164062768281,0.0,1.08475665684383
NIC,1981,3.80740659832694,0.0,0.560198723790377
NIC,1982,6.10803954821771,0.0,0.305114069749466
NIC,1983,2.72550803068277,0.0,0.329902285541358
NIC,1984,1.09148823927057,0.0,0.108727111557125
NIC,1985,0.87159761953219,0.0,0.082860899313883
NIC,1986,0.88235383828891,0.0,0.105508728521071
NIC,1987,0.744968291650304,0.0,0.126531697510506
NIC,1988,1.07916484996002,0.0,0.161126367007453
NIC,1989,2.78255477477445,0.0,0.272502457725142
NIC,1990,6.71830601093931,0.0,0.261920332946332
NIC,1991,5.33038411064474,0.0,0.289276734607716
NIC,1992,3.99413843808385,0.0,0.24232145054787
NIC,1993,3.2712641713304,0.0,0.207528643339357
NIC,1994,1.62282645767437,0.0,0.00255925284872153
NIC,1995,1.99078483904908,0.0,0.00314750733552825
NIC,1996,1.55099338059432,0.0,0.035744749397064
NIC,1997,1.89151852264118,0.0,0.00241142315467086
NIC,1998,1.5777578844684,0.0,0.00322353465591207
NIC,1999,1.42120426128236,0.0,0.100222541714829
NIC,2000,1.3540087539637,0.0,0.137652458211628
NIC,2001,1.14847900083655,0.0,0.00116071955557833
NIC,2002,1.14157988958926,0.0,0.0542460000046331
NIC,2003,1.12766211906764,0.0,0.00161162442256623
NIC,2004,1.29185557609837,0.0,0.216976191670465
NIC,2005,1.11397978053442,0.0,0.136770969893077
NIC,2006,1.57912337410457,0.0,0.270117465049817
NIC,2007,1.54258856099957,0.0,0.302781528707398
NIC,2008,1.4819143624518,0.241718443242608,0.0831860228170077
NIC,2009,1.31162414000297,0.136614559984771,0.0914768307888851
NIC,2010,4.15315104137442,0.0252340770771501,1.81988490265366
NIC,2011,5.12065108678162,0.0519123138385869,3.29036422957445
NIC,2012,4.62546930334416,0.0462955853539498,2.96560849044325
NIC,2013,4.95048345059701,0.0404742289870495,2.85461443967664
NIC,2014,4.2211834678271,0.0340990650048295,1.80386395737033
NIC,2015,2.10539835608013,0.0,0.40222751206695
NIC,2016,3.11297731611032,0.00769475794674993,0.904944489294892
NIC,2017,2.7029582269273,0.0128520280376942,0.872480147766622
NIC,2018,2.02687465495511,0.0215824227322452,0.70147840677944
NIC,2019,1.28485958829485,0.0178636683851291,0.0453935747655657
NIC,2020,1.65812864181366,0.0084343580954292,0.0498653154241797
NIC,2021,3.84080893833151,0.0205645534300319,2.68031775817092
NIC,2022,,,
NIC,2023,,,
NIC,2024,,,
NIC,2025,,,
NLD,1960,,,
NLD,1961,,,
NLD,1962,,,
NLD,1963,,,
NLD,1964,,,
NLD,1965,,,
NLD,1966,,,
NLD,1967,,,
NLD,1968,,,
NLD,1969,,,
NLD,1970,0.203954779722529,0.00372889222110017,0.0
NLD,1971,0.299859427430099,0.0105197798987112,0.0
NLD,1972,0.448696139537681,0.0119800468109578,0.0
NLD,1973,0.359023016278475,0.0155183279142982,0.0113270664295407
NLD,1974,1.11592463096896,0.0758363178483783,0.0417396216605385
NLD,1975,1.42604913323472,0.0592830338812027,0.00189629453460872
NLD,1976,1.46180270524581,0.057142654858118,0.000525150219142979
NLD,1977,1.2704060663552,0.0525942534791969,0.0
NLD,1978,1.03453308869788,0.0441130666922606,0.0
NLD,1979,1.60414744069865,0.0880124084237036,0.0
NLD,1980,1.95479253333674,0.0991602713339389,0.0
NLD,1981,1.44243612621784,0.0998527388759243,0.0
NLD,1982,0.632602829279269,0.0789326603045302,0.0
NLD,1983,1.22026494747578,0.16750131553101,0.0
NLD,1984,1.34820621372231,0.21908064826428,0.0
NLD,1985,1.35026441320775,0.269599275870849,0.0
NLD,1986,0.814529172104673,0.09472777125738,0.0
NLD,1987,0.429969391699235,0.115679936555752,0.0
NLD,1988,0.306908062791449,0.0750961021774671,0.0
NLD,1989,0.379325977519366,0.105830170311003,0.0
NLD,1990,0.471040288121921,0.123024890879415,0.0
NLD,1991,0.323778601151388,0.0536064393908414,0.0
NLD,1992,0.178289588258885,0.0457012196410724,0.0
NLD,1993,0.34602761038807,0.0424748831970111,0.0
NLD,1994,0.306267622412117,0.045482278029272,0.0
NLD,1995,0.442963390252791,0.033702618174493,0.0
NLD,1996,0.485584007753404,0.0387344513492524,0.0
NLD,1997,0.493340928346542,0.0304655261421261,0.0
NLD,1998,0.0649255808085058,0.00746303044104274,0.0
NLD,1999,0.0714792874701323,0.0203269079678711,0.0
NLD,2000,0.389447934898109,0.0428661703754643,0.0
NLD,2001,0.778557219518414,0.0288835905371522,0.0
NLD,2002,0.552503607344249,0.0447970205533278,0.0
NLD,2003,0.477294939452294,0.0444408788956073,0.0
NLD,2004,0.445249259246216,0.0482013400128872,0.0
NLD,2005,0.345526753433281,0.0486888872963133,0.0
NLD,2006,0.656627307066423,0.0474303353534585,0.0
NLD,2007,0.592989048060138,0.0695823476637214,0.0
NLD,2008,1.04292053969949,0.0767004716623707,0.0
NLD,2009,0.722759892442524,0.0342324179411298,0.0
NLD,2010,0.762696109172764,0.0313299442533534,0.0
NLD,2011,1.02062784943271,0.0513023587099409,0.0
NLD,2012,1.13202011724154,0.0544334924427504,0.0
NLD,2013,1.11989801648239,0.0489230990645562,0.0
NLD,2014,0.689866623445569,0.0610565682264859,0.0
NLD,2015,0.442606663458837,0.0277934109206209,0.0
NLD,2016,0.251209116098856,0.0142927116318486,0.0
NLD,2017,0.283564780405105,0.0205884596366125,0.0
NLD,2018,0.355103573458477,0.0285323898225818,0.0
NLD,2019,0.218267467639851,0.0211765776530471,0.0
NLD,2020,0.0837440351956371,0.0111244987898519,0.0
NLD,2021,0.340536679351668,0.024399192645775,0.0
NLD,2022,,,
NLD,2023,,,
NLD,2024,,,
NLD,2025,,,
NOR,1960,,,
NOR,1961,,,
NOR,1962,,,
NOR,1963,,,
NOR,1964,,,
NOR,1965,,,
NOR,1966,,,
NOR,1967,,,
NOR,1968,,,
NOR,1969,,,
NOR,1970,0.465517286243368,,0.164609484653038
NOR,1971,0.404786048619557,0.00571640044683479,0.11069139759613
NOR,1972,0.387711581890813,0.0389789106875158,0.0957415893879009
NOR,1973,0.56234403293608,0.0529198330230973,0.20404396781491
NOR,1974,0.828774312372485,0.28685137660801,0.17983414617966
NOR,1975,1.62172780294574,1.19535280878629,0.0547646687978437
NOR,1976,2.1955347738143,1.75797761239712,0.0971655605178974
NOR,1977,2.00423415085409,1.65434243168867,0.0600813211970722
NOR,1978,2.65681811363608,1.85916082584113,0.0332877895971207
NOR,1979,5.79210698198413,4.34647457860653,0.0606987276573696
NOR,1980,7.65398614597316,5.6752746570003,0.0532973650281381
NOR,1981,5.90065040209239,4.49310364538214,0.0317604861303643
NOR,1982,3.74686463878044,2.97425059785102,0.0367277612396414
NOR,1983,6.05940638230477,4.90691426644312,0.029165140100659
NOR,1984,6.93402796949859,5.76841668650316,0.0161644103833034
NOR,1985,7.1014943110458,6.08456118509164,0.0145328785101315
NOR,1986,3.07481604069749,2.1644132909421,0.00724013079360717
NOR,1987,3.86482491141938,3.36318065072751,0.0133257567265385
NOR,1988,3.18160420728093,2.71684171463548,0.0407638183895442
NOR,1989,6.27884791368352,5.7682743263294,0.0389053902091402
NOR,1990,7.95301055100865,7.38778559694277,0.0278053482495658
NOR,1991,4.48712749071571,4.08595620770174,0.0289257515978193
NOR,1992,5.00614043528685,4.72988779950069,0.0424904640156054
NOR,1993,5.69359641235468,5.26252270326991,0.0252297207752106
NOR,1994,5.41290313640084,5.00755972112755,0.0170975627484492
NOR,1995,5.61474760517048,5.03140095731558,0.0142712549265346
NOR,1996,8.04348302516781,7.37375599562261,0.00770084706685421
NOR,1997,6.68384489531307,5.89130932999415,0.00577114536508863
NOR,1998,2.00472943152768,1.83600242485291,0.0046951143023739
NOR,1999,5.37886118950569,5.22432027600053,0.00290661834668261
NOR,2000,12.2926602470975,11.563574057982,0.00274125387903448
NOR,2001,9.86854080068064,8.3238485310557,0.00151314311376712
NOR,2002,8.80703368760757,7.51237284652343,0.00116998018036622
NOR,2003,8.67852288037213,7.33585281468421,0.000502605020011032
NOR,2004,9.49868097130803,8.3587259592575,0.000790857019610643
NOR,2005,10.4924230669843,9.62679537974438,0.00435660449259831
NOR,2006,10.8945313138908,9.19503274522247,0.00489831654787615
NOR,2007,9.56163328120944,7.98287863833131,0.0107115059495646
NOR,2008,12.6176722555388,9.87352536152341,0.0297516339788198
NOR,2009,8.36533197935372,5.99263870550393,0.00956700095103686
NOR,2010,7.66161471850852,5.61799364871918,0.0656535464581076
NOR,2011,10.0323919412624,7.50443616793107,0.0657948693048983
NOR,2012,9.34170992776999,6.46713141316121,0.0394759187988791
NOR,2013,8.16854742910885,5.54926522150093,0.0405949418403509
NOR,2014,7.51744992129352,5.54233636695862,0.0259559152201897
NOR,2015,5.16239861599802,3.14606557734506,0.0114655593130633
NOR,2016,3.86709464602749,2.60460301891109,0.0
NOR,2017,5.33590347738304,3.63541371456372,0.0
NOR,2018,7.39362211775806,4.96722177394478,0.0
NOR,2019,6.26890345034754,4.53800306780214,0.0
NOR,2020,4.18128689630728,3.22981815901586,0.0
NOR,2021,10.0482763904291,6.06347788332955,0.0
NOR,2022,,,
NOR,2023,,,
NOR,2024,,,
NOR,2025,,,
NPL,1960,,,
NPL,1961,,,
NPL,1962,,,
NPL,1963,,,
NPL,1964,,,
NPL,1965,,,
NPL,1966,,,
NPL,1967,,,
NPL,1968,,,
NPL,1969,,,
NPL,1970,1.54733552047184,,0.0
NPL,1971,1.40228090765575,0.0,0.0
NPL,1972,1.1749585401248,0.0,0.0
NPL,1973,2.11330969788548,0.0,0.0
NPL,1974,2.03976367562661,0.0,0.0945389453280389
NPL,1975,3.43610026852642,0.0,0.0
NPL,1976,2.28566196708333,0.0,0.0
NPL,1977,9.17268800661966,0.0,1.03487560111522
NPL,1978,8.05511841345704,0.0,1.08146437068277
NPL,1979,4.15157311191538,0.0,1.58034008339563
NPL,1980,4.44285229631757,0.0,1.44537348439404
NPL,1981,2.60804394411505,0.0,0.36587923773322
NPL,1982,3.33159353706423,0.0,0.179660196739249
NPL,1983,2.71558307653882,0.0,0.627780477425671
NPL,1984,1.86502116981476,0.0,0.192764463131672
NPL,1985,1.15246242455697,0.0,0.0
NPL,1986,1.84637084753971,0.0,0.0
NPL,1987,1.68011844481336,0.0,0.0
NPL,1988,1.521723512077,0.0,0.0
NPL,1989,1.48870391704098,0.0,0.0
NPL,1990,1.74670390277272,0.0,0.0
NPL,1991,1.59616125428007,0.0,0.0
NPL,1992,1.88735566715405,0.0,0.0
NPL,1993,1.52347999741038,0.0,0.0
NPL,1994,1.20002714830637,0.0,0.0
NPL,1995,1.38881148767725,0.0,0.0
NPL,1996,1.32624921845998,0.0,0.0
NPL,1997,1.09066742372569,0.0,0.0
NPL,1998,1.271680096251,0.0,0.0
NPL,1999,1.39481846911413,0.0,0.0
NPL,2000,1.16705846127349,0.0,0.0
NPL,2001,1.06064751974629,0.0,0.0
NPL,2002,1.14182037541713,0.0,0.0
NPL,2003,1.21007972058267,0.0,0.0
NPL,2004,0.901715057589508,0.0,0.0
NPL,2005,0.805920859332569,0.0,0.0
NPL,2006,1.08186046810072,0.0,0.0
NPL,2007,1.35696196558179,0.0,0.0
NPL,2008,1.07437107737277,0.0,0.0
NPL,2009,1.00484448505294,0.0,0.0
NPL,2010,1.47229700729972,0.0,0.0
NPL,2011,1.11680132754903,0.0,0.0
NPL,2012,0.967618550144898,0.0,0.0
NPL,2013,0.844770803744654,0.0,0.0
NPL,2014,0.860719085973924,0.0,0.0
NPL,2015,0.934890235914136,0.0,0.0
NPL,2016,1.03122054018578,0.0,0.000142211930544087
NPL,2017,0.703261897013786,0.0,0.0
NPL,2018,0.424156459923021,0.0,0.0
NPL,2019,0.446189344690663,0.0,0.0
NPL,2020,0.522630900968538,0.0,0.0
NPL,2021,0.498936909947826,0.0,0.0
NPL,2022,,,
NPL,2023,,,
NPL,2024,,,
NPL,2025,,,
NRU,1960,,,
NRU,1961,,,
NRU,1962,,,
NRU,1963,,,
NRU,1964,,,
NRU,1965,,,
NRU,1966,,,
NRU,1967,,,
NRU,1968,,,
NRU,1969,,,
NRU,1970,,,
NRU,1971,,,
NRU,1972,,,
NRU,1973,,,
NRU,1974,,,
NRU,1975,,,
NRU,1976,,,
NRU,1977,,,
NRU,1978,,,
NRU,1979,,,
NRU,1980,,,
NRU,1981,,,
NRU,1982,,,
NRU,1983,,,
NRU,1984,,,
NRU,1985,,,
NRU,1986,,,
NRU,1987,,,
NRU,1988,,,
NRU,1989,,,
NRU,1990,,,
NRU,1991,,,
NRU,1992,,,
NRU,1993,,,
NRU,1994,,,
NRU,1995,,,
NRU,1996,,,
NRU,1997,,,
NRU,1998,,,
NRU,1999,,,
NRU,2000,,,
NRU,2001,,,
NRU,2002,,,
NRU,2003,,,
NRU,2004,,,
NRU,2005,,,
NRU,2006,,,
NRU,2007,,,
NRU,2008,,,
NRU,2009,,,
NRU,2010,,,0.0
NRU,2011,,,0.0
NRU,2012,,,0.0
NRU,2013,0.0,0.0,0.0
NRU,2014,0.0,0.0,0.0
NRU,2015,0.0,0.0,0.0
NRU,2016,0.0,0.0,0.0
NRU,2017,0.0,0.0,0.0
NRU,2018,0.0,0.0,0.0
NRU,2019,0.0,0.0,0.0
NRU,2020,0.0,0.0,0.0
NRU,2021,0.0,0.0,0.0
NRU,2022,,,
NRU,2023,,,
NRU,2024,,,
NRU,2025,,,
NZL,1960,,,
NZL,1961,,,
NZL,1962,,,
NZL,1963,,,
NZL,1964,,,
NZL,1965,,,
NZL,1966,,,
NZL,1967,,,
NZL,1968,,,
NZL,1969,,,
NZL,1970,,,
NZL,1971,1.03732968004446,0.00114804687969019,0.0109032137987745
NZL,1972,0.839214128746163,0.00439669028834984,0.0317768930379003
NZL,1973,1.54228540264628,0.011917421577411,0.0484608843925499
NZL,1974,1.34475984813748,0.0831944819036464,0.0810382664084268
NZL,1975,1.79902793409043,0.100285518600237,0.125726474251249
NZL,1976,2.72229020012974,0.275955799881073,0.186667996838952
NZL,1977,2.15618431390715,0.386925178989264,0.153312049604586
NZL,1978,2.23712832034121,0.269346314260152,0.141397391815597
NZL,1979,2.51685210136931,0.377231726500989,0.151642611949006
NZL,1980,2.65021478345122,0.343456553412476,0.207299750457325
NZL,1981,2.49722841789111,0.357009799321799,0.166550002712316
NZL,1982,2.64714278132726,0.376108767022231,0.176161533769222
NZL,1983,2.14657478680028,0.428301473661285,0.118323629105996
NZL,1984,2.12075223599141,0.609034924104481,0.130797831034488
NZL,1985,2.80098132405694,0.749820912697048,0.1392150762155
NZL,1986,2.01915767614863,0.314820645805043,0.119946750530758
NZL,1987,1.35299623724326,0.337507720653316,0.0819243972161426
NZL,1988,1.23958036646634,0.271055261498928,0.0817618503133691
NZL,1989,1.68714821198504,0.445800866432559,0.116659896200917
NZL,1990,2.2066602646069,0.603822307255642,0.0913431388575294
NZL,1991,1.98802568754072,0.385349735576981,0.0569953224989354
NZL,1992,1.98248824531167,0.40879460628373,0.0693595612051551
NZL,1993,2.11385793780318,0.374716724926812,0.0626342951651755
NZL,1994,1.67925532599725,0.256298823328335,0.0572603964563321
NZL,1995,1.58254015084152,0.208650223142853,0.0637595425779242
NZL,1996,1.64017320568105,0.319966777938508,0.0436152646810228
NZL,1997,1.72215855991149,0.384457081951756,0.034645022170516
NZL,1998,1.4145024360505,0.169233561075115,0.0900485145776954
NZL,1999,1.53777874003186,0.258126851839409,0.0789403130054474
NZL,2000,2.35572401786313,0.520025634346264,0.0783679904071662
NZL,2001,2.09524265570961,0.333507075013648,0.0663380015243075
NZL,2002,1.74199803152753,0.303997253208924,0.063023344444634
NZL,2003,1.25651895446249,0.200234078312301,0.0513125981054872
NZL,2004,1.09975067280001,0.211058993281138,0.0552680731263105
NZL,2005,1.23602964559984,0.278111552185467,0.0945297824682151
NZL,2006,1.29267923136784,0.278552388345492,0.148426348338586
NZL,2007,1.3734710448309,0.506514577589481,0.0988847521186223
NZL,2008,2.36269174740727,1.05778347154292,0.216284800968863
NZL,2009,1.74759128114708,0.544779024480274,0.175545636406621
NZL,2010,2.1224362002947,0.660975990307668,0.409243996619399
NZL,2011,2.19427362254657,0.77791212195698,0.377749138694933
NZL,2012,1.68350699548628,0.607739113456127,0.18817372232206
NZL,2013,1.52078184314436,0.453082035859237,0.255720128150806
NZL,2014,1.42914435215029,0.427387592230975,0.185891578764959
NZL,2015,1.28424903944645,0.196512069556291,0.131431139520895
NZL,2016,1.04750029579275,0.127171106470809,0.0974352775345248
NZL,2017,1.59353965038242,0.150386335561469,0.114124951593038
NZL,2018,1.58813238238384,0.174430202025453,0.0709182603437035
NZL,2019,1.50327657838238,0.12988820598752,0.0426316268310563
NZL,2020,1.27246721100633,0.0439077405671644,0.038956105818985
NZL,2021,1.49411356490814,0.102256581182383,0.0961811421229474
NZL,2022,,,
NZL,2023,,,
NZL,2024,,,
NZL,2025,,,
OED,1960,,,
OED,1961,,,
OED,1962,,,
OED,1963,,,
OED,1964,,,
OED,1965,,,
OED,1966,,,
OED,1967,,,
OED,1968,,,
OED,1969,,,
OED,1970,0.587867834508536,0.160462928099386,0.215284221396408
OED,1971,0.551337468985216,0.178010185537893,0.145186222479855
OED,1972,0.55603917862193,0.188299585700862,0.128038185443659
OED,1973,0.712400742150546,0.182180687114588,0.227661715575948
OED,1974,1.90846829877456,0.809020421989439,0.305175808482782
OED,1975,1.85740784044402,0.749276213487737,0.165882923231958
OED,1976,1.87002775472102,0.775568643417591,0.157567211809553
OED,1977,1.81111826072589,0.786793010236611,0.15183647381405
OED,1978,1.50856383423732,0.716849531136609,0.0843174513688003
OED,1979,2.69384076410054,1.39426661716701,0.128069285899852
OED,1980,3.00423244948998,1.68702872254962,0.152535439419402
OED,1981,2.45813953141312,1.32682104417046,0.106611890381926
OED,1982,1.68438579635127,0.884182441774599,0.0861116193457099
OED,1983,1.91933583370298,1.13540443013792,0.0914730271664084
OED,1984,1.80338061994252,1.06427018489786,0.0809740421175435
OED,1985,1.69065744465524,1.02458524006825,0.0777729703303539
OED,1986,0.696514531652632,0.35689199503231,0.0497121548451687
OED,1987,0.823534019475494,0.488634725997552,0.06058296430985
OED,1988,0.705801365308881,0.30751139273676,0.162756653442753
OED,1989,0.812629098994304,0.418675687870837,0.12604418007686
OED,1990,0.895672779809646,0.519280143760092,0.0935464345820112
OED,1991,0.597154129782073,0.307596718622487,0.0624092021531438
OED,1992,0.583523753429481,0.297580870356414,0.0565915626810397
OED,1993,0.57570362202883,0.268332031036222,0.0410573601487654
OED,1994,0.515610585253524,0.239074168910599,0.0529442125759882
OED,1995,0.547744757857793,0.241816647110391,0.0653827105389467
OED,1996,0.677924186220704,0.31810341059072,0.0527714873975578
OED,1997,0.616379538392576,0.241396841050991,0.0510028059524163
OED,1998,0.375564896089058,0.100438795634347,0.0383358243324751
OED,1999,0.489943663559588,0.211080685341461,0.0363059610951531
OED,2000,0.903821854158092,0.41829244108762,0.0420115962454838
OED,2001,0.777138087619043,0.283131940907938,0.034155978757368
OED,2002,0.648207684650058,0.289388365837813,0.0302048384904155
OED,2003,0.798866918168969,0.307916184526342,0.0340442592908203
OED,2004,0.944751692379363,0.374111101023016,0.0650099652932505
OED,2005,1.17883645107179,0.489186011159467,0.0966915409345643
OED,2006,1.13319135723901,0.512842430180502,0.189027191812042
OED,2007,1.11362365579871,0.492342987411923,0.232879061723613
OED,2008,1.61662585142725,0.650453999197451,0.223157981653156
OED,2009,0.781238120396898,0.339684841502447,0.132905842354406
OED,2010,1.0990607729866,0.399910319274049,0.329790339560889
OED,2011,1.40827678717248,0.547337300058153,0.411931120980183
OED,2012,1.05904619033389,0.441004129141716,0.290395256278284
OED,2013,1.00273127174675,0.450466471236213,0.273438257735579
OED,2014,0.882427406034121,0.408152935851575,0.214895470552811
OED,2015,0.420606325243225,0.115740818960694,0.114227044915944
OED,2016,0.437592316334176,0.132095387486342,0.13639599497303
OED,2017,0.600310739925277,0.200384927682244,0.185951419892766
OED,2018,0.750738864562023,0.333806904474841,0.170792728752188
OED,2019,0.663441233007234,0.3307073491767,0.133812251261415
OED,2020,0.498571770808259,0.1728056169741,0.171908182976071
OED,2021,1.43454100546536,0.497715083159132,0.510119862840069
OED,2022,,,
OED,2023,,,
OED,2024,,,
OED,2025,,,
OMN,1960,,,
OMN,1961,,,
OMN,1962,,,
OMN,1963,,,
OMN,1964,,,
OMN,1965,,,
OMN,1966,,,
OMN,1967,,,
OMN,1968,,,
OMN,1969,,,
OMN,1970,43.4542322673313,43.4488291702311,0.0
OMN,1971,43.5509010114495,43.5468374447573,0.0
OMN,1972,43.7615463301578,43.7574402568,0.0
OMN,1973,51.7813393965075,51.7768701876827,0.0
OMN,1974,63.7250762264266,63.723577167643,0.0
OMN,1975,58.2546567012368,58.2532208951386,0.0
OMN,1976,56.0746281457364,56.0736509431069,0.0
OMN,1977,52.3023768492243,52.3007724748365,0.0
OMN,1978,49.6155143971473,49.3783439087918,0.0
OMN,1979,79.7407561880243,79.2807414922271,0.0
OMN,1980,55.4243207387891,54.9888356030285,0.0
OMN,1981,46.9803586575315,46.6170456761006,0.0
OMN,1982,37.6829596638167,37.5141492944712,0.0
OMN,1983,41.7737554363094,41.0902547500145,0.0842576008692599
OMN,1984,39.3769527935263,38.8599320861153,0.0732544066500763
OMN,1985,40.5551272844964,40.0357823978528,0.0790077319449491
OMN,1986,31.386112510293,30.4656609703086,0.100528322823794
OMN,1987,41.9005494299817,40.9126836626402,0.215182019621685
OMN,1988,34.8933019491993,33.8811369411923,0.34158948555491
OMN,1989,45.4281387750377,44.3572211516765,0.275711730128022
OMN,1990,50.4824718338721,49.6173962343468,0.154809546641489
OMN,1991,32.5938448581855,31.7780235003255,0.0535603409168921
OMN,1992,32.5670329025425,31.7405798958589,0.10572613777552
OMN,1993,32.4067391861547,31.4612344977031,0.0472009332709133
OMN,1994,29.7669582159775,28.7489456153524,0.0370890729547178
OMN,1995,31.8501238195579,30.8793481244036,0.0
OMN,1996,37.1448237189533,36.1991174614756,0.0
OMN,1997,33.2175926848869,32.0318310544737,0.0101270310908838
OMN,1998,24.2822148573417,22.5419118763231,0.00411714760974645
OMN,1999,32.3229406984525,31.1434378961453,0.000365958087915039
OMN,2000,46.4323533403582,44.475781466106,0.000155385864358047
OMN,2001,39.6608260982704,36.285347329679,1.84908058298389e-05
OMN,2002,36.5156563174369,33.51317909328,0.000402913419828814
OMN,2003,36.1663480509711,33.3255110511249,0.0
OMN,2004,39.6932689656436,36.7966643908859,0.00569190346485592
OMN,2005,46.2910962199201,42.841561539357,0.00934013672483785
OMN,2006,44.5972509306022,40.7520000982427,0.00655077362796562
OMN,2007,41.3713037014859,37.7986997972135,0.0046080136430455
OMN,2008,40.5020271140744,37.9131008037865,0.00137641545022014
OMN,2009,33.9582915199024,30.5131215016084,0.00090316754360988
OMN,2010,35.1702914756151,32.5688653439524,0.0150457304494815
OMN,2011,43.273814289286,40.4074409203453,0.15840492752114
OMN,2012,40.4418641958152,37.5396768679582,0.105281449933667
OMN,2013,38.8455213970653,35.9895065337986,0.0490024463064276
OMN,2014,34.348523798708,31.6791185960483,0.0518559807676152
OMN,2015,21.0999447505156,18.8680645519097,0.0207625564399785
OMN,2016,18.0527768334822,16.2724873177614,0.00121057598710312
OMN,2017,21.3537653208209,19.3050063067708,6.04777123539979e-05
OMN,2018,27.0144782962431,23.7087990780384,0.0
OMN,2019,24.9800297060137,21.6117797561797,0.0
OMN,2020,18.8866635649826,14.994277961787,0.0
OMN,2021,29.2115792686173,23.5387435070386,0.0
OMN,2022,,,
OMN,2023,,,
OMN,2024,,,
OMN,2025,,,
OSS,1960,,,
OSS,1961,,,
OSS,1962,,,
OSS,1963,,,
OSS,1964,,,
OSS,1965,,,
OSS,1966,,,
OSS,1967,,,
OSS,1968,,,
OSS,1969,,,
OSS,1970,1.82641722703034,,0.682984720022193
OSS,1971,2.12100412880868,0.458880995806029,0.592841761228284
OSS,1972,2.65720632662434,1.73880670273599,0.378412950792076
OSS,1973,6.107047874109,5.05953292033016,0.241393129441238
OSS,1974,34.5371330448254,30.8212504011033,0.160127077328339
OSS,1975,34.1828785876926,26.8736926181767,0.33760411861151
OSS,1976,32.9327601548107,25.5846174003882,0.350716112653323
OSS,1977,29.9912645501781,23.780811018132,0.189256421156377
OSS,1978,27.2235076235057,21.2477166356961,0.108112623203662
OSS,1979,0.533486939879332,,0.0258746868562023
OSS,1980,32.8019317301727,28.5245950867578,0.00671003874838606
OSS,1981,20.2412097390298,18.094977921178,0.0
OSS,1982,12.7977785930226,11.5861015609415,0.00201616162205497
OSS,1983,16.4520933107546,14.7201561346511,0.00430642244201573
OSS,1984,18.3709243439098,16.2314402203577,0.00318554338456661
OSS,1985,15.6633255912955,13.0325212414861,0.00305062087439511
OSS,1986,9.48765123386594,6.17392864629629,0.000989205044725009
OSS,1987,9.54221987545423,6.53793656356482,0.000278998924461812
OSS,1988,6.61995054375565,3.96213258850751,0.00179616963825519
OSS,1989,8.61607694937429,5.7498907623808,0.00490194942908142
OSS,1990,9.81428802751881,6.93254666289658,0.00246963239152094
OSS,1991,6.4270373197591,3.9955876392696,0.000463416124287957
OSS,1992,6.22302890750224,3.98149070502033,0.000428994063126957
OSS,1993,6.61308536193562,4.01455856596365,0.000275513811004212
OSS,1994,6.09366922391803,3.36212831321923,0.0
OSS,1995,5.30971090176578,2.66260879642682,0.0
OSS,1996,5.75334056287751,3.02410467007793,0.00153480997002856
OSS,1997,5.58326618711176,2.80881548896875,0.00403180578271532
OSS,1998,3.10221689481855,1.16840785315017,0.00167907721445082
OSS,1999,4.09290324223708,2.15973196225207,0.002202548196889
OSS,2000,5.93967728952878,3.62235612767757,0.00354196762238258
OSS,2001,4.70068568417156,2.40251330092216,0.0017163407383104
OSS,2002,4.07888457829004,2.18811014642568,0.00207985288365041
OSS,2003,3.96353775431497,2.04086664790551,0.0035006209461079
OSS,2004,4.36665923103969,2.46433061357331,0.00867285075024368
OSS,2005,5.16270440220669,3.42831049526035,0.00932437678596736
OSS,2006,5.87213130721933,4.31661024044949,0.0124609287465594
OSS,2007,4.81974913891949,3.5040906610957,0.0136118615337368
OSS,2008,5.61163447863456,3.7540592412498,0.00810744527140002
OSS,2009,3.53496599662719,2.07501378807458,0.00490437994556379
OSS,2010,4.42078686516297,2.68342040904412,0.010235794049506
OSS,2011,5.61912304443224,3.74875428063576,0.0191359022601926
OSS,2012,4.97871424255172,3.35363687717559,0.0710880060133728
OSS,2013,3.93315946843499,2.53675291726182,0.0694201935210768
OSS,2014,3.64258751291736,2.11298907332776,0.0291041657390524
OSS,2015,3.759922458004,1.26824588131173,0.00981008979685575
OSS,2016,2.66126540512447,0.839842502127922,0.0129234022963179
OSS,2017,2.7463117636564,0.986735028412977,0.0275496932370056
OSS,2018,3.35790726615221,1.30100447713362,0.00857056488392906
OSS,2019,3.10548562968037,1.12357444192606,0.00390815006602044
OSS,2020,2.3099544028975,0.434665927051639,0.002596696949586
OSS,2021,3.50537298969388,1.17693224265532,0.00381308788644594
OSS,2022,,,
OSS,2023,,,
OSS,2024,,,
OSS,2025,,,
PAK,1960,,,
PAK,1961,,,
PAK,1962,,,
PAK,1963,,,
PAK,1964,,,
PAK,1965,,,
PAK,1966,,,
PAK,1967,,,
PAK,1968,,,
PAK,1969,,,
PAK,1970,0.790603760586441,0.324810705961588,8.3108828019597e-05
PAK,1971,0.83745331750132,0.421186277575956,2.56464028621009e-05
PAK,1972,0.797809183783004,0.389610805520855,9.40651164605789e-06
PAK,1973,1.68084556037637,0.817752430933634,1.38704519097963e-05
PAK,1974,4.70696881072063,3.91098969101427,8.43084729550449e-05
PAK,1975,4.95330318145896,3.73431996247341,6.14945879749975e-05
PAK,1976,4.56845178800803,3.70308522535093,0.0
PAK,1977,5.56539862968078,3.98283274916567,0.000164619991231254
PAK,1978,4.80077820713827,3.55833110476852,0.0
PAK,1979,9.32952124704058,8.68153657339598,0.000120377131918554
PAK,1980,1.466589166468,0.608067628391009,0.0
PAK,1981,0.892090493692171,0.445263335252003,0.0
PAK,1982,0.804194720885462,0.305780402172892,0.000321437684002563
PAK,1983,0.926167538724599,0.37929411711431,0.000314931505744306
PAK,1984,0.740027109128275,0.385273994950384,0.000287753438611751
PAK,1985,1.18197226804322,0.851518487934904,0.000263206509427164
PAK,1986,1.13179976599718,0.471893666903092,0.000240725355725752
PAK,1987,1.23212040443626,0.627546251829285,0.000185476283193441
PAK,1988,0.948200256392376,0.445922508923439,0.000162530690528072
PAK,1989,1.44917698367645,0.722043753242761,0.000129944428349648
PAK,1990,2.11977865414499,1.21484685318654,0.000193009049946444
PAK,1991,1.30092119322708,0.604785838863681,0.0
PAK,1992,1.26072573627742,0.566738014880155,0.0
PAK,1993,1.07963865492736,0.438293443851917,0.0
PAK,1994,1.09863009513407,0.405537823495565,0.0
PAK,1995,1.19498484546787,0.43607956088188,0.00902476026414409
PAK,1996,1.33907944190112,0.521201638149299,0.00325582755942701
PAK,1997,1.25323503313593,0.477123800065846,0.000236151434024263
PAK,1998,1.08308340601535,0.235044426782297,0.000280855238502762
PAK,1999,1.50420162560646,0.410262653806964,0.00112558947147746
PAK,2000,1.83884365392209,0.57523060801743,0.000907732162106178
PAK,2001,1.8560030372484,0.499846315824726,0.000617451896277169
PAK,2002,2.20000712578415,0.55283472801061,0.000203992600147412
PAK,2003,2.18530023268376,0.522591846064124,0.00284708985048098
PAK,2004,2.449015487971,0.661270328742457,0.0187787573912728
PAK,2005,2.89116676059003,0.913653665209943,0.0269832032199071
PAK,2006,2.74227699834054,0.883595451345289,0.0637061164604447
PAK,2007,2.2305726195064,0.947147229187945,0.0685445687144515
PAK,2008,2.30185926464357,1.0846584932923,0.0601804216143809
PAK,2009,1.83964954460087,0.525570260608523,0.0394664036032011
PAK,2010,2.27972757975705,0.72864364053068,0.0838048487510589
PAK,2011,2.615759800493,1.01863575475154,0.084628082913077
PAK,2012,2.56305239816052,1.0633112529615,0.0586323578985086
PAK,2013,2.14619455982111,1.06026413011729,0.0350322922447897
PAK,2014,1.9953468853851,0.93400190583338,0.0236449142756698
PAK,2015,1.22522777965692,0.333804259360431,0.0146417314923489
PAK,2016,0.96533124558749,0.187153081394228,0.0161595876848166
PAK,2017,1.10680683630599,0.300559741011292,0.031041164460673
PAK,2018,1.24123933516406,0.443490416507805,0.0354325651886498
PAK,2019,1.30340484004876,0.358191529536938,0.0399158843301769
PAK,2020,1.12387026995965,0.159470063577414,0.0339876609046548
PAK,2021,1.43561633294011,0.380197434318265,0.0687357166320551
PAK,2022,,,
PAK,2023,,,
PAK,2024,,,
PAK,2025,,,
PAN,1960,,,
PAN,1961,,,
PAN,1962,,,
PAN,1963,,,
PAN,1964,,,
PAN,1965,,,
PAN,1966,,,
PAN,1967,,,
PAN,1968,,,
PAN,1969,,,
PAN,1970,0.296166240462318,,0.0
PAN,1971,0.238289864301265,0.0,0.0
PAN,1972,0.259186877848345,0.0,0.0
PAN,1973,0.377903458492148,0.0,0.0
PAN,1974,0.353023085576698,0.0,0.0
PAN,1975,0.446101060860949,0.0,0.0
PAN,1976,0.419852982215459,0.0,0.0
PAN,1977,0.511896749094136,0.0,0.0
PAN,1978,0.409459419031917,0.0,0.0
PAN,1979,0.411112391112046,0.0,0.0
PAN,1980,0.509247882437339,0.0,0.0
PAN,1981,0.409213695746405,0.0,0.0
PAN,1982,0.650738215778658,0.0,0.0
PAN,1983,0.295184787867097,0.0,0.0
PAN,1984,0.166557253524524,0.0,0.0
PAN,1985,0.123443847569921,0.0,0.0
PAN,1986,0.119525725610993,0.0,0.0
PAN,1987,0.12454318200335,0.0,0.0
PAN,1988,0.129725445882101,0.0,0.0
PAN,1989,0.141060947774201,0.0,0.0
PAN,1990,0.270038517781232,0.0,0.0
PAN,1991,0.270515828891458,0.0,0.0
PAN,1992,0.241444412443813,0.0,0.0
PAN,1993,0.186976705700625,0.0,0.0
PAN,1994,0.190573130158881,0.0,0.0
PAN,1995,0.243858603386048,0.0,0.0
PAN,1996,0.174799664199064,0.0,0.000437662941625484
PAN,1997,0.200201312008784,0.0,0.000660970998005587
PAN,1998,0.150609219935685,0.0,0.0135670379143444
PAN,1999,0.138366747024726,0.0,0.0187911013694576
PAN,2000,0.137185387867812,0.0,0.0236592233139777
PAN,2001,0.124076228094074,0.0,0.00954127696557157
PAN,2002,0.123117307933687,0.0,0.0182154367906796
PAN,2003,0.143856414123735,0.0,0.0357194563606147
PAN,2004,0.160147634592891,0.0,0.0620949478753675
PAN,2005,0.0987195742549029,0.0,0.0
PAN,2006,0.127267314799788,0.0,0.0
PAN,2007,0.117743566419889,0.0,0.0
PAN,2008,0.109519193886937,0.0,0.0
PAN,2009,0.14470191986794,0.0,0.0480656681741952
PAN,2010,0.234720390623527,0.0,0.0653843256716674
PAN,2011,0.269868830701767,0.0,0.140996354046386
PAN,2012,0.260441253310238,0.0,0.152385822639332
PAN,2013,0.216897753935313,0.0148663619351819,0.0832767345132817
PAN,2014,0.231601530644453,0.0277938429371604,0.0714201888989479
PAN,2015,0.138690460109424,0.00371461934835003,0.0300245179063201
PAN,2016,0.131004580785833,0.0045778550895998,0.00926058332457286
PAN,2017,0.124276365709136,0.0,0.0077840509805903
PAN,2018,0.0994393790926708,0.0,0.0
PAN,2019,0.31611229608813,0.0,0.233373966853015
PAN,2020,0.535097865738947,0.0,0.414631791548971
PAN,2021,3.6647948599442,0.0,3.57863766648832
PAN,2022,,,
PAN,2023,,,
PAN,2024,,,
PAN,2025,,,
PER,1960,,,
PER,1961,,,
PER,1962,,,
PER,1963,,,
PER,1964,,,
PER,1965,,,
PER,1966,,,
PER,1967,,,
PER,1968,,,
PER,1969,,,
PER,1970,3.73069204984231,0.150304432391528,3.32621837502462
PER,1971,2.38211552452317,0.189000016187519,1.95494653379678
PER,1972,2.30933647329924,0.207514874595296,1.84356241271768
PER,1973,5.20068086600714,0.338910086839485,4.5107669382337
PER,1974,6.77763476042509,1.64923657903746,4.81048514296586
PER,1975,2.91619652823753,1.21962834802737,1.30096933371837
PER,1976,3.59322453922143,1.47549087952018,1.64491799944426
PER,1977,3.83602332845731,1.63447304759415,1.61700322199612
PER,1978,5.68776522006417,3.45075495157518,1.52585126080142
PER,1979,12.8561183247722,8.86881875190456,3.15503660726783
PER,1980,15.5496502255791,9.91195166574628,4.70933467068829
PER,1981,8.69564679683205,6.82024918127284,1.24683997347595
PER,1982,7.17280594431373,4.13444340824906,2.19330877429386
PER,1983,9.8582255719547,6.2465288224448,2.97860073737828
PER,1984,10.0600182342779,6.57960174250341,3.05403096925748
PER,1985,10.4941683519067,6.71602531992587,3.35568193683492
PER,1986,4.49667856277587,2.94682987318263,1.04358910424867
PER,1987,5.56399950525826,3.1906968263384,1.99440898477938
PER,1988,15.4696081483654,2.76589592812373,12.2636638501283
PER,1989,14.8132168144043,2.65765930840085,11.8607788085804
PER,1990,9.33591696551231,3.13283320915742,5.80076236226393
PER,1991,3.44013922413401,1.17448848618291,1.93566171508258
PER,1992,2.84163070262317,1.2179342533227,1.30194041700513
PER,1993,2.26467553978964,1.30479276893617,0.599117108639097
PER,1994,3.01892940642677,0.994850062611212,1.717499802064
PER,1995,3.19428115750427,0.921671598814834,1.97514179250267
PER,1996,2.80473952192198,1.11407545596255,1.44864014144907
PER,1997,2.59268217140284,0.909550276779091,1.44484838761415
PER,1998,1.33224077596512,0.50318964076563,0.573187967385019
PER,1999,2.05435185498836,0.885131390279513,0.929461603972893
PER,2000,3.00673261080851,1.47089124400805,1.31664311353393
PER,2001,1.87027989928496,1.05261095605344,0.610589038496482
PER,2002,2.00486620297994,1.02180114719449,0.785423835993764
PER,2003,3.0037165322875,1.07774091532319,1.74229444008445
PER,2004,6.234603660457,1.06753835340617,4.98151080514995
PER,2005,7.82322862890974,1.34041583277284,6.27793331682556
PER,2006,13.4308080436867,1.43686129313732,11.7308572426194
PER,2007,14.213314090691,1.30152657637918,12.6076283382483
PER,2008,12.0258973772881,1.51772504698259,10.1907591712367
PER,2009,8.9210124490135,0.697970782680752,7.93313937963605
PER,2010,11.2141792512141,0.792083877152532,10.0296551530023
PER,2011,12.7665949125059,1.03123460325427,11.0671310820787
PER,2012,9.99927931288698,0.846764293465381,8.51955189006804
PER,2013,7.65420483078558,0.697556616786882,6.26699281690755
PER,2014,5.66292821656372,0.701848750280175,4.26013490615039
PER,2015,3.91148648466656,0.235255947792189,3.23811085118362
PER,2016,4.40523816648386,0.125482139363681,3.9330093820778
PER,2017,5.8962563954339,0.183583190148902,5.39664382886919
PER,2018,5.95602611154103,0.309747444730138,5.21656664025148
PER,2019,2.49912146958912,0.262076250939903,1.79031604115199
PER,2020,3.97961448773443,0.104811146749273,3.56025191286865
PER,2021,12.7247082349187,0.249104440244954,12.0963602788012
PER,2022,,,
PER,2023,,,
PER,2024,,,
PER,2025,,,
PHL,1960,,,
PHL,1961,,,
PHL,1962,,,
PHL,1963,,,
PHL,1964,,,
PHL,1965,,,
PHL,1966,,,
PHL,1967,,,
PHL,1968,,,
PHL,1969,,,
PHL,1970,4.12633961425907,,2.50851161957198
PHL,1971,3.68497902553641,0.0,1.97400774849509
PHL,1972,4.082682110153,0.0,1.85149879166867
PHL,1973,6.15626830516728,0.0,2.93988559892996
PHL,1974,4.46093588702571,0.0,2.66169535209078
PHL,1975,3.4892061452877,0.0,1.36588078874579
PHL,1976,3.18969383844306,0.0,1.4301534202044
PHL,1977,3.31567540627858,0.0,1.46929109854824
PHL,1978,2.50192146970321,0.0,1.09807416428963
PHL,1979,4.16852921340345,0.687768091805142,1.81279104284162
PHL,1980,4.18891412062013,0.298025563754551,2.26813123384693
PHL,1981,2.42505457279255,0.114392800953084,1.46462942635407
PHL,1982,2.07273210027528,0.141007790266949,0.992192189115649
PHL,1983,2.5112681810472,0.251796754055236,1.25087907222635
PHL,1984,1.85607252972097,0.2120950352319,0.944821835839025
PHL,1985,1.92701210757033,0.145385262325631,1.09286333532786
PHL,1986,2.04465673075221,0.0831561089283709,1.05033971758682
PHL,1987,2.31616822098576,0.0683466246918075,1.26659983397729
PHL,1988,2.54759186030404,0.0486124862888635,1.70309356268495
PHL,1989,2.18154837884386,0.056637308911101,1.42113501918396
PHL,1990,1.69171115258321,0.0673842755889314,1.0259938422262
PHL,1991,0.915508168360545,0.0236527180965635,0.342084058169227
PHL,1992,0.720713572482038,0.0655855357701965,0.131424773194667
PHL,1993,0.53965209898247,0.0634476756612458,0.0274210501817629
PHL,1994,0.582102556841532,0.0229908401686568,0.10701795823375
PHL,1995,0.790667957806218,0.0122620602147757,0.240408563701015
PHL,1996,0.566314498398356,0.00479879248717541,0.0762164333204843
PHL,1997,0.617866059930157,0.00370343988624245,0.217802377015108
PHL,1998,0.543037780193669,0.002146031953046,0.0971685888359667
PHL,1999,0.350020818173585,0.00374795547372416,0.0854548767009833
PHL,2000,0.464605311146084,0.0104038241654931,0.179542055129519
PHL,2001,0.364822695488848,0.0144915389746712,0.0232209891886189
PHL,2002,0.559004078335385,0.0953215148068828,0.0450919244076249
PHL,2003,0.772663756762627,0.0995952840686412,0.0535752382514208
PHL,2004,0.875871134569893,0.120921357203037,0.146691413304411
PHL,2005,0.891170286368252,0.208173196873912,0.13660780288644
PHL,2006,1.4699734534733,0.189561366939243,0.793818324821909
PHL,2007,2.90665631792163,0.175523561601761,2.18636744030673
PHL,2008,1.52340699760132,0.237100244347381,0.552207672190515
PHL,2009,1.1747398877258,0.157110268663192,0.39337885443272
PHL,2010,2.11755801672482,0.174056441360051,1.32760197579069
PHL,2011,2.84367320905718,0.225427511195249,1.94230442251442
PHL,2012,1.55356736359168,0.158243887624787,0.889194032734756
PHL,2013,1.1859412840883,0.131161173186058,0.631186326114884
PHL,2014,1.5089650931856,0.135190051391655,0.854640449541731
PHL,2015,0.758148274430124,0.0435510310012169,0.30730053305969
PHL,2016,0.661597167675748,0.0331707917845771,0.224446464168332
PHL,2017,0.964596437230551,0.0417218027567957,0.457178741840246
PHL,2018,0.943783444739612,0.0571201423493892,0.452207033546381
PHL,2019,0.78530018741462,0.0343292239111028,0.374179664439701
PHL,2020,0.764112790267085,0.0120548345049257,0.400797063250695
PHL,2021,1.97263339590791,0.0341868982411901,1.52347720385639
PHL,2022,,,
PHL,2023,,,
PHL,2024,,,
PHL,2025,,,
PLW,1960,,,
PLW,1961,,,
PLW,1962,,,
PLW,1963,,,
PLW,1964,,,
PLW,1965,,,
PLW,1966,,,
PLW,1967,,,
PLW,1968,,,
PLW,1969,,,
PLW,1970,,,
PLW,1971,,,
PLW,1972,,,
PLW,1973,,,
PLW,1974,,,
PLW,1975,,,
PLW,1976,,,
PLW,1977,,,
PLW,1978,,,
PLW,1979,,,
PLW,1980,,,
PLW,1981,,,
PLW,1982,,,
PLW,1983,,,
PLW,1984,,,
PLW,1985,,,
PLW,1986,,,
PLW,1987,,,
PLW,1988,,,
PLW,1989,,,
PLW,1990,,,
PLW,1991,,,
PLW,1992,,,
PLW,1993,,,
PLW,1994,,,
PLW,1995,,,
PLW,1996,,,
PLW,1997,,,
PLW,1998,,,
PLW,1999,,,
PLW,2000,0.0,,0.0
PLW,2001,0.0,,0.0
PLW,2002,0.0,,0.0
PLW,2003,0.0,,0.0
PLW,2004,0.0,,0.0
PLW,2005,0.0,,0.0
PLW,2006,0.0,,0.0
PLW,2007,0.0,,0.0
PLW,2008,0.0,,0.0
PLW,2009,0.0,,0.0
PLW,2010,0.0,,0.0
PLW,2011,0.0,,0.0
PLW,2012,0.0,,0.0
PLW,2013,0.0,,0.0
PLW,2014,0.0,,0.0
PLW,2015,0.0,,0.0
PLW,2016,0.0,,0.0
PLW,2017,0.0,,0.0
PLW,2018,0.0,,0.0
PLW,2019,0.0,,0.0
PLW,2020,0.0,,0.0
PLW,2021,0.0,,0.0
PLW,2022,,,
PLW,2023,,,
PLW,2024,,,
PLW,2025,,,
PNG,1960,,,
PNG,1961,,,
PNG,1962,,,
PNG,1963,,,
PNG,1964,,,
PNG,1965,,,
PNG,1966,,,
PNG,1967,,,
PNG,1968,,,
PNG,1969,,,
PNG,1970,1.90820091270164,,0.0
PNG,1971,1.84546489068877,,0.0
PNG,1972,16.7131224688609,,14.3200051333712
PNG,1973,28.2123617458145,,24.8845627417834
PNG,1974,30.571485208406,,27.6157379401918
PNG,1975,20.5404355739123,,16.7021792019931
PNG,1976,19.7305989878801,,15.8316270779181
PNG,1977,19.0498460069848,,14.6150003347217
PNG,1978,18.3631305454108,,14.7687215551994
PNG,1979,22.3521519220003,,17.9406926284168
PNG,1980,25.1506139115283,0.0,19.7456920225018
PNG,1981,20.1296054759951,0.0,16.7948473795242
PNG,1982,19.9372287742569,0.0,14.5792214310405
PNG,1983,20.8523675802419,0.0,16.2826397993182
PNG,1984,15.5144396694103,0.0,12.3599179307786
PNG,1985,21.0178195683985,0.0,17.748898128058
PNG,1986,20.3957401418907,0.0,16.0548124486506
PNG,1987,24.2590852878059,0.0,19.6750647302122
PNG,1988,25.4597675502336,0.0,21.7265971309075
PNG,1989,24.361898734598,0.0,20.2471987479531
PNG,1990,23.014711608676,,18.6714113029593
PNG,1991,18.2529417838879,0.00296488998149099,14.258600885188
PNG,1992,21.1079821473631,5.38860442050228,11.8913381198435
PNG,1993,22.42832098677,10.9428432938506,7.33531607724431
PNG,1994,21.1315448258749,8.08616038106637,8.48990339717761
PNG,1995,26.6836251789136,8.581281596906,11.9915313110296
PNG,1996,20.9580370465991,10.3285381227809,4.98144246019828
PNG,1997,12.6784825145613,6.63547270216546,1.25610938457896
PNG,1998,13.9562495211202,4.33852138425411,4.06500351855718
PNG,1999,17.3650563766783,9.35013445235168,3.4217966175825
PNG,2000,25.7002086888519,15.1343158261002,6.70115973815214
PNG,2001,17.505282726103,10.0494445711599,3.20688773881322
PNG,2002,19.8483010320863,8.30071007566483,6.34162533640631
PNG,2003,22.084810442314,8.5315713263891,7.28731873407792
PNG,2004,28.790794029329,9.98265210787866,14.2698811850806
PNG,2005,31.2020381442888,13.5759956853375,13.8116048148126
PNG,2006,27.4026305651904,9.32165114223731,14.9933922556165
PNG,2007,24.2068320642901,8.10660630103675,12.4080412371666
PNG,2008,25.3611419818964,8.52783686957129,12.7571740548352
PNG,2009,18.9071661714619,4.00467749044639,11.3523437597216
PNG,2010,27.8968249359842,4.61457234233034,19.3279074981138
PNG,2011,26.2680889498874,4.85140837264189,18.184302498514
PNG,2012,15.8152886420978,3.56540758499502,9.76136635013989
PNG,2013,11.6658602971436,3.43617432270382,5.67537595324957
PNG,2014,14.02772535223,4.5168090264406,3.67301579213499
PNG,2015,12.7384528214768,2.27122940050953,1.80609932090663
PNG,2016,14.3368397378808,1.86576642511912,4.79215114126778
PNG,2017,16.0436340949199,2.22581954930201,5.73959585076772
PNG,2018,16.921880825492,2.22689061511957,6.05432021367323
PNG,2019,13.8152037166577,1.5719422304623,3.10580299721339
PNG,2020,11.9417254747487,0.709889074758713,3.03260612895855
PNG,2021,27.3866812481734,1.87502650776602,14.4143020233093
PNG,2022,,,
PNG,2023,,,
PNG,2024,,,
PNG,2025,,,
POL,1960,,,
POL,1961,,,
POL,1962,,,
POL,1963,,,
POL,1964,,,
POL,1965,,,
POL,1966,,,
POL,1967,,,
POL,1968,,,
POL,1969,,,
POL,1970,,,
POL,1971,,,
POL,1972,,,
POL,1973,,,
POL,1974,,,
POL,1975,,,
POL,1976,,,
POL,1977,,,
POL,1978,,,
POL,1979,,,
POL,1980,,,
POL,1981,,,
POL,1982,,,
POL,1983,,,
POL,1984,,,
POL,1985,,,
POL,1986,,,
POL,1987,,,
POL,1988,,,
POL,1989,,,
POL,1990,3.39655197453992,0.0167916861938739,0.79693389813299
POL,1991,2.13956315004938,0.00931764776666933,0.33902400075933
POL,1992,1.7158490482036,0.00977634571042619,0.321865486670951
POL,1993,1.25337859784623,0.0142175417105698,0.21988728670264
POL,1994,0.964498482798245,0.0112970514764707,0.254267650512709
POL,1995,1.12137264225809,0.0111794366658501,0.297396941441831
POL,1996,0.836661886376283,0.0133583590986962,0.146520674852662
POL,1997,0.824176286532763,0.011582347033565,0.200037827929009
POL,1998,0.472405290594329,0.00400105044718496,0.0354032293703151
POL,1999,0.411421201078829,0.0150485769674635,0.0476393920733559
POL,2000,0.607750041899211,0.0465319775920722,0.0999517476893002
POL,2001,0.785713115899639,0.0366402877333744,0.0267289078157238
POL,2002,0.565655329458689,0.0319240191640549,0.0398429496451669
POL,2003,0.598445982092893,0.0369313368575611,0.068706713816381
POL,2004,1.44432044481015,0.0493919088310566,0.252318994724823
POL,2005,1.16882023675091,0.0578824280780389,0.247813318777778
POL,2006,1.60097843809302,0.0615454869644112,0.669973554959384
POL,2007,1.36253196224239,0.0473205232861409,0.526459344144956
POL,2008,2.04775399554984,0.0547816525517377,0.219832483954782
POL,2009,1.14376244780615,0.031855529279931,0.271224676622494
POL,2010,4.33027218366267,0.0346450541991475,3.17198497662298
POL,2011,5.71416347861788,0.0482151843545218,4.37124896430969
POL,2012,3.79887246755542,0.0514476768766974,2.89873329769576
POL,2013,3.33330904653522,0.0680195690834472,2.70431361734348
POL,2014,3.15767703778128,0.0603215388253716,2.62502368445316
POL,2015,1.29098319489632,0.0284289039455379,0.81007907162443
POL,2016,2.02624729962296,0.0235512516028107,1.54343025569143
POL,2017,3.06146096477289,0.0316721725753569,2.47757599523073
POL,2018,2.71315064903734,0.0456118701886835,2.13240117252765
POL,2019,0.671601200907606,0.0402025974033284,0.20798158904431
POL,2020,0.535468929487005,0.0207199460419149,0.162961120137964
POL,2021,1.03024380772929,0.0413524772617714,0.478472019710133
POL,2022,,,
POL,2023,,,
POL,2024,,,
POL,2025,,,
PRE,1960,,,
PRE,1961,,,
PRE,1962,,,
PRE,1963,,,
PRE,1964,,,
PRE,1965,,,
PRE,1966,,,
PRE,1967,,,
PRE,1968,,,
PRE,1969,,,
PRE,1970,5.50867287165021,,3.03121335953727
PRE,1971,7.04714580225432,2.67804292961665,2.05245534480397
PRE,1972,6.98606855770642,2.93242849233506,1.74241540986086
PRE,1973,10.5512726346981,4.2606062960235,3.23446127121934
PRE,1974,26.392982687195,21.2415858277477,2.7415280470751
PRE,1975,21.3616725565483,17.5659453953849,0.981708706071965
PRE,1976,20.5852904111837,17.3101054996268,0.959810583648532
PRE,1977,21.872814766467,17.602599173278,0.847914550966947
PRE,1978,19.1668330935322,15.3804026395575,0.50664034249943
PRE,1979,3.3785617640651,,0.725904794834075
PRE,1980,26.3832994532732,22.9941810120105,0.6714732495535
PRE,1981,8.3631517239525,6.34339334667778,0.323213054508592
PRE,1982,6.86064819333723,4.26273383254162,0.234315777719987
PRE,1983,9.26738098073054,6.78171304486732,0.369679189005001
PRE,1984,11.5861988084179,9.17838758944991,0.288306241747045
PRE,1985,12.6944808015501,10.6828588771341,0.308402351453012
PRE,1986,8.37057204285786,5.18408958868362,0.466310166289758
PRE,1987,11.6722128741864,8.66646709889841,0.515201290109549
PRE,1988,11.5573155629765,7.97890761571284,0.860377114113518
PRE,1989,17.2806286012619,13.4382004193756,0.995345406300525
PRE,1990,11.8147951601725,9.09543535487258,0.484763408965757
PRE,1991,9.75701678242459,5.35525063307065,0.388273895245608
PRE,1992,13.1303740003074,7.54181774349734,0.396347962315752
PRE,1993,16.8302840165788,11.225601891913,0.287515631007987
PRE,1994,17.7165317158363,11.1653092711609,0.259255148524607
PRE,1995,17.8344455430876,10.834983035915,0.115189957958979
PRE,1996,18.0398256174961,11.9755736863641,0.114239130051575
PRE,1997,16.4688881657818,11.2535884662301,0.103822989816241
PRE,1998,11.8502797586092,6.69661857336684,0.0902362681069204
PRE,1999,13.9872640826555,10.2407570715872,0.123527145815341
PRE,2000,21.667382827489,18.1869451780207,0.138227570118122
PRE,2001,17.6197812815311,13.9790920935796,0.175442286318233
PRE,2002,15.2494024026654,11.5665713600967,0.18017423736827
PRE,2003,15.2550876707211,10.228940157364,0.134903858544864
PRE,2004,18.0388144201654,14.3732181180427,0.21287467803351
PRE,2005,22.1303152712377,18.8743967136713,0.329526239031269
PRE,2006,21.8902722515477,18.6140112752985,0.634745991253898
PRE,2007,21.784323606887,18.1070634816169,0.629009241846588
PRE,2008,25.4958135398531,21.9044923544667,0.560786543706283
PRE,2009,16.0905658331668,12.4336742403802,0.548084289866715
PRE,2010,19.3047607673643,15.911798726683,0.805514194737669
PRE,2011,23.7101842395354,19.9180742020572,1.03298955807731
PRE,2012,21.7792085697048,18.0626738672756,0.845872167141282
PRE,2013,18.579952475387,15.1503148232417,0.694196951274471
PRE,2014,16.109813210359,12.7833818169927,0.524069378633484
PRE,2015,10.9453827926266,7.25833432160331,0.372387587838321
PRE,2016,11.2870047568591,7.05096999515924,0.50591321168235
PRE,2017,14.4088500894275,10.0149617068135,0.710865762510412
PRE,2018,16.6052374557419,13.0615141683939,0.694263859621283
PRE,2019,13.4286056225943,10.591938980334,0.383220363368072
PRE,2020,9.08284688076964,5.80048903842849,0.625284590899553
PRE,2021,15.4422779108095,10.0492599598017,2.42841157845098
PRE,2022,,,
PRE,2023,,,
PRE,2024,,,
PRE,2025,,,
PRI,1960,,,
PRI,1961,,,
PRI,1962,,,
PRI,1963,,,
PRI,1964,,,
PRI,1965,,,
PRI,1966,,,
PRI,1967,,,
PRI,1968,,,
PRI,1969,,,
PRI,1970,0.0,,0.0
PRI,1971,0.0,,0.0
PRI,1972,0.0,,0.0
PRI,1973,0.0,,0.0
PRI,1974,0.0,,0.0
PRI,1975,0.0,,0.0
PRI,1976,0.0,,0.0
PRI,1977,0.0,,0.0
PRI,1978,0.0,,0.0
PRI,1979,0.0,,0.0
PRI,1980,0.0,0.0,0.0
PRI,1981,0.0,0.0,0.0
PRI,1982,0.0,0.0,0.0
PRI,1983,0.0,0.0,0.0
PRI,1984,0.0,0.0,0.0
PRI,1985,0.0,0.0,0.0
PRI,1986,0.0,0.0,0.0
PRI,1987,0.0,0.0,0.0
PRI,1988,0.0,0.0,0.0
PRI,1989,0.0,0.0,0.0
PRI,1990,0.0,0.0,0.0
PRI,1991,0.0,0.0,0.0
PRI,1992,0.0,0.0,0.0
PRI,1993,0.0,0.0,0.0
PRI,1994,0.0,0.0,0.0
PRI,1995,0.0,0.0,0.0
PRI,1996,0.0,0.0,0.0
PRI,1997,0.0,0.0,0.0
PRI,1998,0.0,0.0,0.0
PRI,1999,0.0,0.0,0.0
PRI,2000,0.0,0.0,0.0
PRI,2001,0.0,0.0,0.0
PRI,2002,0.0,0.0,0.0
PRI,2003,0.0,0.0,0.0
PRI,2004,0.0,0.0,0.0
PRI,2005,0.0,0.0,0.0
PRI,2006,0.0,0.0,0.0
PRI,2007,0.0,0.0,0.0
PRI,2008,0.0,0.0,0.0
PRI,2009,0.0,0.0,0.0
PRI,2010,0.0,0.0,0.0
PRI,2011,0.0,0.0,0.0
PRI,2012,0.0,0.0,0.0
PRI,2013,0.0,0.0,0.0
PRI,2014,0.0,0.0,0.0
PRI,2015,0.0,0.0,0.0
PRI,2016,0.0,0.0,0.0
PRI,2017,0.0,0.0,0.0
PRI,2018,0.0,0.0,0.0
PRI,2019,0.0,0.0,0.0
PRI,2020,0.0,0.0,0.0
PRI,2021,0.0,0.0,0.0
PRI,2022,,,
PRI,2023,,,
PRI,2024,,,
PRI,2025,,,
PRK,1960,,,
PRK,1961,,,
PRK,1962,,,
PRK,1963,,,
PRK,1964,,,
PRK,1965,,,
PRK,1966,,,
PRK,1967,,,
PRK,1968,,,
PRK,1969,,,
PRK,1970,,,
PRK,1971,,,
PRK,1972,,,
PRK,1973,,,
PRK,1974,,,
PRK,1975,,,
PRK,1976,,,
PRK,1977,,,
PRK,1978,,,
PRK,1979,,,
PRK,1980,,,
PRK,1981,,,
PRK,1982,,,
PRK,1983,,,
PRK,1984,,,
PRK,1985,,,
PRK,1986,,,
PRK,1987,,,
PRK,1988,,,
PRK,1989,,,
PRK,1990,,,
PRK,1991,,,
PRK,1992,,,
PRK,1993,,,
PRK,1994,,,
PRK,1995,,,
PRK,1996,,,
PRK,1997,,,
PRK,1998,,,
PRK,1999,,,
PRK,2000,,,
PRK,2001,,,
PRK,2002,,,
PRK,2003,,,
PRK,2004,,,
PRK,2005,,,
PRK,2006,,,
PRK,2007,,,
PRK,2008,,,
PRK,2009,,,
PRK,2010,,,
PRK,2011,,,
PRK,2012,,,
PRK,2013,,,
PRK,2014,,,
PRK,2015,,,
PRK,2016,,,
PRK,2017,,,
PRK,2018,,,
PRK,2019,,,
PRK,2020,,,
PRK,2021,,,
PRK,2022,,,
PRK,2023,,,
PRK,2024,,,
PRK,2025,,,
PRT,1960,,,
PRT,1961,,,
PRT,1962,,,
PRT,1963,,,
PRT,1964,,,
PRT,1965,,,
PRT,1966,,,
PRT,1967,,,
PRT,1968,,,
PRT,1969,,,
PRT,1970,0.402078534597682,,0.0399517364838647
PRT,1971,0.338839663058718,0.0,0.0208046879772717
PRT,1972,0.352387204589981,0.0,0.0140210417187354
PRT,1973,0.428577784471517,0.0,0.0274036862578751
PRT,1974,0.417738450345352,0.0,0.0266379357642876
PRT,1975,0.464422695654828,0.0,0.00266171989377958
PRT,1976,0.433118757310074,0.0,0.00521802646269682
PRT,1977,0.387677065550786,0.0,0.00584682940246287
PRT,1978,0.523981647259251,0.0,0.00466886822072217
PRT,1979,0.57338292474762,0.0,0.0131213612569854
PRT,1980,0.514268960153663,0.0,0.0220487674292267
PRT,1981,0.368295345847844,0.0,0.00970860110414609
PRT,1982,0.390147491660045,0.0,0.00575451657025999
PRT,1983,0.432050882916485,0.0,0.00705407256160485
PRT,1984,0.393938156780298,0.0,0.00532408493857194
PRT,1985,0.449473072962573,0.0,0.00339058450437451
PRT,1986,0.389874207079794,0.0,0.00266927409183668
PRT,1987,0.31592797206491,0.0,0.003413857805573
PRT,1988,0.294749259344241,0.0,0.00791151364864367
PRT,1989,0.441925309843158,0.0,0.136499007133506
PRT,1990,0.353535880722632,0.0,0.107605594947688
PRT,1991,0.347835779409533,0.0,0.168816819465569
PRT,1992,0.240130077310568,0.0,0.0906687717241937
PRT,1993,0.247523198874665,0.0,0.0562126111441144
PRT,1994,0.275050958251768,0.0,0.108061506409483
PRT,1995,0.283476976163833,0.0,0.137154225905906
PRT,1996,0.176788595247803,0.0,0.0337399478647583
PRT,1997,0.152173553464931,0.0,0.0325356913836486
PRT,1998,0.108050728456992,0.0,0.0021525853458033
PRT,1999,0.105493667840588,0.0,0.000113860293360124
PRT,2000,0.149104429691798,0.0,9.29800904584882e-05
PRT,2001,0.114793187807955,0.0,6.2778316128355e-05
PRT,2002,0.116829503783309,0.0,0.00305921910596489
PRT,2003,0.113795339898129,0.0,0.00189530067732062
PRT,2004,0.150870867227772,0.0,0.0631841049909197
PRT,2005,0.164403580588561,0.000112305781976638,0.0783796817233359
PRT,2006,0.282892334825025,0.00980260164171109,0.173939269920172
PRT,2007,0.276602758813046,0.0132250729170734,0.152062903042972
PRT,2008,0.240482694574169,0.0298507363601294,0.0995334743836983
PRT,2009,0.110113966795685,0.0046028735659451,0.00013389911983629
PRT,2010,0.219238742769667,0.0338886834591529,0.0831733856715242
PRT,2011,0.244908396407978,0.0714397773870135,0.05476206902385
PRT,2012,0.259819202336753,0.0566415168053355,0.0711150488978263
PRT,2013,0.196206023994317,0.0588929000862641,0.0190720361169187
PRT,2014,0.204731493524196,0.0587105859995099,0.00832930018983712
PRT,2015,0.159709580402046,0.0246227517816,0.000847835964320181
PRT,2016,0.158382699146323,0.0185088381110048,2.168013492456e-05
PRT,2017,0.191626691576631,0.0283872427651081,0.0366736287171655
PRT,2018,0.240667367524237,0.0422964969836641,0.0647975359912921
PRT,2019,0.221431953517005,0.0375136266059601,0.0788030936562003
PRT,2020,0.200282467054982,0.023939484713493,0.0808489875825121
PRT,2021,0.291415692065373,0.0518131827535177,0.148671649451181
PRT,2022,,,
PRT,2023,,,
PRT,2024,,,
PRT,2025,,,
PRY,1960,,,
PRY,1961,,,
PRY,1962,,,
PRY,1963,,,
PRY,1964,,,
PRY,1965,,,
PRY,1966,,,
PRY,1967,,,
PRY,1968,,,
PRY,1969,,,
PRY,1970,2.21625938792502,,0.0
PRY,1971,1.92757812584444,0.0,0.0
PRY,1972,1.88205383230075,0.0,0.0
PRY,1973,2.65514128609806,0.0,0.0
PRY,1974,2.24323292392818,0.0,0.0
PRY,1975,3.07991424860286,0.0,0.0
PRY,1976,2.25922942783651,0.0,0.0
PRY,1977,2.71973088995866,0.0,0.0
PRY,1978,2.88230504610329,0.0,0.0
PRY,1979,3.6253089058354,0.0,0.0
PRY,1980,3.15119242612141,0.0,0.0
PRY,1981,2.35408506285109,0.0,0.0
PRY,1982,3.28216809148719,0.0,0.0
PRY,1983,2.10422574969908,0.0,0.0
PRY,1984,1.82797912330096,0.0,0.0
PRY,1985,2.52489039990134,0.0,0.0
PRY,1986,3.051943031492,0.0,0.0
PRY,1987,3.4696285924182,0.0,0.0
PRY,1988,2.80975350822624,0.0,0.0
PRY,1989,3.11665484835302,0.0,0.0
PRY,1990,2.70185516463716,0.0,0.0
PRY,1991,2.37235297949305,0.0,0.0
PRY,1992,2.58028051902425,0.0,0.0
PRY,1993,2.65203801608256,0.0,0.0
PRY,1994,2.2446170941753,0.0,0.0
PRY,1995,2.63965820175389,0.0,0.0
PRY,1996,2.22608401252279,0.0,0.0
PRY,1997,2.01417230058798,0.0,0.0
PRY,1998,1.90038248473524,0.0,0.0
PRY,1999,1.75811595698581,0.0,0.0
PRY,2000,1.46125820906746,0.00338523670831026,0.0
PRY,2001,1.60887106842193,0.00129659487206078,0.0
PRY,2002,2.06807979138211,0.00163517598419678,0.0
PRY,2003,2.14219181665103,0.0016823879677269,0.0
PRY,2004,1.64919367692685,0.00885714488141932,0.0
PRY,2005,1.6488717465954,0.0721023170796774,0.0
PRY,2006,1.92110670134396,0.093411156274331,0.0
PRY,2007,1.74879846359446,0.101460877412438,0.0
PRY,2008,1.53670993415519,0.157606646082066,0.0
PRY,2009,1.62701325231846,0.111570934639677,0.0
PRY,2010,2.08299287196264,0.143936547562155,0.0
PRY,2011,1.67187532266737,0.198340645226439,0.0
PRY,2012,1.69034010085165,0.21578841647676,0.0
PRY,2013,1.6980914846184,0.191256763032491,0.0
PRY,2014,1.68579710915118,0.179139183622576,0.0
PRY,2015,1.69931574477657,0.102441199876795,0.0
PRY,2016,1.89364402448299,0.0771925125540579,0.0
PRY,2017,1.68483913659766,0.0454333185625002,0.0
PRY,2018,1.51126155574886,0.0698851710974406,0.0
PRY,2019,1.37779411178328,0.0593329259382367,0.0
PRY,2020,1.68263325547904,0.0299623174238903,0.0
PRY,2021,1.34701587848651,0.0729632593043703,0.0
PRY,2022,,,
PRY,2023,,,
PRY,2024,,,
PRY,2025,,,
PSE,1960,,,
PSE,1961,,,
PSE,1962,,,
PSE,1963,,,
PSE,1964,,,
PSE,1965,,,
PSE,1966,,,
PSE,1967,,,
PSE,1968,,,
PSE,1969,,,
PSE,1970,,,
PSE,1971,,,
PSE,1972,,,
PSE,1973,,,
PSE,1974,,,
PSE,1975,,,
PSE,1976,,,
PSE,1977,,,
PSE,1978,,,
PSE,1979,,,
PSE,1980,,,
PSE,1981,,,
PSE,1982,,,
PSE,1983,,,
PSE,1984,,,
PSE,1985,,,
PSE,1986,,,
PSE,1987,,,
PSE,1988,,,
PSE,1989,,,
PSE,1990,,,
PSE,1991,,,
PSE,1992,,,
PSE,1993,,,
PSE,1994,0.0,,0.0
PSE,1995,0.0,,0.0
PSE,1996,0.0,,0.0
PSE,1997,0.0,0.0,0.0
PSE,1998,0.0,0.0,0.0
PSE,1999,0.0,0.0,0.0
PSE,2000,0.0,0.0,0.0
PSE,2001,0.0,0.0,0.0
PSE,2002,0.0,0.0,0.0
PSE,2003,0.0,0.0,0.0
PSE,2004,0.0,0.0,0.0
PSE,2005,0.0,0.0,0.0
PSE,2006,0.0,0.0,0.0
PSE,2007,0.0,0.0,0.0
PSE,2008,0.0,0.0,0.0
PSE,2009,0.0,0.0,0.0
PSE,2010,0.0,0.0,0.0
PSE,2011,0.0,0.0,0.0
PSE,2012,0.0,0.0,0.0
PSE,2013,0.0,0.0,0.0
PSE,2014,0.0,0.0,0.0
PSE,2015,0.0,0.0,0.0
PSE,2016,0.0,0.0,0.0
PSE,2017,0.0,0.0,0.0
PSE,2018,0.0,0.0,0.0
PSE,2019,0.0,0.0,0.0
PSE,2020,0.0,0.0,0.0
PSE,2021,0.0,0.0,0.0
PSE,2022,,,
PSE,2023,,,
PSE,2024,,,
PSE,2025,,,
PSS,1960,,,
PSS,1961,,,
PSS,1962,,,
PSS,1963,,,
PSS,1964,,,
PSS,1965,,,
PSS,1966,,,
PSS,1967,,,
PSS,1968,,,
PSS,1969,,,
PSS,1970,0.32516901829987,,0.0
PSS,1971,1.10198993746494,,0.0
PSS,1972,1.26218285765423,,0.0
PSS,1973,2.00116228240586,,0.28591323520843
PSS,1974,1.66740810549385,,0.607429963331355
PSS,1975,1.55597681273885,,0.442568178543942
PSS,1976,1.18715015883285,,0.127468470452047
PSS,1977,1.40167715107055,,0.170890909989866
PSS,1978,1.12959687488347,,0.156849670845888
PSS,1979,1.67346312012608,,0.34125357344278
PSS,1980,2.14932754581225,0.0,0.719814228730307
PSS,1981,1.59896635094166,0.0,0.556674715915603
PSS,1982,2.34014412258888,0.0,0.566018147923023
PSS,1983,2.24363943255959,0.0,0.622889506612856
PSS,1984,1.66186322774578,0.0,0.587365156671469
PSS,1985,1.87473602591645,0.0,0.721425832322685
PSS,1986,2.16311985556698,0.0,0.933514631573414
PSS,1987,2.68464804217919,0.0,1.26530195939708
PSS,1988,2.5114009904992,0.0,1.21440271170368
PSS,1989,2.56000334204758,0.0,1.2103138616341
PSS,1990,2.34019277839815,0.0,1.01604934890078
PSS,1991,1.52456747866668,0.0,0.4242159827749
PSS,1992,1.85630452878969,0.0,0.325590382385394
PSS,1993,2.06501537220746,0.0,0.345835976895594
PSS,1994,2.0137274636827,0.0,0.383747722610566
PSS,1995,2.15904152293412,0.0,0.327725510212212
PSS,1996,2.22367472691773,0.0,0.296062105231576
PSS,1997,1.56940126981036,0.0,0.240861847268005
PSS,1998,1.73603247082924,0.0,0.306228113643695
PSS,1999,1.45253656615401,0.0,0.383157035807354
PSS,2000,1.27801526672536,0.0,0.253945422554145
PSS,2001,1.31638944838935,0.0,0.23514390697545
PSS,2002,1.3194290773122,0.0,0.275418741995676
PSS,2003,1.63535613694515,0.0,0.261168775655212
PSS,2004,1.29735082211561,0.0,0.292504658901527
PSS,2005,1.5197992900494,0.0,0.27450692935677
PSS,2006,1.77668581398657,0.0,0.274777029281388
PSS,2007,2.34869159011089,0.0,0.119097895524283
PSS,2008,2.77457516191057,0.0,0.137149469419123
PSS,2009,2.43982144722922,0.0,0.268245517650432
PSS,2010,3.30810773348062,0.0,0.55869239460201
PSS,2011,3.82539673531447,0.0,1.15100706172832
PSS,2012,4.10441527060684,0.0,1.27463754592419
PSS,2013,3.44402492775966,0.0,0.647059401662204
PSS,2014,3.71524720012848,0.0,0.399143539442386
PSS,2015,3.03661727617042,0.0,0.196235111239904
PSS,2016,2.70147362848,0.0,0.212906220888846
PSS,2017,4.05687770338215,0.0,0.42067569717294
PSS,2018,4.03522823401304,0.0,0.405951622659153
PSS,2019,3.56970793042069,0.0,0.157271830768796
PSS,2020,3.91478914259869,0.0,0.21748994196486
PSS,2021,4.11104793329081,0.0,0.495518022336605
PSS,2022,,,
PSS,2023,,,
PSS,2024,,,
PSS,2025,,,
PST,1960,,,
PST,1961,,,
PST,1962,,,
PST,1963,,,
PST,1964,,,
PST,1965,,,
PST,1966,,,
PST,1967,,,
PST,1968,,,
PST,1969,,,
PST,1970,0.538829401722253,0.159991684520409,0.176347692753305
PST,1971,0.515872425229989,0.175328726393426,0.119438677651412
PST,1972,0.525096207431556,0.185781850139817,0.106207755366015
PST,1973,0.660514027202361,0.175976563398988,0.190367301737117
PST,1974,1.82517319549018,0.768892341743846,0.258390843221486
PST,1975,1.80327583269801,0.708833080897911,0.148446321242122
PST,1976,1.80713102772577,0.730849934500844,0.13388762381619
PST,1977,1.75682370826452,0.748886349201509,0.133325681558406
PST,1978,1.44693010670527,0.671582940732928,0.0687042901083426
PST,1979,2.55271237750934,1.2651902988535,0.101064482571881
PST,1980,2.78753804021633,1.48991805863575,0.119619339434732
PST,1981,2.26333227803999,1.13359286621721,0.0871817801767905
PST,1982,1.51427084494172,0.736056260971181,0.0688732201609
PST,1983,1.69566692524013,0.941075143617105,0.0659619460828449
PST,1984,1.59770714665698,0.880120277559118,0.0610372736829973
PST,1985,1.51196859091173,0.864179209154661,0.0596227698107896
PST,1986,0.620672588171701,0.29910550352513,0.0379450367298501
PST,1987,0.717945923589479,0.401754310348891,0.0448637136554038
PST,1988,0.615657632337114,0.250715320923959,0.133092282616794
PST,1989,0.692867510868663,0.3353878549365,0.0927618491830987
PST,1990,0.762872337263559,0.418945121229591,0.0656052771862791
PST,1991,0.526850448393176,0.254807755885056,0.0500855231226032
PST,1992,0.524961761370939,0.24481294007773,0.0536654940620719
PST,1993,0.519558364674927,0.216928141765505,0.0369437056418681
PST,1994,0.455231200987086,0.192070905975725,0.0416767511533139
PST,1995,0.473638489726425,0.191668540149101,0.0455662093132557
PST,1996,0.598492990899361,0.253495387576704,0.0370342575361788
PST,1997,0.541699283203912,0.179723663571591,0.034323752272748
PST,1998,0.33372542375359,0.065004618791663,0.0309879548080057
PST,1999,0.426542493502766,0.156695170256039,0.0260976510969107
PST,2000,0.810322952772186,0.327100083128837,0.0276652588733707
PST,2001,0.710184072278421,0.212815169711935,0.0248863188210227
PST,2002,0.575513191987002,0.216571334369865,0.0222986946082527
PST,2003,0.726277431540659,0.233170513763796,0.0217771301668064
PST,2004,0.837444869768501,0.286808234124917,0.0350994651439877
PST,2005,1.04094372288809,0.365897183387448,0.0636714883957941
PST,2006,0.927376652442168,0.373023708829272,0.113814523631706
PST,2007,0.927699235787275,0.367535134956156,0.169364395925755
PST,2008,1.43566960899185,0.502862814443538,0.180489262234986
PST,2009,0.661739339906892,0.262851325896318,0.093676701105869
PST,2010,0.893738427176944,0.292084755439961,0.239487151541632
PST,2011,1.11792359462776,0.382658615514815,0.295673837393713
PST,2012,0.793431295114368,0.275175136051026,0.198171194414387
PST,2013,0.771751805874969,0.303789154965368,0.198127772292986
PST,2014,0.681308672844224,0.283377622737751,0.14857623473545
PST,2015,0.328709216343875,0.0648945358014503,0.0819761881292942
PST,2016,0.355158963380241,0.0991272437003967,0.0982538474464526
PST,2017,0.489184795132459,0.158946475295471,0.127703684793493
PST,2018,0.625076104487973,0.276109283114298,0.112447715280483
PST,2019,0.600556584483753,0.290878955991983,0.120366584761577
PST,2020,0.440530264368094,0.154953583517485,0.142578176627954
PST,2021,1.31000186839674,0.459213284836558,0.416531931253432
PST,2022,,,
PST,2023,,,
PST,2024,,,
PST,2025,,,
PYF,1960,,,
PYF,1961,,,
PYF,1962,,,
PYF,1963,,,
PYF,1964,,,
PYF,1965,,,
PYF,1966,,,
PYF,1967,,,
PYF,1968,,,
PYF,1969,,,
PYF,1970,0.002302418711271,,0.0
PYF,1971,0.00147594326951785,,0.0
PYF,1972,0.00189468814813462,,0.0
PYF,1973,0.00387788768459094,,0.0
PYF,1974,0.00264038397432275,,0.0
PYF,1975,0.00207851909573032,,0.0
PYF,1976,0.00243122476671923,,0.0
PYF,1977,0.00321931886941871,,0.0
PYF,1978,0.00201266120253367,,0.0
PYF,1979,0.00230731392411562,,0.0
PYF,1980,0.00239254002938117,0.0,0.0
PYF,1981,0.0016323780049432,0.0,0.0
PYF,1982,0.00144907966806429,0.0,0.0
PYF,1983,0.00144621166216502,0.0,0.0
PYF,1984,0.00109548682714437,0.0,0.0
PYF,1985,0.00100431583005806,0.0,0.0
PYF,1986,0.00107548353217361,0.0,0.0
PYF,1987,0.000907871817767834,0.0,0.0
PYF,1988,0.0009144642286684,0.0,0.0
PYF,1989,0.000933424391674056,0.0,0.0
PYF,1990,0.000781607022911922,0.0,0.0
PYF,1991,0.000873772607728755,0.0,0.0
PYF,1992,0.00111205893824746,0.0,0.0
PYF,1993,0.000955097471011598,0.0,0.0
PYF,1994,0.00125238169055411,0.0,0.0
PYF,1995,0.0018480469928257,0.0,0.0
PYF,1996,0.00199947194238976,0.0,0.0
PYF,1997,0.00197219152700706,0.0,0.0
PYF,1998,0.00156847900287844,0.0,0.0
PYF,1999,0.000852016194534836,0.0,0.0
PYF,2000,0.000923405568411174,0.0,0.0
PYF,2001,0.00109973288513005,0.0,0.0
PYF,2002,0.00112832300291278,0.0,0.0
PYF,2003,0.00134212901664791,0.0,0.0
PYF,2004,0.00134167927665698,0.0,0.0
PYF,2005,0.00161049592795588,0.0,0.0
PYF,2006,0.00198941880824569,0.0,0.0
PYF,2007,0.00251149008152981,0.0,0.0
PYF,2008,0.00342826908429782,0.0,0.0
PYF,2009,0.00338024749046429,0.0,0.0
PYF,2010,0.00376946842807292,0.0,0.0
PYF,2011,0.00445979228108619,0.0,0.0
PYF,2012,0.00440591554696973,0.0,0.0
PYF,2013,0.00393738902973948,0.0,0.0
PYF,2014,0.00535731271800958,0.0,0.0
PYF,2015,0.00480407187747372,0.0,0.0
PYF,2016,0.00509988947957939,0.0,0.0
PYF,2017,0.00585109251958065,0.0,0.0
PYF,2018,0.00356522146444518,0.0,0.0
PYF,2019,0.0033458094981088,0.0,0.0
PYF,2020,0.0040573140478639,0.0,0.0
PYF,2021,0.00357012625688161,0.0,0.0
PYF,2022,,,
PYF,2023,,,
PYF,2024,,,
PYF,2025,,,
QAT,1960,,,
QAT,1961,,,
QAT,1962,,,
QAT,1963,,,
QAT,1964,,,
QAT,1965,,,
QAT,1966,,,
QAT,1967,,,
QAT,1968,,,
QAT,1969,,,
QAT,1970,37.4696829951354,35.3251136581002,0.0
QAT,1971,46.3906025430646,44.7741117017585,0.0
QAT,1972,50.8532986131429,49.251510260831,0.0
QAT,1973,58.6820256163359,57.1917107418153,0.0
QAT,1974,74.8734152319438,74.4411307327222,0.0
QAT,1975,63.7231074699633,62.4964158962862,0.0
QAT,1976,58.6718339714033,58.1535293042443,0.0
QAT,1977,49.5959251128115,48.7792804025432,0.0
QAT,1978,49.6054468385898,48.8013379079207,0.0
QAT,1979,87.0500370706523,84.3541829203139,0.0
QAT,1980,69.6727254744178,67.7107851315441,0.0
QAT,1981,48.4259713999691,47.0368951632638,0.0
QAT,1982,35.9420824483227,35.2293531320697,0.0
QAT,1983,38.7640718632537,36.1362132278585,0.0
QAT,1984,51.9947044816644,49.4302385895143,0.0
QAT,1985,39.4325945733056,36.9529767218709,0.0
QAT,1986,26.3239238919461,22.8930495726225,0.0
QAT,1987,30.2869309450601,27.5796827056572,0.0
QAT,1988,27.3457161147685,24.7421614619954,0.0
QAT,1989,38.7060914550314,36.1993936981514,0.0
QAT,1990,51.1563710851958,48.6558768141096,0.0
QAT,1991,30.947600992743,27.8476783265963,0.0
QAT,1992,31.0430464352945,28.2611526136542,0.0
QAT,1993,31.0679845701832,27.8285185550461,0.0
QAT,1994,31.3030814660206,27.8536283294125,0.0
QAT,1995,30.3700282846225,26.8649643256338,0.0
QAT,1996,40.4522254159196,36.8699208406966,0.0
QAT,1997,38.1292391146277,33.9039217305219,0.0
QAT,1998,31.7112212236269,26.4784043103748,0.0
QAT,1999,38.3017177527763,32.8896055971835,0.0
QAT,2000,46.571294588063,40.7661397416806,0.0
QAT,2001,42.0793085562037,34.9268648116195,0.0
QAT,2002,37.9053779549672,31.8348108510858,0.0
QAT,2003,39.0219328822431,33.8929726986092,0.0
QAT,2004,39.9025622867651,34.825040164201,0.0
QAT,2005,43.620803037963,38.1771562134119,0.0
QAT,2006,39.1119310588412,34.1520126219521,0.0
QAT,2007,35.6959140693704,30.8003611618771,0.0
QAT,2008,36.928035954367,32.6040710093919,0.0
QAT,2009,29.0898330327173,23.0165618959946,0.0
QAT,2010,32.4299374160987,26.6026039782648,0.0
QAT,2011,36.7182426077088,29.9468705202351,0.0
QAT,2012,35.1062400831471,28.3389822463275,0.0
QAT,2013,32.063390113225,25.3595869913171,0.0
QAT,2014,27.6978144663127,21.5388184142326,0.0
QAT,2015,19.0641343344092,13.0300594635573,0.0
QAT,2016,15.9817678598717,11.1615579117458,0.0
QAT,2017,18.8986723864413,13.5394624768111,0.0
QAT,2018,23.9995278669173,16.2911609453974,0.0
QAT,2019,22.3739866660968,14.5084244384971,0.0
QAT,2020,20.2259593186526,10.5957303632833,0.0
QAT,2021,27.2897873992471,15.2784667126988,0.0
QAT,2022,,,
QAT,2023,,,
QAT,2024,,,
QAT,2025,,,
ROU,1960,,,
ROU,1961,,,
ROU,1962,,,
ROU,1963,,,
ROU,1964,,,
ROU,1965,,,
ROU,1966,,,
ROU,1967,,,
ROU,1968,,,
ROU,1969,,,
ROU,1970,,,
ROU,1971,,,
ROU,1972,,,
ROU,1973,,,
ROU,1974,,,
ROU,1975,,,
ROU,1976,,,
ROU,1977,,,
ROU,1978,,,
ROU,1979,,,
ROU,1980,,,
ROU,1981,,,
ROU,1982,,,
ROU,1983,,,
ROU,1984,,,
ROU,1985,,,
ROU,1986,,,
ROU,1987,4.37344170708416,1.83104061867374,0.170503998193169
ROU,1988,3.63116548771508,1.18170353093632,0.244047017621674
ROU,1989,3.8894684973646,1.70639084452163,0.299105639770177
ROU,1990,4.64557648417955,2.29357782835182,0.191097642674988
ROU,1991,3.57616353248063,1.28822981550087,0.139815007350365
ROU,1992,3.8633729309159,1.56374472534785,0.303363747601095
ROU,1993,3.69409596054371,1.40427200203448,0.205075593211945
ROU,1994,2.88460531330831,1.13809830972109,0.198998852485844
ROU,1995,3.07045552464862,1.00099144053812,0.155123724238432
ROU,1996,3.34668155928831,1.42614316633189,0.101382831276475
ROU,1997,2.97859588012488,1.14873206278261,0.0856087440476285
ROU,1998,0.882017283353692,0.298065348562516,0.0307400360666401
ROU,1999,1.69587051167238,0.981639514434116,0.0312478157386531
ROU,2000,3.46123165499051,2.05194073825512,0.03351046349024
ROU,2001,3.50818907610252,1.38020102615678,0.0220957457570071
ROU,2002,2.7112003162552,1.23167374745268,0.0251304714744448
ROU,2003,2.46447091859139,1.11571675681484,0.0296295583294492
ROU,2004,2.42710528670431,1.1236125349855,0.0462987311961668
ROU,2005,1.9812708693419,1.19701667171786,0.0318115978351158
ROU,2006,2.07748693260267,1.03069280818371,0.0565646478510227
ROU,2007,1.63281122949123,0.811152284107306,0.00908548186750492
ROU,2008,2.1230453115181,0.909321004650877,0.00339241051765773
ROU,2009,1.43548196399429,0.572798400996102,0.00985635871247694
ROU,2010,1.71353438994212,0.651277335844004,0.136427208896023
ROU,2011,2.28817644873145,0.928598823680941,0.188408064122911
ROU,2012,2.18833144039798,0.944058149450528,0.130509424315092
ROU,2013,1.87595138869643,0.818028540119226,0.115814524516492
ROU,2014,1.51017281377838,0.710972260249342,0.0966669754878151
ROU,2015,0.975979399576012,0.33486139473849,0.0323715054018045
ROU,2016,0.688993508362941,0.237281273734058,0.0527688284676908
ROU,2017,0.884924035595192,0.306819119328612,0.0800723748127929
ROU,2018,1.07026334712177,0.417895750376407,0.0697675668177608
ROU,2019,0.798252105262357,0.356049741091749,0.0115879204859995
ROU,2020,0.508984051380759,0.18364537995674,0.0124065679182321
ROU,2021,1.144376067244,0.378228984068352,0.0348196818124865
ROU,2022,,,
ROU,2023,,,
ROU,2024,,,
ROU,2025,,,
RUS,1960,,,
RUS,1961,,,
RUS,1962,,,
RUS,1963,,,
RUS,1964,,,
RUS,1965,,,
RUS,1966,,,
RUS,1967,,,
RUS,1968,,,
RUS,1969,,,
RUS,1970,,,
RUS,1971,,,
RUS,1972,,,
RUS,1973,,,
RUS,1974,,,
RUS,1975,,,
RUS,1976,,,
RUS,1977,,,
RUS,1978,,,
RUS,1979,,,
RUS,1980,,,
RUS,1981,,,
RUS,1982,,,
RUS,1983,,,
RUS,1984,,,
RUS,1985,,,
RUS,1986,,,
RUS,1987,,,
RUS,1988,5.81803316378109,4.8801806220118,0.0
RUS,1989,9.3814582434218,8.27450107289347,0.0
RUS,1990,12.732460585784,10.3750693468342,0.0
RUS,1991,6.26609182608552,4.52442508791731,0.0
RUS,1992,7.92090688488057,4.80032510802607,1.02540691750139
RUS,1993,7.61983790170856,4.30486115047474,0.606770197278974
RUS,1994,6.87370636107636,3.85813139293591,0.613085442680721
RUS,1995,9.15926099813667,4.54593521684435,0.603209971025087
RUS,1996,10.4926691422543,6.32131864255256,0.442208693287412
RUS,1997,8.83139882948576,4.82777869917989,0.299310892440101
RUS,1998,4.27229659862483,2.22399348794497,0.61524291861154
RUS,1999,11.829566491586,8.76039094628312,1.04095627627957
RUS,2000,21.5026961545567,15.355993811466,0.833857339720371
RUS,2001,19.5086027305984,10.3003624423723,0.483078548242046
RUS,2002,16.9811963787946,10.4623662427989,0.496310313770547
RUS,2003,16.8227791604724,10.9344981048,0.361866933813302
RUS,2004,16.4102250034065,11.6957615431619,0.380227521440975
RUS,2005,17.4165849709082,13.686863716874,0.562873173871561
RUS,2006,18.0379914298715,12.4450132664814,0.953377681300224
RUS,2007,15.7870611841198,10.7326206704977,1.35678270433092
RUS,2008,19.1049787037836,12.3954143055606,0.909958056449626
RUS,2009,14.4591281726985,9.19214468199248,0.74136400520147
RUS,2010,13.6767287816453,8.57128659193273,1.1393877427442
RUS,2011,16.2675600700583,10.6778918258558,1.08841203576658
RUS,2012,14.293372457197,9.61307623916807,0.831686056311716
RUS,2013,12.799885012616,8.68048261508321,0.653521828265251
RUS,2014,12.4271978897589,9.08748946492807,0.582569507800105
RUS,2015,9.761666714108,5.93285842314704,0.71789167494499
RUS,2016,8.19418914130003,5.00613659535062,0.826477519834601
RUS,2017,9.71546623895349,6.22864519091822,0.69351092236867
RUS,2018,14.4734868157828,9.65476095672088,0.733408264014736
RUS,2019,12.2071140110196,8.49370743083853,0.761369930033653
RUS,2020,7.58812544004463,4.70777096931075,0.997039546903884
RUS,2021,18.5109394363314,9.67159402978612,2.05397196912409
RUS,2022,,,
RUS,2023,,,
RUS,2024,,,
RUS,2025,,,
RWA,1960,,,
RWA,1961,,,
RWA,1962,,,
RWA,1963,,,
RWA,1964,,,
RWA,1965,,,
RWA,1966,,,
RWA,1967,,,
RWA,1968,,,
RWA,1969,,,
RWA,1970,8.50922579142472,,0.19649418780579
RWA,1971,7.16288187340273,,0.0
RWA,1972,7.4611464774351,,0.0
RWA,1973,11.2542018468393,,0.171885943054397
RWA,1974,12.863239570351,,1.16619066599353
RWA,1975,9.10472685803002,,0.195562021263611
RWA,1976,7.51706741789223,,0.328265912502754
RWA,1977,12.7214707383522,,0.848020667301665
RWA,1978,10.9556521458843,,0.807606497157815
RWA,1979,8.06524085271775,,0.875711648328948
RWA,1980,8.89576594463147,0.0,0.966899626374476
RWA,1981,6.81811359576048,0.0,0.462073848174064
RWA,1982,9.33713957226746,0.0,0.320785904961744
RWA,1983,5.91027367395893,0.0,0.321566515507635
RWA,1984,5.28749508709697,0.0,0.248299644121973
RWA,1985,3.66674500218186,0.0,0.137669640956039
RWA,1986,4.90908311339379,0.0,0.00105310694552776
RWA,1987,4.25485970778176,0.0,0.00214433978706761
RWA,1988,4.16475561602675,0.0,0.00265460329890526
RWA,1989,4.75814483100351,0.0,0.0763938540572496
RWA,1990,4.72583219210236,0.0,0.0604785524185413
RWA,1991,6.40620877911743,0.0,0.148773609642268
RWA,1992,6.09947850153358,0.0,0.0
RWA,1993,4.9550664127714,0.0,0.0
RWA,1994,16.2356771043754,0.0,0.0
RWA,1995,12.5820173506779,0.0,0.00281109255202412
RWA,1996,12.5562103954282,0.0,0.00025977261411658
RWA,1997,11.1289184176388,0.0,0.00118011937662499
RWA,1998,10.8743027819111,0.0,0.00148826836737808
RWA,1999,6.48164523292645,0.0,0.000577415187820632
RWA,2000,5.03496552984893,0.0,0.000990536748657988
RWA,2001,5.37510520142139,0.0,0.00102826299761924
RWA,2002,6.4377693588679,0.0,0.0013211791143458
RWA,2003,9.07682974388652,0.0,0.000616043295901575
RWA,2004,7.02043949824649,0.0,0.000265501851579241
RWA,2005,5.9570253928291,0.0,0.000665315751225428
RWA,2006,5.2964919730077,0.0,0.00273727886477009
RWA,2007,6.22572427896954,0.0,0.106579378441798
RWA,2008,8.30580145177946,0.0,0.257801511307047
RWA,2009,6.935422955435,0.00204063580811224,0.0816438315437081
RWA,2010,6.48655252910732,0.0,0.575061114877617
RWA,2011,6.99565680326328,0.0,1.06460898513878
RWA,2012,6.39423290634701,0.0,0.37926010829921
RWA,2013,6.50475580749802,0.0,0.401065765791541
RWA,2014,6.4521550362679,0.0,0.416449239801836
RWA,2015,5.77813915585401,0.0,0.0736384058837602
RWA,2016,5.99862102587479,0.0,0.137894678356137
RWA,2017,6.01492971463291,0.0,0.258148478489923
RWA,2018,4.71387568610559,0.0,0.184126157124163
RWA,2019,3.81709032313618,0.0,0.0
RWA,2020,4.10481845130795,0.0,0.0
RWA,2021,4.01723634071877,0.0,0.0
RWA,2022,,,
RWA,2023,,,
RWA,2024,,,
RWA,2025,,,
SAS,1960,,,
SAS,1961,,,
SAS,1962,,,
SAS,1963,,,
SAS,1964,,,
SAS,1965,,,
SAS,1966,,,
SAS,1967,,,
SAS,1968,,,
SAS,1969,,,
SAS,1970,0.674847037214044,0.0602560719793342,0.193197554420333
SAS,1971,0.813944963111007,0.0741190940343558,0.201785213579879
SAS,1972,0.820768926347688,0.0689885012303986,0.194355983952209
SAS,1973,0.952137226662598,0.0680296665420818,0.166044783801294
SAS,1974,1.46972461552108,0.364118834498185,0.203630832641835
SAS,1975,2.65624246224306,0.427658550029535,0.264419663309683
SAS,1976,2.73174436364159,0.534887964438984,0.414014220664613
SAS,1977,3.85584574649755,0.603297833067835,0.371622657543711
SAS,1978,3.29391919937223,0.598666821732384,0.24247437318633
SAS,1979,3.02571911439943,1.37976496312642,0.273047911029896
SAS,1980,2.67621008374795,0.872403027033754,0.274815151032562
SAS,1981,3.52218268223146,1.4088734016562,0.258067766721185
SAS,1982,3.77614174604065,1.2070889557624,0.311869775669158
SAS,1983,3.22987972277593,1.54303889776667,0.23348935076095
SAS,1984,3.02369139438192,1.52884443915987,0.227402099301232
SAS,1985,3.11025921227827,1.78400947806112,0.221680470956094
SAS,1986,2.20037355327135,0.80615739189258,0.213667055364915
SAS,1987,2.00054362000493,0.970019061913694,0.170663149178668
SAS,1988,1.90445966293707,0.725447815792698,0.226238764862998
SAS,1989,2.57859672550736,1.17405549635164,0.283603015128832
SAS,1990,3.0829859382523,1.52363701840124,0.268151823830533
SAS,1991,2.76578095949918,1.02491652824681,0.217430435590204
SAS,1992,2.51886477553297,0.831974429373853,0.28010264722914
SAS,1993,2.18025366134531,0.735391392543963,0.238383516412402
SAS,1994,1.91005866482185,0.692629668584653,0.182337850352431
SAS,1995,2.27956493100768,0.750452440297594,0.189661862021402
SAS,1996,2.21670542652668,0.825084000556908,0.200238575026193
SAS,1997,1.96339644640971,0.73144300751223,0.191383132503917
SAS,1998,1.60549059864465,0.368201594618712,0.310033749943179
SAS,1999,1.68286501929312,0.612913388566976,0.230249578233356
SAS,2000,2.23301860549415,1.03387787550611,0.224755534697101
SAS,2001,2.2137633284752,0.755848630897102,0.242626208250193
SAS,2002,2.15800141203913,0.787028210151861,0.237300898545032
SAS,2003,2.06869399729546,0.758669364007567,0.210614061546558
SAS,2004,2.91077621281472,0.942325759847263,0.268386988315864
SAS,2005,3.36669538300688,1.14929687053824,0.745477479017491
SAS,2006,3.64371354105057,1.19707542431,0.910752756290694
SAS,2007,4.12233981123706,1.05318688732146,1.54166033076778
SAS,2008,6.42982550955229,1.42443211078388,2.02914838933549
SAS,2009,3.09940782425614,0.575850842715001,0.836514721256847
SAS,2010,4.1408155808001,0.737825169764748,1.35616935123027
SAS,2011,4.84942629051882,1.21105366751584,1.26911104040718
SAS,2012,3.69319465147743,1.17753129106626,0.680309020031352
SAS,2013,3.32846307784383,1.05926336265379,0.786529828074538
SAS,2014,2.56301669252901,0.836808307329215,0.471049538281633
SAS,2015,1.63866841744547,0.317763159336371,0.249282115897542
SAS,2016,1.58568533720548,0.191799938422547,0.305625319411324
SAS,2017,1.79018456274107,0.274396670350316,0.394713231060992
SAS,2018,2.00324012469636,0.388281738040819,0.369887122710054
SAS,2019,1.79528138280783,0.264893798862115,0.555034217146668
SAS,2020,1.58063875860331,0.123633642420788,0.578908651862126
SAS,2021,2.76936071813056,0.280986716747459,1.1207498064026
SAS,2022,,,
SAS,2023,,,
SAS,2024,,,
SAS,2025,,,
SAU,1960,,,
SAU,1961,,,
SAU,1962,,,
SAU,1963,,,
SAU,1964,,,
SAU,1965,,,
SAU,1966,,,
SAU,1967,,,
SAU,1968,,,
SAU,1969,,,
SAU,1970,25.6178285718857,25.438880689077,0.0
SAU,1971,29.7183489560075,29.6100837592392,0.0
SAU,1972,36.4640803456637,36.3557374019613,0.0
SAU,1973,43.2714266518105,43.1880069488909,0.0
SAU,1974,67.5207160134123,67.4836347877409,0.0
SAU,1975,54.3839536263905,54.3017782360594,0.0
SAU,1976,53.0613712172026,52.9958854989597,0.0
SAU,1977,51.9140998377149,51.8167556317189,0.0
SAU,1978,44.9125645737099,44.7691658421512,0.0
SAU,1979,87.2846183260415,87.0852388864372,0.0
SAU,1980,70.4665073207524,70.2905296586652,0.0
SAU,1981,55.8014376178588,55.6440431663442,0.0
SAU,1982,36.912900705725,36.8350298892649,0.0
SAU,1983,34.9686636412614,34.697295601868,0.0
SAU,1984,34.0894843992739,33.6838087918767,0.0
SAU,1985,28.10899311062,27.6445211447861,0.0
SAU,1986,23.943284598958,23.1470283478854,0.0
SAU,1987,28.0081795220358,27.2523746977218,0.0
SAU,1988,27.0050726562585,26.19177456012,0.0
SAU,1989,34.9346845256811,34.170454056182,0.0103326927173652
SAU,1990,47.2009452516739,46.4263034955234,0.00938815880273327
SAU,1991,30.6033571366628,29.9055063618569,0.0140112113930895
SAU,1992,31.4732076623802,30.7693919537356,0.0175142198498624
SAU,1993,30.4861528754163,29.6876073953684,0.0241652487712516
SAU,1994,27.4348819959504,26.5482079082086,0.0306248429275003
SAU,1995,29.0242473614603,28.1270341731817,0.0242519727340006
SAU,1996,34.3754116977828,33.4650950203584,0.0199557934635404
SAU,1997,30.2153995363377,29.2775398263987,0.0129484827566946
SAU,1998,22.2730147519679,21.2667758956326,0.0024141370244178
SAU,1999,27.9778749101784,27.124767270241,0.000332383796692735
SAU,2000,42.6687976015313,41.6691708446825,0.000106454883501944
SAU,2001,34.5968576950563,33.3526627413963,1.52715013898513e-05
SAU,2002,32.4379936618598,31.342447837027,0.000963821463127206
SAU,2003,38.0176108810544,37.0345220176731,3.462289078431e-05
SAU,2004,43.622529277929,42.6409301097693,0.0222226162592256
SAU,2005,49.9329268031463,48.8606315090549,0.0178814243562892
SAU,2006,50.7560683000309,49.6700972841917,0.0196205659396311
SAU,2007,48.4725676503893,47.4394429695294,0.018455038452227
SAU,2008,55.0244289481432,54.085800995618,0.0179371722955883
SAU,2009,35.7727355951894,34.6315417084598,0.0238164313126234
SAU,2010,38.8834681571132,37.9011314342465,0.0473655346027749
SAU,2011,50.2036438017781,49.1612188808623,0.0546789486662375
SAU,2012,48.5007097596571,47.4093852263553,0.0927901295606235
SAU,2013,45.530927478843,44.4564985480281,0.0634664303649237
SAU,2014,41.3384300115975,40.3219689900701,0.0507783297903696
SAU,2015,24.8553045322483,23.9567993223384,0.0550856553558218
SAU,2016,20.7349959872418,20.0051771356735,0.0450060311490432
SAU,2017,24.4865557580774,23.6170719123709,0.0645564425307326
SAU,2018,29.2707418122277,28.0842811588989,0.0783963800246007
SAU,2019,25.453167735458,24.3295780055005,0.0427233495760674
SAU,2020,17.3184270283149,15.9789107766923,0.0606480395497332
SAU,2021,25.5652418188141,23.6862940574499,0.162202190483481
SAU,2022,,,
SAU,2023,,,
SAU,2024,,,
SAU,2025,,,
SDN,1960,,,
SDN,1961,,,
SDN,1962,,,
SDN,1963,,,
SDN,1964,,,
SDN,1965,,,
SDN,1966,,,
SDN,1967,,,
SDN,1968,,,
SDN,1969,,,
SDN,1970,0.00206075424467077,,0.00206075424467077
SDN,1971,0.0,0.0,0.0
SDN,1972,0.0,0.0,0.0
SDN,1973,0.0,0.0,0.0
SDN,1974,0.000110978115774158,0.0,0.000110978115774158
SDN,1975,9.21363969717858e-06,0.0,9.21363969717858e-06
SDN,1976,0.0,0.0,0.0
SDN,1977,0.0,0.0,0.0
SDN,1978,0.0,0.0,0.0
SDN,1979,0.000258762363486766,0.0,0.000258762363486766
SDN,1980,0.00116168233281095,0.0,0.00116168233281095
SDN,1981,0.000609521789789679,0.0,0.000609521789789679
SDN,1982,0.000623779297160664,0.0,0.000623779297160664
SDN,1983,0.00117246217561036,0.0,0.00117246217561036
SDN,1984,0.00189043818810678,0.0,0.00189043818810678
SDN,1985,0.00169109834169476,0.0,0.00169109834169476
SDN,1986,0.00169106564616655,0.0,0.00169106564616655
SDN,1987,0.00361294641254496,0.0,0.00361294641254496
SDN,1988,0.00884892867545331,0.0,0.00884892867545331
SDN,1989,0.00586216495874874,0.0,0.00586216495874874
SDN,1990,0.000654942802720502,0.0,0.000654942802720502
SDN,1991,0.000462824993682063,0.0,0.000462824993682063
SDN,1992,0.0174385079751148,0.0174385079751148,0.0
SDN,1993,0.0133327100348666,0.0133327100348666,0.0
SDN,1994,0.00255693005909925,0.00255693005909925,0.0
SDN,1995,0.0427456379560599,0.00532876065018962,0.0374168773058703
SDN,1996,0.274840736390095,0.0956575689513029,0.179183167438793
SDN,1997,0.255819521815062,0.170635538350137,0.0851839834649245
SDN,1998,0.258068906339198,0.170280620046711,0.0877882862924874
SDN,1999,2.11461180296093,2.04975331963217,0.0648584833287595
SDN,2000,10.7834600175368,10.6869859368028,0.0964740807339254
SDN,2001,6.91016926563004,6.84045041990384,0.0697188457262011
SDN,2002,7.22283531579549,7.14772574801421,0.0751095677812848
SDN,2003,7.00622430942374,6.97515874031986,0.0310655691038779
SDN,2004,10.1433483895059,10.1194980180566,0.023850371449324
SDN,2005,12.4802287524508,12.4599426156015,0.0202861368493205
SDN,2006,12.5389562552987,12.500471606345,0.0384846489536759
SDN,2007,13.677466454982,13.6134936785449,0.0639727764371204
SDN,2008,17.9797789026983,17.885274592108,0.0945043105902982
SDN,2009,9.8427070618575,9.59675943554232,0.245947626315176
SDN,2010,11.9428584964653,11.493125709502,0.449732786963216
SDN,2011,16.7759073133375,15.1004983871528,0.629015262131773
SDN,2012,6.64669345938477,3.69537931902747,1.41749339666486
SDN,2013,7.51778871746273,4.59958496637169,1.38707751093956
SDN,2014,5.17423775201674,2.65704566740931,1.0255230871143
SDN,2015,2.97569090164715,0.798069583603201,0.778094847237986
SDN,2016,2.74050635867162,0.586718855776161,0.937478743020185
SDN,2017,2.48029512284545,0.823819483095822,0.701729140938244
SDN,2018,6.14770644131694,3.36467879804277,0.0481267522489851
SDN,2019,8.25976911220096,2.99936703162155,2.6603925444244
SDN,2020,9.29265238055366,1.87511902407651,4.04469081142508
SDN,2021,12.7502116848016,3.30226845710475,6.63404867647466
SDN,2022,,,
SDN,2023,,,
SDN,2024,,,
SDN,2025,,,
SEN,1960,,,
SEN,1961,,,
SEN,1962,,,
SEN,1963,,,
SEN,1964,,,
SEN,1965,,,
SEN,1966,,,
SEN,1967,,,
SEN,1968,,,
SEN,1969,,,
SEN,1970,1.4609198354403,,0.0
SEN,1971,1.29366523212848,0.0,0.0
SEN,1972,1.26613919594832,0.0,0.0
SEN,1973,1.79572967422626,0.0,0.0
SEN,1974,5.06959954541257,0.0,3.21866572000504
SEN,1975,4.87851363704667,0.0,3.07859109702541
SEN,1976,2.60664234723553,0.0,0.938017940802185
SEN,1977,5.20223094334932,0.0,2.49740828580926
SEN,1978,2.86095627451724,0.0,0.273792585370987
SEN,1979,2.33802341475992,0.0,0.248491598309612
SEN,1980,2.70355918297515,0.0,0.405753944734073
SEN,1981,3.00095137387989,0.0,0.790372770513609
SEN,1982,3.26840550572895,0.0,0.285480959120789
SEN,1983,2.67579557938313,0.0,0.329816525227101
SEN,1984,2.39647212000019,0.0,0.184314418449194
SEN,1985,1.91500070147572,0.0,0.307848927439559
SEN,1986,1.85367997196011,4.82959487089045e-05,0.0749902172274102
SEN,1987,1.47181860946565,0.000259369134260523,0.0
SEN,1988,1.60499921783647,0.000346803260892527,0.0
SEN,1989,1.69699495127336,0.000848929962563058,0.0
SEN,1990,1.87545259934578,0.000861805862205005,0.0
SEN,1991,1.86432788630972,0.000394339526274994,0.0
SEN,1992,1.80049228182136,0.000360446074423099,0.0
SEN,1993,1.71662861750787,0.000425651206904573,0.0
SEN,1994,2.86762061306599,0.000747694503181664,0.0
SEN,1995,3.18664555624364,0.000925534926192589,0.0
SEN,1996,3.02761794615437,0.00132014246226026,0.0
SEN,1997,3.07704868778912,0.0016157127149988,0.0198921988805886
SEN,1998,2.95479045072932,0.000484061834765765,0.0147236990124911
SEN,1999,2.11828025209017,0.000552970440819467,0.0103840902281008
SEN,2000,2.30805328155825,0.000962642731630684,0.018732296161395
SEN,2001,2.05976120051983,0.0,0.017080646509129
SEN,2002,2.2894897302113,0.0,0.0203776846110676
SEN,2003,2.68475374294378,0.0,0.0082579832528493
SEN,2004,1.97163158742871,0.0,0.0402965880922636
SEN,2005,1.9916257642601,0.0,0.0736452799693719
SEN,2006,1.9932129479554,0.0,0.0979966693327627
SEN,2007,2.3034822903582,0.0,0.150609844659604
SEN,2008,3.07242721618133,0.0,0.82216135889135
SEN,2009,3.83444920218272,0.0,1.56665865126879
SEN,2010,2.97597316384999,0.0,0.898923439831742
SEN,2011,3.6495940769705,0.0,1.49342296127782
SEN,2012,4.86398118749562,0.0,2.38937167981815
SEN,2013,3.42436224964169,0.0,1.02539635567074
SEN,2014,3.1569476524477,0.0,0.690773728566576
SEN,2015,3.47911885653568,0.0,0.752489603036841
SEN,2016,3.9796411050175,0.0,1.31532505717243
SEN,2017,3.21232528542185,0.0,0.754693543160956
SEN,2018,2.88655464408866,0.0,1.17295885557349
SEN,2019,2.75988310568798,0.0,1.19446058789007
SEN,2020,2.86963190075436,0.0,1.26840418238743
SEN,2021,4.40159712005452,0.0,2.89566328207721
SEN,2022,,,
SEN,2023,,,
SEN,2024,,,
SEN,2025,,,
SGP,1960,,,
SGP,1961,,,
SGP,1962,,,
SGP,1963,,,
SGP,1964,,,
SGP,1965,,,
SGP,1966,,,
SGP,1967,,,
SGP,1968,,,
SGP,1969,,,
SGP,1970,0.00408314093355003,,0.0
SGP,1971,0.00245530166589818,0.0,0.0
SGP,1972,0.00318410083640528,0.0,0.0
SGP,1973,0.0075048800233091,0.0,0.0
SGP,1974,0.00559342511040176,0.0,0.0
SGP,1975,0.00391531497528914,0.0,0.0
SGP,1976,0.00323927237688353,0.0,0.0
SGP,1977,0.00146222737952749,0.0,0.0
SGP,1978,0.00196742445718705,0.0,0.0
SGP,1979,0.0016007422852391,0.0,0.0
SGP,1980,0.00257926718008528,0.0,0.0
SGP,1981,0.0011263869616139,0.0,0.0
SGP,1982,0.000835113811323879,0.0,0.0
SGP,1983,0.000763830759730898,0.0,0.0
SGP,1984,0.00100098475660571,0.0,0.0
SGP,1985,0.00116136256467985,0.0,0.0
SGP,1986,0.00195844070222803,0.0,0.0
SGP,1987,0.00169630261074216,0.0,0.0
SGP,1988,0.00135878804842763,0.0,0.0
SGP,1989,0.00110914083221739,0.0,0.0
SGP,1990,0.000920371570597071,0.0,0.0
SGP,1991,0.000727895187167592,0.0,0.0
SGP,1992,0.00102103321482271,0.0,0.0
SGP,1993,0.000671956825673195,0.0,0.0
SGP,1994,0.000735973829980071,0.0,0.0
SGP,1995,0.000949987923543962,0.0,0.0
SGP,1996,0.000831818439672971,0.0,0.0
SGP,1997,0.000727257745572007,0.0,0.0
SGP,1998,0.00070994707950462,0.0,0.0
SGP,1999,0.000371764816770873,0.0,0.0
SGP,2000,0.000326034372238966,0.0,0.0
SGP,2001,0.000402379159230447,0.0,0.0
SGP,2002,0.000433988190805362,0.0,0.0
SGP,2003,0.00059371726127004,0.0,0.0
SGP,2004,0.000555644983388465,0.0,0.0
SGP,2005,0.000547061404429524,0.000219094740218199,0.0
SGP,2006,0.00365545459554034,0.00333182989614928,0.0
SGP,2007,0.00685518128899803,0.00646001510314827,0.0
SGP,2008,0.0253865664259656,0.0247658429846694,0.0
SGP,2009,0.00678567168470838,0.0062081095239493,0.0
SGP,2010,0.038512160672046,0.0380589445820771,0.0
SGP,2011,0.154301445478482,0.153787333426844,0.0
SGP,2012,0.143294198627007,0.142898804490871,0.0
SGP,2013,0.119459449682427,0.11912189370539,0.0
SGP,2014,0.104879469325881,0.104388992582944,0.0
SGP,2015,0.0343911572935456,0.0340084198311141,0.0
SGP,2016,0.029353972319112,0.0289302386437418,0.0
SGP,2017,0.000452888881904618,0.0,0.0
SGP,2018,0.000188767152938037,0.0,0.0
SGP,2019,0.000169266160429021,0.0,0.0
SGP,2020,0.00024207226855629,0.0,0.0
SGP,2021,0.000180989109199595,0.0,0.0
SGP,2022,,,
SGP,2023,,,
SGP,2024,,,
SGP,2025,,,
SLB,1960,,,
SLB,1961,,,
SLB,1962,,,
SLB,1963,,,
SLB,1964,,,
SLB,1965,,,
SLB,1966,,,
SLB,1967,,,
SLB,1968,,,
SLB,1969,,,
SLB,1970,,,
SLB,1971,5.10510919745374,,0.0
SLB,1972,8.36906932251907,,0.0
SLB,1973,10.7414277350652,,0.0
SLB,1974,5.54645002353663,,0.0
SLB,1975,7.81181666976005,,0.0
SLB,1976,6.94643073110915,,0.0
SLB,1977,7.81995820505025,,0.0
SLB,1978,5.55900586293936,,0.0
SLB,1979,7.25894780557872,,0.0566519790395151
SLB,1980,6.98743061643678,0.0,0.170615768360471
SLB,1981,5.56509938874547,0.0,0.147051423502297
SLB,1982,9.60942950717985,0.0,0.0829142761064738
SLB,1983,10.0367347474498,0.0,0.16639867043485
SLB,1984,6.57631960201665,0.0,0.185151232251521
SLB,1985,7.95151192280602,0.0,1.2818902118633
SLB,1986,9.90095126042166,0.0,0.270530871758236
SLB,1987,8.76295406070215,0.0,0.245204566657262
SLB,1988,6.85355694325807,0.0,0.120099847401354
SLB,1989,7.59770451012007,0.0,0.0522658489317923
SLB,1990,7.86293738578808,0.0,0.0358882235834615
SLB,1991,6.2142107100762,0.0,0.0467480946529224
SLB,1992,10.3288304300451,0.0,0.037339264353161
SLB,1993,8.83206209578327,0.0,0.0239766376717935
SLB,1994,7.83655222485728,0.0,0.0
SLB,1995,8.48557107754738,0.0,0.0174809884005694
SLB,1996,9.17628352334643,0.0,0.0122218827238389
SLB,1997,5.51220192622891,0.0,0.00921393020576348
SLB,1998,6.55748308361476,0.0,0.655764924116468
SLB,1999,6.23057589734974,0.0,1.23154793715376
SLB,2000,5.2621771900403,0.0,0.172246350023643
SLB,2001,5.62366918680554,0.0,0.139387526094388
SLB,2002,7.11043995156603,0.0,0.0732752389497082
SLB,2003,9.62018845302295,0.0,0.0785903922855875
SLB,2004,7.43048542464874,0.0,0.00808804616293858
SLB,2005,8.97922922933814,0.0,0.00822742939148827
SLB,2006,10.6910961000805,0.0,0.0127538137222213
SLB,2007,16.6857707308539,0.0,0.0
SLB,2008,18.6314854935,0.0,0.0
SLB,2009,12.9304859284596,0.0,0.221742718383816
SLB,2010,15.7647772737329,0.0,0.270417997934231
SLB,2011,19.9027124452237,0.0,4.65780229000986
SLB,2012,20.8519077419093,0.0,5.01256212850698
SLB,2013,17.7681136707893,0.0,2.61952290857169
SLB,2014,20.6416871336495,0.0,1.40611631716325
SLB,2015,16.6664900887493,0.0,0.245768647711675
SLB,2016,14.3004643478535,0.0,0.199332427553373
SLB,2017,22.9192896376451,0.0,1.66447610396846
SLB,2018,22.3396585662881,0.0,1.59303412942373
SLB,2019,19.145353163623,0.0,0.0
SLB,2020,19.1938888891881,0.0,0.0
SLB,2021,18.395048524098,0.0,0.0
SLB,2022,,,
SLB,2023,,,
SLB,2024,,,
SLB,2025,,,
SLE,1960,,,
SLE,1961,,,
SLE,1962,,,
SLE,1963,,,
SLE,1964,,,
SLE,1965,,,
SLE,1966,,,
SLE,1967,,,
SLE,1968,,,
SLE,1969,,,
SLE,1970,7.84917180666127,,2.42857943844921
SLE,1971,7.76128600036138,,3.02760931999026
SLE,1972,7.49333979824727,,2.70102620946548
SLE,1973,8.18385743482295,,1.69741277741684
SLE,1974,9.27055349046428,,3.03701404163329
SLE,1975,10.77638517617,,2.76108278279102
SLE,1976,10.2263304239708,,2.02739943064776
SLE,1977,15.2782684590894,,2.43356445028295
SLE,1978,11.2944494529241,,1.66555348907588
SLE,1979,8.8595676872024,,1.26969782469865
SLE,1980,10.4874243786702,0.0,1.4770976972364
SLE,1981,9.02758744883039,0.0,1.40940572497519
SLE,1982,10.5386663282049,0.0,1.56472519161345
SLE,1983,10.2812536436439,0.0,2.69345702228144
SLE,1984,9.30024741918731,0.0,3.10587874287729
SLE,1985,9.60840408861008,0.0,3.85474665994854
SLE,1986,22.0276769922435,0.0,5.90784139158147
SLE,1987,14.2930288720551,0.0,3.59410362084849
SLE,1988,10.004891147993,0.0,2.2449280065314
SLE,1989,12.5137848161604,0.0,3.72382090740006
SLE,1990,19.7972836043128,0.0,4.76319097993684
SLE,1991,15.6144440320081,0.0,3.56608088426417
SLE,1992,18.3516089663806,0.0,4.47703593600746
SLE,1993,11.783513864103,0.0,1.989656210507
SLE,1994,11.3606935001772,0.0,1.67625558066155
SLE,1995,15.8876053628025,0.0,0.0
SLE,1996,14.6082170583381,0.0,0.0421853261753
SLE,1997,16.2134698202213,0.0,0.116604705695532
SLE,1998,21.6619843703457,0.0,0.0038852700533311
SLE,1999,13.3682577279386,0.0,0.0
SLE,2000,14.2566872840621,0.0,0.0
SLE,2001,8.05230833851418,0.0,0.0
SLE,2002,8.43552502197745,0.0,0.0
SLE,2003,12.876788824159,0.0,0.0
SLE,2004,11.1023236756794,0.0,0.00235106348064958
SLE,2005,9.90200209747713,0.0,0.00626475483314126
SLE,2006,9.42718135843611,0.0,1.02927800122216
SLE,2007,12.2555158372532,0.0,1.24159007399285
SLE,2008,11.6115795671527,0.0,0.591933334052898
SLE,2009,12.2691742280754,0.0,0.500636878375647
SLE,2010,10.5288662404631,0.0,0.788592224098939
SLE,2011,10.9869587677677,0.0,1.23520859523199
SLE,2012,9.77051963302454,0.0,1.00830203902401
SLE,2013,7.22686963531629,0.0,0.185586816745529
SLE,2014,8.02771244072182,0.0,0.279602312373001
SLE,2015,10.5713602396516,0.0,0.757071864054995
SLE,2016,14.6732645434772,0.0,2.79625473744142
SLE,2017,14.9365306672881,0.0,3.66585952113801
SLE,2018,8.55532841443589,0.0,0.862157879433553
SLE,2019,7.49079656656829,0.0,0.0175790442818519
SLE,2020,8.22978194152241,0.0,0.00418523149952889
SLE,2021,9.03701414128967,0.0,0.212781118346023
SLE,2022,,,
SLE,2023,,,
SLE,2024,,,
SLE,2025,,,
SLV,1960,,,
SLV,1961,,,
SLV,1962,,,
SLV,1963,,,
SLV,1964,,,
SLV,1965,,,
SLV,1966,,,
SLV,1967,,,
SLV,1968,,,
SLV,1969,,,
SLV,1970,0.665403519489661,,0.0
SLV,1971,0.560225235097351,0.0,0.0
SLV,1972,0.597484203276049,0.0,0.0
SLV,1973,0.905902565675756,0.0,0.0
SLV,1974,0.859785461148193,0.0,0.00942547349517706
SLV,1975,1.0649069816702,0.0,0.00280395795949864
SLV,1976,0.719383907483744,0.0,0.00112522929042491
SLV,1977,0.979926992373096,0.0,0.0003381789664622
SLV,1978,0.946397844613884,0.0,0.000910596705447528
SLV,1979,1.0138434976764,0.0,0.0276146391552568
SLV,1980,1.23033029538047,0.0,0.0867626339065587
SLV,1981,1.16699839530315,0.0,0.0343039078645938
SLV,1982,2.41779685409581,0.0,0.013840779266508
SLV,1983,0.837906222885134,0.0,0.0124632522862943
SLV,1984,0.479037840519068,0.0,0.00440687341569431
SLV,1985,0.299327904544524,0.0,0.0
SLV,1986,0.308831582836903,0.0,0.0
SLV,1987,0.304132434269338,0.0,0.0
SLV,1988,0.314971553798585,0.0,0.0
SLV,1989,0.333174467121873,0.0,0.0
SLV,1990,0.835429774031668,0.0,0.0
SLV,1991,1.10154936595353,0.0,0.0
SLV,1992,0.781151128746524,0.0,0.0
SLV,1993,0.559922378466846,0.0,0.0
SLV,1994,0.567410530010439,0.0,0.0
SLV,1995,0.77923195419577,0.0,0.0
SLV,1996,0.509551084760622,0.0,0.0
SLV,1997,0.820568279143213,0.0,0.00285950426831033
SLV,1998,0.653989579847932,0.0,0.000893523715017391
SLV,1999,0.5553467617329,0.0,0.000927979753933773
SLV,2000,0.497077305664038,0.0,0.0
SLV,2001,0.485786941180763,0.0,0.0
SLV,2002,0.470738093792746,0.0139375107962022,0.0
SLV,2003,0.464556781953447,0.0195408780039438,0.0
SLV,2004,0.452387405870909,0.0217385679327602,0.0
SLV,2005,0.546622489459469,0.135195934882048,0.0
SLV,2006,1.10993470507458,0.56647035112419,0.0
SLV,2007,1.02476871768865,0.458911583353226,0.0
SLV,2008,1.1698028573412,0.577913009476031,0.0
SLV,2009,0.715439137322185,0.138481519538933,0.0
SLV,2010,1.02874215933074,0.0,0.0
SLV,2011,0.832361782908174,0.000375231029418766,0.0
SLV,2012,0.771015636279707,0.000341986807496248,0.0
SLV,2013,0.938918673106463,0.000303211604748274,0.0
SLV,2014,1.0550593254644,0.000268957154654745,0.0
SLV,2015,0.850742982932215,0.0,0.0
SLV,2016,1.0221138126124,0.0,0.0
SLV,2017,0.88816041131789,0.000106394703334763,0.0
SLV,2018,0.663649690465912,0.00016205248904761,0.0
SLV,2019,0.562349124959244,0.0001255650591976,0.0
SLV,2020,0.764177304476048,6.48310040641576e-05,0.0
SLV,2021,0.535264947589614,0.000150418698822045,0.0
SLV,2022,,,
SLV,2023,,,
SLV,2024,,,
SLV,2025,,,
SMR,1960,,,
SMR,1961,,,
SMR,1962,,,
SMR,1963,,,
SMR,1964,,,
SMR,1965,,,
SMR,1966,,,
SMR,1967,,,
SMR,1968,,,
SMR,1969,,,
SMR,1970,,,
SMR,1971,,,
SMR,1972,,,
SMR,1973,,,
SMR,1974,,,
SMR,1975,,,
SMR,1976,,,
SMR,1977,,,
SMR,1978,,,
SMR,1979,,,
SMR,1980,,,
SMR,1981,,,
SMR,1982,,,
SMR,1983,,,
SMR,1984,,,
SMR,1985,,,
SMR,1986,,,
SMR,1987,,,
SMR,1988,,,
SMR,1989,,,
SMR,1990,,,
SMR,1991,,,
SMR,1992,,,
SMR,1993,,,
SMR,1994,,,
SMR,1995,,,
SMR,1996,,,
SMR,1997,,,
SMR,1998,,,
SMR,1999,0.0,,0.0
SMR,2000,0.0,,0.0
SMR,2001,0.0,,0.0
SMR,2002,0.0,,0.0
SMR,2003,0.0,,0.0
SMR,2004,0.0,,0.0
SMR,2005,0.0,,0.0
SMR,2006,0.0,,0.0
SMR,2007,0.0,,0.0
SMR,2008,0.0,,0.0
SMR,2009,0.0,,0.0
SMR,2010,0.0,,0.0
SMR,2011,0.0,,0.0
SMR,2012,0.0,,0.0
SMR,2013,0.0,,0.0
SMR,2014,0.0,,0.0
SMR,2015,0.0,,0.0
SMR,2016,0.0,,0.0
SMR,2017,0.0,,0.0
SMR,2018,0.0,,0.0
SMR,2019,0.0,,0.0
SMR,2020,0.0,,0.0
SMR,2021,,,
SMR,2022,,,
SMR,2023,,,
SMR,2024,,,
SMR,2025,,,
SOM,1960,,,
SOM,1961,,,
SOM,1962,,,
SOM,1963,,,
SOM,1964,,,
SOM,1965,,,
SOM,1966,,,
SOM,1967,,,
SOM,1968,,,
SOM,1969,,,
SOM,1970,4.7012253652722,,0.0
SOM,1971,3.99020326758254,,0.0
SOM,1972,3.5814651941892,,0.0
SOM,1973,5.21784703445966,,0.0
SOM,1974,6.65462440324456,,0.0
SOM,1975,5.86845350187241,,0.0
SOM,1976,4.75722627125512,,0.0
SOM,1977,14.2510557407336,,0.0
SOM,1978,13.2112488583113,,0.0
SOM,1979,12.1543655056934,,0.0
SOM,1980,15.3376618134501,0.0,0.0
SOM,1981,12.0089206137493,0.0,0.0
SOM,1982,15.9634725528061,0.0,0.0
SOM,1983,11.3515372520521,0.0,0.0
SOM,1984,9.8362608967673,0.0,0.0
SOM,1985,6.33199978781604,0.0,0.0
SOM,1986,9.79158576575213,0.0,0.0
SOM,1987,8.70364676484303,0.0,0.0
SOM,1988,9.48998762484786,0.0,0.0
SOM,1989,9.22376823661948,0.0,0.0
SOM,1990,13.4864824653409,0.0,0.0
SOM,1991,,,
SOM,1992,,,
SOM,1993,,,
SOM,1994,,,
SOM,1995,,,
SOM,1996,,,
SOM,1997,,,
SOM,1998,,,
SOM,1999,,,
SOM,2000,,,
SOM,2001,,,
SOM,2002,,,
SOM,2003,,,
SOM,2004,,,
SOM,2005,,,
SOM,2006,,,
SOM,2007,,,
SOM,2008,,,
SOM,2009,,,
SOM,2010,,,
SOM,2011,,,
SOM,2012,,,
SOM,2013,17.8127642098138,0.0,0.0
SOM,2014,18.2921917574279,0.0,0.0
SOM,2015,18.8761765982543,0.0,0.0
SOM,2016,19.5454511774019,0.0,0.0
SOM,2017,18.697269661953,0.0,0.0
SOM,2018,11.735774261604,0.0,0.0
SOM,2019,10.7304105687897,0.0,0.0
SOM,2020,11.455284804417,0.0,0.0
SOM,2021,11.2356934915275,0.0,0.0
SOM,2022,,,
SOM,2023,,,
SOM,2024,,,
SOM,2025,,,
SRB,1960,,,
SRB,1961,,,
SRB,1962,,,
SRB,1963,,,
SRB,1964,,,
SRB,1965,,,
SRB,1966,,,
SRB,1967,,,
SRB,1968,,,
SRB,1969,,,
SRB,1970,,,
SRB,1971,,,
SRB,1972,,,
SRB,1973,,,
SRB,1974,,,
SRB,1975,,,
SRB,1976,,,
SRB,1977,,,
SRB,1978,,,
SRB,1979,,,
SRB,1980,,,
SRB,1981,,,
SRB,1982,,,
SRB,1983,,,
SRB,1984,,,
SRB,1985,,,
SRB,1986,,,
SRB,1987,,,
SRB,1988,,,
SRB,1989,,,
SRB,1990,,,
SRB,1991,,,
SRB,1992,,,
SRB,1993,,,
SRB,1994,,,
SRB,1995,0.669092065367452,0.360409734074695,0.0
SRB,1996,0.527409241981988,0.374713227300187,0.0
SRB,1997,0.333527259917736,0.238803566956788,0.0
SRB,1998,0.195087574224892,0.091426987990608,0.0
SRB,1999,0.311891670595921,0.288136800492102,0.0
SRB,2000,2.33274311334293,1.7969801995401,0.0
SRB,2001,1.50240352241228,0.640648703587362,0.0
SRB,2002,0.628709984358027,0.386999681263742,0.0
SRB,2003,0.535968883702967,0.334564655960938,0.00155994138882424
SRB,2004,1.75377809041674,0.383259938589225,0.0547184954999672
SRB,2005,1.24346302195652,0.519958421629116,0.0616910659324537
SRB,2006,1.500776590768,0.511008373929242,0.161620937150267
SRB,2007,1.55422939890246,0.42016623623444,0.171042592555019
SRB,2008,2.85101542369955,0.512169486154177,0.121665433987474
SRB,2009,1.29420135500539,0.335048938768352,0.131144195681329
SRB,2010,2.51068899120357,0.53158669566208,0.366597837488056
SRB,2011,3.35044641406988,0.890629908467004,0.595011253375278
SRB,2012,2.77478070010415,1.09069028770519,0.562233899402865
SRB,2013,2.05963239192195,0.939643703344488,0.377876189506185
SRB,2014,1.89442302636645,0.863046421127908,0.412148964148292
SRB,2015,1.27718856590432,0.402583557210894,0.231885105449282
SRB,2016,1.17155898842791,0.27662651720577,0.308150364493211
SRB,2017,1.52263044010001,0.363808378643262,0.468949549014734
SRB,2018,1.54067953539602,0.502181565265322,0.344671583558905
SRB,2019,1.19461693747908,0.426534457626405,0.159566394402636
SRB,2020,0.947608509343353,0.213906994350929,0.187023942468528
SRB,2021,1.74631766481948,0.42442078759101,0.658642951066822
SRB,2022,,,
SRB,2023,,,
SRB,2024,,,
SRB,2025,,,
SSA,1960,,,
SSA,1961,,,
SSA,1962,,,
SSA,1963,,,
SSA,1964,,,
SSA,1965,,,
SSA,1966,,,
SSA,1967,,,
SSA,1968,,,
SSA,1969,,,
SSA,1970,4.33678321516761,,2.28679003856082
SSA,1971,3.93900906426595,0.102522544081867,1.54227210423003
SSA,1972,4.05581610592479,0.369548118586324,1.37448096861476
SSA,1973,5.69939679069668,0.575014900498454,2.33634771587052
SSA,1974,12.4544009085846,7.11706402096596,2.66246912886918
SSA,1975,9.73983762328987,5.09541754199357,1.05975721792882
SSA,1976,9.89495180410663,5.41421214467345,1.08020134619747
SSA,1977,11.5697393533551,6.1072702343668,1.05016241397678
SSA,1978,9.31882827801742,4.53003249060246,0.627737461131992
SSA,1979,17.6745692158214,11.9936217044773,1.88406147818704
SSA,1980,15.1428930737205,7.46176006913713,3.96625538457791
SSA,1981,7.05463279494238,2.37996975872345,1.74139752880377
SSA,1982,6.15104765028989,0.967549034659095,1.28346214761673
SSA,1983,7.43673186323523,2.38131957768259,1.91361950948654
SSA,1984,7.43049563459629,3.56926222017731,0.56908486883676
SSA,1985,9.52114596028763,4.62665941298884,1.39024322003844
SSA,1986,6.97507706169517,1.53339873382807,1.4835030244884
SSA,1987,7.88679759160285,2.84534857696268,1.73319092492993
SSA,1988,8.09447530555076,2.27324389226722,2.26889642196611
SSA,1989,10.4752475317186,4.68338815163555,1.96465161131364
SSA,1990,10.676734184553,5.48673217927129,1.25277927624707
SSA,1991,8.15269459050548,3.34645413467463,1.13170177068062
SSA,1992,9.09813249768446,4.15612546498026,0.957912593839427
SSA,1993,10.9996551695294,6.1023031309666,0.981868080806414
SSA,1994,11.0332011777308,5.37637579004137,1.13884519797686
SSA,1995,11.9963600038989,6.13453109182533,0.390155636104913
SSA,1996,12.8905631718334,7.33802410153639,0.562550999104779
SSA,1997,11.4401653938448,6.63513333087331,0.379756443015459
SSA,1998,8.1672479337214,3.45891943693505,0.277978603217227
SSA,1999,6.49988996919432,3.06620137933062,0.293829734307777
SSA,2000,10.7727763738508,7.08158281962222,0.431000938645595
SSA,2001,9.40795943689553,5.21284412601477,0.446825614413033
SSA,2002,9.20680668735927,5.0910702737406,0.493946632038636
SSA,2003,8.84243637836476,4.464842063893,0.201810851145939
SSA,2004,9.90916667074404,5.75271811680592,0.327845889352774
SSA,2005,12.5362220603202,8.78591130228074,0.55935787975041
SSA,2006,13.0648353034339,9.05523059327219,0.971764017687235
SSA,2007,14.0921569272689,9.37141024756569,1.1377581570381
SSA,2008,18.3431296161333,12.3856621228075,1.15825160398081
SSA,2009,10.5328680117301,6.18598586747002,0.866708352813222
SSA,2010,12.8798543622609,8.18436857868003,1.3765942385957
SSA,2011,15.463308834395,10.1697098209163,1.66647760638607
SSA,2012,13.6130453413551,8.78464743106329,1.34865415961916
SSA,2013,11.619429070893,7.21895621283975,1.1792346057572
SSA,2014,9.53500217085896,5.51041865596936,0.857616558362401
SSA,2015,6.16810892480712,2.24260573202995,0.498089630328876
SSA,2016,6.62844880113799,2.05581042762913,0.683700469872672
SSA,2017,8.23888306172573,3.43851176794506,0.90332311719685
SSA,2018,8.73078757315203,4.78332965196582,0.784982402660587
SSA,2019,7.79646700298114,4.38004742404546,0.717331371119217
SSA,2020,6.06838899697966,2.29055148647801,0.92070603277675
SSA,2021,10.2877324927449,4.026410800768,3.05981992747531
SSA,2022,,,
SSA,2023,,,
SSA,2024,,,
SSA,2025,,,
SSD,1960,,,
SSD,1961,,,
SSD,1962,,,
SSD,1963,,,
SSD,1964,,,
SSD,1965,,,
SSD,1966,,,
SSD,1967,,,
SSD,1968,,,
SSD,1969,,,
SSD,1970,,,
SSD,1971,,,
SSD,1972,,,
SSD,1973,,,
SSD,1974,,,
SSD,1975,,,
SSD,1976,,,
SSD,1977,,,
SSD,1978,,,
SSD,1979,,,
SSD,1980,,,
SSD,1981,,,
SSD,1982,,,
SSD,1983,,,
SSD,1984,,,
SSD,1985,,,
SSD,1986,,,
SSD,1987,,,
SSD,1988,,,
SSD,1989,,,
SSD,1990,,,
SSD,1991,,,
SSD,1992,,,
SSD,1993,,,
SSD,1994,,,
SSD,1995,,,
SSD,1996,,,
SSD,1997,,,
SSD,1998,,,
SSD,1999,,,
SSD,2000,,,
SSD,2001,,,
SSD,2002,,,
SSD,2003,,,
SSD,2004,,,
SSD,2005,,,
SSD,2006,,,
SSD,2007,,,
SSD,2008,58.2776601424041,58.2776601424041,0.0
SSD,2009,35.188657039956,35.188657039956,0.0
SSD,2010,43.7092935094988,43.7092935094988,0.0
SSD,2011,51.7868586633182,50.3820140463065,0.0
SSD,2012,5.60460947133863,3.55150590979899,0.0
SSD,2013,14.7084526216951,13.3083956321822,0.0140851331829675
SSD,2014,28.4570049428564,26.3604396814303,0.0151831349796523
SSD,2015,13.0532234224485,10.3913729191421,0.0133266931516145
SSD,2016,,,
SSD,2017,,,
SSD,2018,,,
SSD,2019,,,
SSD,2020,,,
SSD,2021,,,
SSD,2022,,,
SSD,2023,,,
SSD,2024,,,
SSD,2025,,,
SSF,1960,,,
SSF,1961,,,
SSF,1962,,,
SSF,1963,,,
SSF,1964,,,
SSF,1965,,,
SSF,1966,,,
SSF,1967,,,
SSF,1968,,,
SSF,1969,,,
SSF,1970,4.3354531954234,,2.28608871784654
SSF,1971,3.93779646345246,0.102522544081867,1.5417191387065
SSF,1972,4.05437362518515,0.369548118586324,1.37387000447918
SSF,1973,5.69745339889164,0.575014900498454,2.33537771802361
SSF,1974,12.4526234014213,7.11706402096596,2.66146453545315
SSF,1975,9.73852293665774,5.09541754199357,1.05935473487961
SSF,1976,9.89379043918533,5.41421214467345,1.07981139800778
SSF,1977,11.5679593899579,6.1072702343668,1.04970968317226
SSF,1978,9.31696499427656,4.53003249060246,0.627415701389486
SSF,1979,17.6716475248324,11.9936217044773,1.88285716337397
SSF,1980,15.1338629480687,7.45729196481905,3.96390342356801
SSF,1981,7.17373481837293,2.3306151971173,1.70623793132887
SSF,1982,6.42596548619118,0.944562809934778,1.25365656996716
SSF,1983,7.5264931764173,2.30989341818656,1.85758217779317
SSF,1984,7.52770091326276,3.45355955453018,0.551867262392003
SSF,1985,9.40589111414032,4.4367938153066,1.33472883473443
SSF,1986,7.11423362477318,1.47025380561212,1.42417545723162
SSF,1987,7.94176999448357,2.73488501039727,1.66762335423699
SSF,1988,8.16818960463371,2.18850418536259,2.18601695312318
SSF,1989,10.4535228215305,4.50300915074373,1.89019590505389
SSF,1990,10.7063888995983,5.29634777863372,1.2098252924917
SSF,1991,8.25078550811963,3.22779954560822,1.09365506296601
SSF,1992,9.2649283632201,4.02691283179665,0.930026931673054
SSF,1993,11.0762643919556,5.94218592234979,0.959629455830499
SSF,1994,11.244696803758,5.26632852815919,1.11872953373535
SSF,1995,12.3085574193228,6.02585026927768,0.384604669470486
SSF,1996,13.1387502085988,7.20916965597889,0.554410708675624
SSF,1997,11.6754047617303,6.52300042674438,0.374546222424703
SSF,1998,8.48937571337328,3.40514463687281,0.274458032571936
SSF,1999,6.74934750892677,2.99942699400361,0.289068574289048
SSF,2000,10.906090959594,6.93048944930143,0.424403883200851
SSF,2001,9.56918957045798,5.09663913435783,0.439593420830708
SSF,2002,9.43831151570324,4.99079402035094,0.487462186152341
SSF,2003,9.25236496504822,4.38858866530389,0.19966911899687
SSF,2004,10.1581103049489,5.66036373564899,0.323246944159068
SSF,2005,12.6865454973837,8.64307105560963,0.551304028380472
SSF,2006,13.1409569392248,8.9029171442499,0.95768396344821
SSF,2007,14.2155143328857,9.19857145908068,1.11919622248089
SSF,2008,18.3379303538723,12.1176307212586,1.13537043544826
SSF,2009,10.6799159407327,6.01988137007578,0.846534613550891
SSF,2010,12.9310359378163,8.01200313658064,1.35333297631033
SSF,2011,15.4912553052366,9.96616135665012,1.64675606967806
SSF,2012,13.637569244717,8.55673455581952,1.32754051366112
SSF,2013,11.6733316107798,7.02515284852707,1.15653256432177
SSF,2014,9.64074148688108,5.34533650169684,0.838599310280461
SSF,2015,6.38502102993993,2.15813171655926,0.48343933443194
SSF,2016,6.8284236118742,1.96154103025357,0.657648486067525
SSF,2017,8.30580682120855,3.27742603576698,0.866141054107119
SSF,2018,8.61236198928908,4.55622094276542,0.749391077905731
SSF,2019,7.68605718661234,4.17870500665423,0.685613684471628
SSF,2020,6.0342782573881,2.16960102865375,0.876495665554591
SSF,2021,10.0545041309002,3.81771432229384,2.91475326120895
SSF,2022,,,
SSF,2023,,,
SSF,2024,,,
SSF,2025,,,
SST,1960,,,
SST,1961,,,
SST,1962,,,
SST,1963,,,
SST,1964,,,
SST,1965,,,
SST,1966,,,
SST,1967,,,
SST,1968,,,
SST,1969,,,
SST,1970,3.96630327405443,,2.86071397195508
SST,1971,3.63733645801302,,2.57428890012754
SST,1972,3.04540105796661,,2.16053902600288
SST,1973,2.63993360179375,,1.54731939458801
SST,1974,2.78296997254855,,2.06411293784274
SST,1975,2.37658009474187,,1.46805673664523
SST,1976,31.1272779361281,24.4528989265,1.36363353111276
SST,1977,27.3280982245611,21.4024352838088,1.37495829040705
SST,1978,25.1933775552469,19.5667035667666,1.19283624008372
SST,1979,1.55053519983399,,0.80332753456913
SST,1980,27.2444063639552,23.5164485386418,0.590851360500192
SST,1981,18.2989278614271,16.11319060045,0.543961438717338
SST,1982,10.4271243520654,8.7891470081335,0.479536371377495
SST,1983,12.692421255397,10.9266141669018,0.377201985384821
SST,1984,13.8214699551922,11.7004565528844,0.547964629601435
SST,1985,12.4289576756541,10.0483863051419,0.534575644297221
SST,1986,7.57172621281308,4.81345130061091,0.558539081369372
SST,1987,8.28948726477595,5.80012451611318,0.360895616708049
SST,1988,6.00111196269395,3.75693884973221,0.319895247123978
SST,1989,7.97978675119035,5.51094683737011,0.365829922240108
SST,1990,9.26950441846603,6.75725876475577,0.300318031230573
SST,1991,6.0138472580527,3.81989830060283,0.280518813312153
SST,1992,5.80219239202233,3.75684618784679,0.231240955579012
SST,1993,6.12615745194047,3.72246518638955,0.278066248275884
SST,1994,5.71671086427319,3.18874230313517,0.320444633743356
SST,1995,5.33617520319867,2.84978872045977,0.204562703299328
SST,1996,5.79606294385796,3.25881507043226,0.237334280753738
SST,1997,5.19587643210284,2.81801569596595,0.178088044507703
SST,1998,2.92261385254974,1.26920854273982,0.111307198091531
SST,1999,3.92182577118831,2.25599031291475,0.103554479001247
SST,2000,5.57470860742558,3.54461063380072,0.112133843825037
SST,2001,4.37181730667063,2.37318100465932,0.0798100307662829
SST,2002,4.14053267644638,2.46142791925094,0.0628208730426115
SST,2003,4.10223605825494,2.33868906354307,0.0757455827407449
SST,2004,4.49979672624875,2.72941063417413,0.120655239209094
SST,2005,5.85646206191293,3.8854437653206,0.168324364112035
SST,2006,6.71159340242489,4.57935164027443,0.171685250322275
SST,2007,5.83491202569294,3.7263959970558,0.192141735448058
SST,2008,6.61146842451771,4.13996825964408,0.185952878203172
SST,2009,4.91596841072661,2.31501358059932,0.275323597856068
SST,2010,5.684276770473,2.90611062333688,0.561864894844031
SST,2011,7.84170035873679,4.04247808172003,0.744425918108084
SST,2012,7.240350440251,3.50634115623095,0.844929377328406
SST,2013,6.28482843966835,2.79080441511374,0.546625544218994
SST,2014,5.34258186146255,2.35872826053968,0.270625704152905
SST,2015,3.90525333733476,1.19038453292929,0.128251009733238
SST,2016,3.0127482358744,0.829412866050325,0.440824024322776
SST,2017,3.33118106405232,1.0423474765942,0.450463185311154
SST,2018,3.97312699540178,1.39066192553768,0.072336796740329
SST,2019,3.69239558343813,1.14812116495022,0.064061134534886
SST,2020,2.82691907224577,0.691650505666948,0.0811100681538482
SST,2021,4.6747737113434,1.95004432285133,0.333204090089308
SST,2022,,,
SST,2023,,,
SST,2024,,,
SST,2025,,,
STP,1960,,,
STP,1961,,,
STP,1962,,,
STP,1963,,,
STP,1964,,,
STP,1965,,,
STP,1966,,,
STP,1967,,,
STP,1968,,,
STP,1969,,,
STP,1970,,,
STP,1971,,,
STP,1972,,,
STP,1973,,,
STP,1974,,,
STP,1975,,,
STP,1976,,,
STP,1977,,,
STP,1978,,,
STP,1979,,,
STP,1980,,,
STP,1981,,,
STP,1982,,,
STP,1983,,,
STP,1984,,,
STP,1985,,,
STP,1986,,,
STP,1987,,,
STP,1988,,,
STP,1989,,,
STP,1990,,,
STP,1991,,,
STP,1992,,,
STP,1993,,,
STP,1994,,,
STP,1995,,,
STP,1996,,,
STP,1997,,,
STP,1998,,,
STP,1999,,,
STP,2000,,,
STP,2001,2.97851781674319,0.0,0.0
STP,2002,3.20434365847031,0.0,0.0
STP,2003,4.00630925326351,0.0,0.0
STP,2004,3.05849147819464,0.0,0.0
STP,2005,2.74523195490654,0.0,0.0
STP,2006,2.68486078996349,0.0,0.0
STP,2007,3.62146494582258,0.0,0.0
STP,2008,3.51834389031727,0.0,0.0
STP,2009,3.5091899751829,0.0,0.0
STP,2010,3.97441398723173,0.0,0.0
STP,2011,3.82221922487921,0.0,0.0
STP,2012,3.81740404574064,0.0,0.0
STP,2013,3.33902231905861,0.0,0.0
STP,2014,3.04723492306762,0.0,0.0
STP,2015,3.41287577328636,0.0,0.0
STP,2016,3.27531389837999,0.0,0.0
STP,2017,3.15239782697584,0.0,0.0
STP,2018,2.33693840944991,0.0,0.0
STP,2019,2.04664899329107,0.0,0.0
STP,2020,1.98018939747641,0.0,0.0
STP,2021,1.88439596006627,0.0,0.0
STP,2022,,,
STP,2023,,,
STP,2024,,,
STP,2025,,,
SUR,1960,,,
SUR,1961,,,
SUR,1962,,,
SUR,1963,,,
SUR,1964,,,
SUR,1965,,,
SUR,1966,,,
SUR,1967,,,
SUR,1968,,,
SUR,1969,,,
SUR,1970,17.8700023254966,,17.2383191712802
SUR,1971,17.8624590248963,,17.0865588007652
SUR,1972,18.7417647729893,,18.1017701847251
SUR,1973,14.6266811217403,,13.7954909522929
SUR,1974,28.4605828237216,,27.5931047504649
SUR,1975,16.5693044361395,,15.0659874115551
SUR,1976,17.3169540746777,,16.2087274887849
SUR,1977,18.1790813533758,,17.1031932791505
SUR,1978,16.2920776303593,,15.1833236518423
SUR,1979,14.2431744831896,,12.2083039198459
SUR,1980,14.3988413188888,0.0,12.592878787488
SUR,1981,12.2470769944789,0.0,11.0495091354176
SUR,1982,11.0450255529325,0.280038834678944,9.74627575592216
SUR,1983,9.59453938438348,0.387361223441769,8.36301092263271
SUR,1984,11.1148200276506,0.32928120711935,10.2633314661869
SUR,1985,12.0743392070621,0.688035762997561,10.7391006097747
SUR,1986,10.1999614112829,0.540075608205263,8.9970284491043
SUR,1987,5.66291354582063,0.892539517373402,4.25171132821184
SUR,1988,6.26983668102382,0.875946431225653,4.75221714049643
SUR,1989,17.9456663503837,3.18690065242386,13.8813631503183
SUR,1990,24.9251550632949,6.48868176638466,17.4890767050982
SUR,1991,19.9460123835592,3.27359378253324,15.9289922849084
SUR,1992,22.8639354771962,4.66907449228185,17.1131953228613
SUR,1993,16.3479624727372,4.48964578891102,10.9517525296327
SUR,1994,13.5676097350674,3.6497472360016,9.30322358202206
SUR,1995,9.7655832957579,4.20272952774132,4.85812768104103
SUR,1996,10.6504016452728,4.57306400000621,4.99641888038689
SUR,1997,8.94786757802082,4.57159624352455,3.70314860633004
SUR,1998,4.90955761131605,2.22792645485833,2.27588117598258
SUR,1999,7.92111939836538,5.54774661240561,2.05472681241014
SUR,2000,12.3387388089747,9.6570386910926,2.29570986124248
SUR,2001,11.6233257963328,8.57701308174341,2.59158253077232
SUR,2002,7.86803705064934,6.6713651664465,0.806549725816622
SUR,2003,6.93494800304082,5.97914212009237,0.540561354718122
SUR,2004,8.9413724509072,6.45522246853907,2.14606258880203
SUR,2005,15.2004474166859,8.63608457094893,6.22665126158148
SUR,2006,13.1868444010477,7.84880116051496,4.98891549688092
SUR,2007,14.3924082867818,8.36431435476551,5.68559354253548
SUR,2008,15.9675361939534,10.4429452069185,5.15410720267858
SUR,2009,11.3987131377577,4.70070969381809,6.32960356067876
SUR,2010,22.1694362010361,5.82683537587144,15.8268075926677
SUR,2011,31.9335594131783,9.41801678852129,21.8087684433287
SUR,2012,29.1297720421828,7.99471670842876,20.4115806580609
SUR,2013,20.7444083074763,7.07724159024642,12.964995495585
SUR,2014,13.3454910423686,6.48885277692169,6.09326812853332
SUR,2015,5.12495877980327,2.53674856688081,1.60688468256807
SUR,2016,15.0617975898749,2.93811167650529,10.6215455975275
SUR,2017,19.7854729048857,4.01262933516518,13.5863756645371
SUR,2018,8.44388268533074,5.79745793323679,0.0
SUR,2019,6.83251753458721,4.64572430249017,0.0
SUR,2020,4.60122863820656,2.99417364471055,0.0
SUR,2021,9.59272209392741,7.93252614181898,0.0
SUR,2022,,,
SUR,2023,,,
SUR,2024,,,
SUR,2025,,,
SVK,1960,,,
SVK,1961,,,
SVK,1962,,,
SVK,1963,,,
SVK,1964,,,
SVK,1965,,,
SVK,1966,,,
SVK,1967,,,
SVK,1968,,,
SVK,1969,,,
SVK,1970,,,
SVK,1971,,,
SVK,1972,,,
SVK,1973,,,
SVK,1974,,,
SVK,1975,,,
SVK,1976,,,
SVK,1977,,,
SVK,1978,,,
SVK,1979,,,
SVK,1980,,,
SVK,1981,,,
SVK,1982,,,
SVK,1983,,,
SVK,1984,,,
SVK,1985,,,
SVK,1986,,,
SVK,1987,,,
SVK,1988,,,
SVK,1989,,,
SVK,1990,0.183389027050841,0.0281402221439932,0.0
SVK,1991,0.110997318441033,0.013627016418704,0.0
SVK,1992,0.0565910675447282,0.0122661772789879,0.0
SVK,1993,0.830401181586743,0.0213759915575167,0.0321582586112597
SVK,1994,0.536439465100375,0.0156386182294211,0.0248355192815179
SVK,1995,0.498550713214508,0.0149998130978498,0.0196466226877072
SVK,1996,0.489853876392068,0.0223281669641781,0.0129156350457425
SVK,1997,0.378012958126354,0.016510382368542,0.00805972659351148
SVK,1998,0.330940623478682,0.0037940962216565,0.0181920098559652
SVK,1999,0.356253003675616,0.00846299820339081,0.0165786215836197
SVK,2000,0.404812702829579,0.0241597051195618,0.0140502267731677
SVK,2001,0.359441674513417,0.0158003204347444,0.00833335658881743
SVK,2002,0.257190615969929,0.0138850270798446,0.0046757152421606
SVK,2003,0.256611358525381,0.0114928737044564,0.00198942782311625
SVK,2004,0.300470034071033,0.0115043850236051,0.00403337991278956
SVK,2005,0.320443991598652,0.0123977111611511,0.018305397734561
SVK,2006,0.295365970628096,0.0115567670110504,0.0193890914892269
SVK,2007,0.320032290067116,0.0082301455398637,0.0418829716449524
SVK,2008,0.384452093508407,0.00898207738807562,0.0338895635001715
SVK,2009,0.269772306103852,0.00458673613083437,0.00171847043692538
SVK,2010,0.337208259001387,0.00461386183404766,0.0162687596176801
SVK,2011,0.359867998454853,0.00792826107571999,0.0175624216527325
SVK,2012,0.325157520045924,0.00771268380260719,0.0224797225106137
SVK,2013,0.296934539699268,0.00600611018293953,0.0166680379009485
SVK,2014,0.288569282906269,0.00491177248757578,0.0142990473449852
SVK,2015,0.26302479249352,0.00239610899150758,0.0123495880111281
SVK,2016,0.261669771629207,0.00142932910460491,0.0129752757965403
SVK,2017,0.333116894336664,0.00151193128645312,0.0136037154009211
SVK,2018,0.289202597240663,0.00198363398162276,0.0121934331639505
SVK,2019,0.251989434209045,0.00156694289828893,0.00716261357234817
SVK,2020,0.219233025168727,0.000491874857273577,0.00872625980669719
SVK,2021,0.226150293544136,0.00176348784699933,0.011739036506355
SVK,2022,,,
SVK,2023,,,
SVK,2024,,,
SVK,2025,,,
SVN,1960,,,
SVN,1961,,,
SVN,1962,,,
SVN,1963,,,
SVN,1964,,,
SVN,1965,,,
SVN,1966,,,
SVN,1967,,,
SVN,1968,,,
SVN,1969,,,
SVN,1970,,,
SVN,1971,,,
SVN,1972,,,
SVN,1973,,,
SVN,1974,,,
SVN,1975,,,
SVN,1976,,,
SVN,1977,,,
SVN,1978,,,
SVN,1979,,,
SVN,1980,,,
SVN,1981,,,
SVN,1982,,,
SVN,1983,,,
SVN,1984,,,
SVN,1985,,,
SVN,1986,,,
SVN,1987,,,
SVN,1988,,,
SVN,1989,,,
SVN,1990,,,
SVN,1991,,,
SVN,1992,,,
SVN,1993,,,
SVN,1994,,,
SVN,1995,0.194232755918525,7.47604676557127e-05,0.0
SVN,1996,0.193183540777698,8.94628877796405e-05,0.0
SVN,1997,0.183659778680949,6.01617847945739e-05,0.0
SVN,1998,0.136929271401127,1.40135241061114e-05,0.0
SVN,1999,0.131329520324845,3.7464529598148e-05,0.0
SVN,2000,0.165849101778217,7.48466914379018e-05,0.0
SVN,2001,0.199306385689207,5.32255557663364e-05,0.0
SVN,2002,0.13744231201025,4.39489545980475e-05,0.0
SVN,2003,0.144377050092285,3.58600452949128e-05,0.0
SVN,2004,0.234121034135071,4.17014661148403e-05,0.0
SVN,2005,0.184333376963884,4.19073137576575e-05,0.0
SVN,2006,0.211639433767345,4.43761975018317e-05,0.0
SVN,2007,0.231396138446941,,0.0
SVN,2008,0.393053204516194,,0.0
SVN,2009,0.206333476418366,,0.0
SVN,2010,0.300599361470026,,0.0
SVN,2011,0.35989971304657,,0.0
SVN,2012,0.252704524589708,,0.0
SVN,2013,0.206400677505941,,0.0
SVN,2014,0.264570914876485,,0.0
SVN,2015,0.263848700764214,,0.0
SVN,2016,0.261246243560769,,0.0
SVN,2017,0.268545994107094,8.56129547999711e-05,0.0
SVN,2018,0.261790471547443,0.000282754610890312,0.0
SVN,2019,0.23437135303998,6.44611831761803e-05,0.0
SVN,2020,0.214171558575469,1.39101147863392e-05,0.0
SVN,2021,0.189323915465621,2.90014634526052e-05,0.0
SVN,2022,,,
SVN,2023,,,
SVN,2024,,,
SVN,2025,,,
SWE,1960,,,
SWE,1961,,,
SWE,1962,,,
SWE,1963,,,
SWE,1964,,,
SWE,1965,,,
SWE,1966,,,
SWE,1967,,,
SWE,1968,,,
SWE,1969,,,
SWE,1970,0.806038115139766,,0.0913206122259278
SWE,1971,0.749416006016062,0.0,0.0652785814349071
SWE,1972,0.627217956457721,0.0,0.0566110531022718
SWE,1973,0.957214943703862,0.0,0.192579208726276
SWE,1974,1.11921642140004,0.0,0.23559217905063
SWE,1975,0.772216775954683,0.0,0.0458766170516461
SWE,1976,0.795635131345747,0.000152752809286281,0.142868831404688
SWE,1977,0.577888644136187,5.11686480933587e-05,0.108384707868435
SWE,1978,0.625860479410648,4.69544134790783e-05,0.0460349944710619
SWE,1979,0.703481874521711,9.73856166314279e-05,0.0970007784269397
SWE,1980,0.636926549164139,0.0026418899058242,0.0945908075878412
SWE,1981,0.578720816344427,0.000464299650646101,0.0568360283029687
SWE,1982,0.658317439351591,0.000992603154846484,0.081567879742434
SWE,1983,0.654339146805078,0.00187273757350528,0.0788470179016977
SWE,1984,0.522823729601192,0.000924435836059113,0.0503736403078986
SWE,1985,0.554642289083712,0.000451429798820003,0.0547308631006203
SWE,1986,0.482363252063517,9.87641431645724e-05,0.0259506139157031
SWE,1987,0.438906988166469,0.000130503443099543,0.0426255156366343
SWE,1988,0.701237326921411,6.51882945464175e-05,0.339374709788509
SWE,1989,0.725256142369899,9.89312376055159e-05,0.332550129831039
SWE,1990,0.454474775423161,0.000113214092216938,0.115857441713048
SWE,1991,0.292402559012758,3.50341886107007e-05,0.0546105626093776
SWE,1992,0.286668949478264,1.83309389348241e-05,0.0424185723667299
SWE,1993,0.382328611450851,1.30703650373528e-05,0.0609392109790994
SWE,1994,0.364459334860803,,0.0613750580631278
SWE,1995,0.39523491032722,,0.0680725361615915
SWE,1996,0.304507220475052,0.0,0.0175700833241693
SWE,1997,0.352089818196316,0.0,0.0719507279382347
SWE,1998,0.339398189675043,0.0,0.0672239878239182
SWE,1999,0.271024961238607,0.0,0.0484920954470747
SWE,2000,0.313367613234087,0.0,0.068212327043002
SWE,2001,0.322643494072171,0.000855178634988416,0.0622480164640183
SWE,2002,0.321564907171153,0.00187099387688099,0.0207258337359642
SWE,2003,0.263508968727942,0.00178996795016745,0.00951037530259392
SWE,2004,0.238576047242459,0.00272035256561386,0.0464938973347541
SWE,2005,0.436646674359194,0.00451845572642441,0.159568440224076
SWE,2006,0.441406275820555,0.00695268926167058,0.240919250739693
SWE,2007,0.649093880537934,0.010650077737385,0.394740585050201
SWE,2008,0.653208439558389,0.0182062873540388,0.401410242213109
SWE,2009,0.34427300932069,0.0167686492033472,0.0984220972083905
SWE,2010,1.41416853353088,0.0203671152425583,1.15454780189688
SWE,2011,1.6957695570353,0.0295942454553409,1.45076797804663
SWE,2012,1.06629092584269,0.026228031109986,0.844917599933344
SWE,2013,1.00193412946544,0.020164251116792,0.787563078524436
SWE,2014,0.908726777199877,0.0174025911395759,0.677202405089752
SWE,2015,0.488159781498559,0.00960496894959815,0.263522474149408
SWE,2016,0.722466863316197,0.00769340484074064,0.503239973629847
SWE,2017,1.04602397797532,0.00997779201287988,0.844546639788375
SWE,2018,1.06109616438888,0.0261727179380502,0.781670408713803
SWE,2019,0.404780111504663,0.0253712710404297,0.17217730595366
SWE,2020,0.370599691340783,0.0132039613355993,0.17739716332548
SWE,2021,1.20827979934218,0.0272391808431431,1.00125372772349
SWE,2022,,,
SWE,2023,,,
SWE,2024,,,
SWE,2025,,,
SWZ,1960,,,
SWZ,1961,,,
SWZ,1962,,,
SWZ,1963,,,
SWZ,1964,,,
SWZ,1965,,,
SWZ,1966,,,
SWZ,1967,,,
SWZ,1968,,,
SWZ,1969,,,
SWZ,1970,17.3963038109363,,6.73298483662726
SWZ,1971,15.0597432086332,,5.70942236424689
SWZ,1972,8.63783807986707,,4.15793322674749
SWZ,1973,6.69106391170173,,2.42825285154418
SWZ,1974,8.36767450415574,,2.76929855858869
SWZ,1975,14.6435695586253,,4.24001798197281
SWZ,1976,15.1877912178144,,6.28629254305929
SWZ,1977,12.5608773550601,,4.19067398032059
SWZ,1978,14.4191040315086,,2.34962245688178
SWZ,1979,13.1624653456814,,0.521670804888298
SWZ,1980,10.1316137159358,0.0,0.0
SWZ,1981,11.001808698618,0.0,0.0
SWZ,1982,12.4259358187246,0.0,0.0
SWZ,1983,6.82994817807093,0.0,0.0
SWZ,1984,10.7645984174907,0.0,0.0
SWZ,1985,21.4686941721906,0.0,0.0
SWZ,1986,7.9742116409962,0.0,0.0
SWZ,1987,5.51521361101247,0.0,0.0
SWZ,1988,8.65227228141971,0.0,0.0
SWZ,1989,8.82549328216776,0.0,0.0
SWZ,1990,5.59468301267685,0.0,0.0
SWZ,1991,4.79420832466728,0.0,0.0
SWZ,1992,4.38880978587526,0.0,0.0
SWZ,1993,4.22765551319908,0.0,0.0
SWZ,1994,4.05796378289217,0.0,0.0
SWZ,1995,4.1186163619443,0.0,0.0
SWZ,1996,4.44658303431243,0.0,0.0
SWZ,1997,3.8630347045267,0.0,0.0
SWZ,1998,4.11892279507686,0.0,0.0
SWZ,1999,3.24174582656197,0.0,0.0
SWZ,2000,2.96474122584246,0.0,0.0
SWZ,2001,3.46238536598299,0.0,0.0
SWZ,2002,4.47317674745905,0.0,0.0
SWZ,2003,2.85629396804877,0.0,0.0
SWZ,2004,2.36992798917747,0.0,0.0
SWZ,2005,2.05352202116111,0.0,0.0
SWZ,2006,2.01403860027349,0.0,0.0
SWZ,2007,2.65465043431262,0.0,0.0
SWZ,2008,3.77519043420084,0.0,0.0
SWZ,2009,2.67177186311795,0.0,0.0
SWZ,2010,2.3895930131961,0.170197299227968,0.0
SWZ,2011,2.64276236861755,0.298564481507319,0.0
SWZ,2012,4.18067033297096,0.42623661227343,1.41862291427182
SWZ,2013,4.50064467722075,0.405654265154514,1.65031152723727
SWZ,2014,3.43977917921013,0.312695221324426,0.460663457117491
SWZ,2015,3.40740844429257,0.124269749067541,0.0
SWZ,2016,4.60471033148777,0.116108859833854,0.0
SWZ,2017,4.03940046980401,0.0,0.0
SWZ,2018,3.14380015317315,0.0,0.0
SWZ,2019,3.2760764754406,0.0,0.0
SWZ,2020,3.38164464300091,0.0,0.0
SWZ,2021,2.99915237990705,0.0,0.0
SWZ,2022,,,
SWZ,2023,,,
SWZ,2024,,,
SWZ,2025,,,
SXM,1960,,,
SXM,1961,,,
SXM,1962,,,
SXM,1963,,,
SXM,1964,,,
SXM,1965,,,
SXM,1966,,,
SXM,1967,,,
SXM,1968,,,
SXM,1969,,,
SXM,1970,,,
SXM,1971,,,
SXM,1972,,,
SXM,1973,,,
SXM,1974,,,
SXM,1975,,,
SXM,1976,,,
SXM,1977,,,
SXM,1978,,,
SXM,1979,,,
SXM,1980,,,
SXM,1981,,,
SXM,1982,,,
SXM,1983,,,
SXM,1984,,,
SXM,1985,,,
SXM,1986,,,
SXM,1987,,,
SXM,1988,,,
SXM,1989,,,
SXM,1990,,,
SXM,1991,,,
SXM,1992,,,
SXM,1993,,,
SXM,1994,,,
SXM,1995,,,
SXM,1996,,,
SXM,1997,,,
SXM,1998,,,
SXM,1999,,,
SXM,2000,,,
SXM,2001,,,
SXM,2002,,,
SXM,2003,,,
SXM,2004,,,
SXM,2005,,,
SXM,2006,,,
SXM,2007,,,
SXM,2008,,,
SXM,2009,,,
SXM,2010,,,
SXM,2011,0.0,,0.0
SXM,2012,0.0,,0.0
SXM,2013,0.0,,0.0
SXM,2014,0.0,,0.0
SXM,2015,0.0,,0.0
SXM,2016,0.0,,0.0
SXM,2017,0.0,,0.0
SXM,2018,0.0,,0.0
SXM,2019,,,
SXM,2020,,,
SXM,2021,,,
SXM,2022,,,
SXM,2023,,,
SXM,2024,,,
SXM,2025,,,
SYC,1960,,,
SYC,1961,,,
SYC,1962,,,
SYC,1963,,,
SYC,1964,,,
SYC,1965,,,
SYC,1966,,,
SYC,1967,,,
SYC,1968,,,
SYC,1969,,,
SYC,1970,0.0,,0.0
SYC,1971,0.0,,0.0
SYC,1972,0.0,,0.0
SYC,1973,0.0,,0.0
SYC,1974,0.0,,0.0
SYC,1975,0.0,,0.0
SYC,1976,0.0,,0.0
SYC,1977,0.0,,0.0
SYC,1978,0.0,,0.0
SYC,1979,0.0,,0.0
SYC,1980,0.0,0.0,0.0
SYC,1981,0.0,0.0,0.0
SYC,1982,0.0,0.0,0.0
SYC,1983,0.0,0.0,0.0
SYC,1984,0.0,0.0,0.0
SYC,1985,0.0,0.0,0.0
SYC,1986,0.0,0.0,0.0
SYC,1987,0.0,0.0,0.0
SYC,1988,0.0,0.0,0.0
SYC,1989,0.0,0.0,0.0
SYC,1990,0.124123297587184,0.0,0.0
SYC,1991,0.111514883493607,0.0,0.0
SYC,1992,0.109511997038486,0.0,0.0
SYC,1993,0.101569572131425,0.0,0.0
SYC,1994,0.101996080131255,0.0,0.0
SYC,1995,0.119075541245383,0.0,0.0
SYC,1996,0.111417504052815,0.0,0.0
SYC,1997,0.08862974332445,0.0,0.0
SYC,1998,0.0821548448881146,0.0,0.0
SYC,1999,0.0744368313246236,0.0,0.0
SYC,2000,0.106839697103305,0.0,0.0
SYC,2001,0.100866292801415,0.0,0.0
SYC,2002,0.104835241294799,0.0,0.0
SYC,2003,0.118386036607082,0.0,0.0
SYC,2004,0.0655728027215241,0.0,0.0
SYC,2005,0.0909496426772842,0.0,0.0
SYC,2006,0.102807711673663,0.0,0.0
SYC,2007,0.108712512691565,0.0,0.0
SYC,2008,0.178453829903448,0.0,0.0
SYC,2009,0.160955511131527,0.0,0.0
SYC,2010,0.146953956678162,0.0,0.0
SYC,2011,0.149780680938161,0.0,0.0
SYC,2012,0.1644793129234,0.0,0.0
SYC,2013,0.136887236537623,0.0,0.0
SYC,2014,0.122451367247677,0.0,0.0
SYC,2015,0.100073979606541,0.0,0.0
SYC,2016,0.0990332020466637,0.0,0.0
SYC,2017,0.11671286310133,0.0,0.0
SYC,2018,0.121453194976473,0.0,0.0
SYC,2019,0.0974947166802459,0.0,0.0
SYC,2020,0.13148617576909,0.0,0.0
SYC,2021,0.120645132507182,0.0,0.0
SYC,2022,,,
SYC,2023,,,
SYC,2024,,,
SYC,2025,,,
SYR,1960,,,
SYR,1961,,,
SYR,1962,,,
SYR,1963,,,
SYR,1964,,,
SYR,1965,,,
SYR,1966,,,
SYR,1967,,,
SYR,1968,,,
SYR,1969,,,
SYR,1970,1.5450322950587,1.51692199518822,0.0
SYR,1971,2.21858067371676,2.14362702161,0.0
SYR,1972,2.64251256095484,2.62681949029117,0.0
SYR,1973,3.5139686639891,3.4979919567417,0.0
SYR,1974,10.7547188082191,10.4405513385578,0.304933676120099
SYR,1975,12.3441434991293,11.7440667642906,0.469265734241223
SYR,1976,11.7451234179676,11.6385886302933,0.0
SYR,1977,10.9097779642099,10.6512436815037,0.1334931097562
SYR,1978,10.0034111294709,9.88212755521074,0.0
SYR,1979,16.9308024629187,16.7646667415908,0.0
SYR,1980,15.4041425276246,15.2769187804736,0.0
SYR,1981,10.9313069502048,10.8854680897114,0.0
SYR,1982,8.09840716012353,8.07814697178203,0.0
SYR,1983,7.87878974472753,7.82989860232749,0.0
SYR,1984,7.54386116855297,7.50091052630776,0.0
SYR,1985,6.53581018233061,6.51353038101444,0.0
SYR,1986,2.76781443090502,2.73388073976416,0.0
SYR,1987,4.02200843566106,3.96633657327268,0.0
SYR,1988,7.53397116720068,7.44098662854038,0.0
SYR,1989,12.0427508489341,11.8951959290728,0.0
SYR,1990,14.6262400223917,14.260823036194,0.0
SYR,1991,9.29385718953599,8.92841463608632,0.0
SYR,1992,8.48567383462419,8.18580221007131,0.0
SYR,1993,7.54976151505174,7.26196334517648,0.0
SYR,1994,6.07802847816542,5.82564319070209,0.0
SYR,1995,6.06788933260159,5.88048416705209,0.0
SYR,1996,6.02905380947082,5.79836509975941,0.0
SYR,1997,5.04580136221127,4.78815895353369,0.0
SYR,1998,3.10750320061054,2.82312756899585,0.0
SYR,1999,4.48504926571727,4.21015883331316,0.0
SYR,2000,6.45786585558319,6.13966972588644,0.0
SYR,2001,5.22698243829877,4.92261404061527,0.0
SYR,2002,5.48864248955815,5.18459530453076,0.0
SYR,2003,5.8103150487949,5.5304418274807,0.0
SYR,2004,4.83903739957955,4.57641557385435,0.0
SYR,2005,5.53488198706116,5.29082341663287,0.0
SYR,2006,5.40934294961658,5.16369608370094,0.0
SYR,2007,4.80807293077512,4.59093161345655,0.00824713520694178
SYR,2008,5.63988552760689,5.19652182902386,0.265093417729989
SYR,2009,3.3008620480675,2.96166778457661,0.14307847448198
SYR,2010,4.10943264371734,3.83125650391356,0.0574900957559479
SYR,2011,20.3536054160127,18.8708007318397,0.556730350561456
SYR,2012,15.2359708811944,13.5972766904663,0.414808468680751
SYR,2013,10.4697183432435,8.17348065756745,0.219422661707584
SYR,2014,5.74137102637288,3.75849764649316,0.175729786134017
SYR,2015,3.61325134885599,1.97169808202096,0.103648948838868
SYR,2016,3.17208654310089,1.84950445227804,0.0
SYR,2017,3.11485462954234,1.8857145317546,0.00790143480261003
SYR,2018,3.35036111849182,1.87604739024899,0.00237473154819515
SYR,2019,3.76931985084524,2.46515545695966,0.0
SYR,2020,6.37482598047532,4.01504490668102,0.0
SYR,2021,,,
SYR,2022,,,
SYR,2023,,,
SYR,2024,,,
SYR,2025,,,
TCA,1960,,,
TCA,1961,,,
TCA,1962,,,
TCA,1963,,,
TCA,1964,,,
TCA,1965,,,
TCA,1966,,,
TCA,1967,,,
TCA,1968,,,
TCA,1969,,,
TCA,1970,,,
TCA,1971,,,
TCA,1972,,,
TCA,1973,,,
TCA,1974,,,
TCA,1975,,,
TCA,1976,,,
TCA,1977,,,
TCA,1978,,,
TCA,1979,,,
TCA,1980,,,
TCA,1981,,,
TCA,1982,,,
TCA,1983,,,
TCA,1984,,,
TCA,1985,,,
TCA,1986,,,
TCA,1987,,,
TCA,1988,,,
TCA,1989,,,
TCA,1990,,,
TCA,1991,,,
TCA,1992,,,
TCA,1993,,,
TCA,1994,,,
TCA,1995,,,
TCA,1996,,,
TCA,1997,,,
TCA,1998,,,
TCA,1999,,,
TCA,2000,,,
TCA,2001,0.00195017578846437,0.0,0.0
TCA,2002,0.00177744045909041,0.0,0.0
TCA,2003,0.00176369859536628,0.0,0.0
TCA,2004,0.00160774282106281,0.0,0.0
TCA,2005,0.00137263351421437,0.0,0.0
TCA,2006,0.00165189492161972,0.0,0.0
TCA,2007,0.00166099161014742,0.0,0.0
TCA,2008,0.00165092058226261,0.0,0.0
TCA,2009,0.00192412123548456,0.0,0.0
TCA,2010,0.00470190017585731,0.0,0.0
TCA,2011,0.00387136232153088,0.0,0.0
TCA,2012,0.00388988760953433,0.0,0.0
TCA,2013,0.00513935047593194,0.0,0.0
TCA,2014,0.00597028510106603,0.0,0.0
TCA,2015,0.00415130851289815,0.0,0.0
TCA,2016,0.00520201843450933,0.0,0.0
TCA,2017,0.00448799747282142,0.0,0.0
TCA,2018,0.00277281674159693,0.0,0.0
TCA,2019,0.00235664810158653,0.0,0.0
TCA,2020,0.00416657969513341,0.0,0.0
TCA,2021,0.00326750077470616,0.0,0.0
TCA,2022,,,
TCA,2023,,,
TCA,2024,,,
TCA,2025,,,
TCD,1960,,,
TCD,1961,,,
TCD,1962,,,
TCD,1963,,,
TCD,1964,,,
TCD,1965,,,
TCD,1966,,,
TCD,1967,,,
TCD,1968,,,
TCD,1969,,,
TCD,1970,3.97796114841242,,0.0
TCD,1971,3.41327687868115,,0.0
TCD,1972,3.47021052678578,,0.0
TCD,1973,5.08371241731335,,0.0
TCD,1974,5.81663743279141,,0.0
TCD,1975,5.68186561420352,,0.0
TCD,1976,5.35463116003651,,0.0
TCD,1977,8.09744940757087,,0.0
TCD,1978,7.21980942866371,,0.0
TCD,1979,8.47665819315549,,0.0
TCD,1980,10.0783919659402,0.0,0.0
TCD,1981,10.370678498481,0.0,0.0
TCD,1982,14.6271123152802,0.0,0.0
TCD,1983,10.034189434446,0.0,0.0
TCD,1984,8.31292207832378,0.0,0.0
TCD,1985,5.7303662971421,0.0,0.0
TCD,1986,8.60106538644531,0.0,0.0
TCD,1987,7.90416622031188,0.0,0.0
TCD,1988,6.58618031747852,0.0,0.0
TCD,1989,7.07578489310118,0.0,0.0
TCD,1990,7.51734818693891,0.0,0.0
TCD,1991,6.91105202800515,0.0,0.0
TCD,1992,7.23066186985987,0.0,0.0
TCD,1993,8.50696655660757,0.0,0.0
TCD,1994,12.1988096377489,0.0,0.0
TCD,1995,14.2163486584076,0.0,0.0
TCD,1996,12.7277173769849,0.0,0.0
TCD,1997,12.4551814464249,0.0,0.0
TCD,1998,11.6316656029818,0.0,0.0
TCD,1999,9.50402148727577,0.0,0.0
TCD,2000,10.5734977135563,0.0,0.0
TCD,2001,8.36504776729485,0.0,0.0
TCD,2002,8.65186088391704,0.0,0.0
TCD,2003,14.3393379007977,4.74383447804891,0.0
TCD,2004,34.9264279168197,29.8599644670772,0.0
TCD,2005,36.3205988355502,32.6666259924004,0.00440105835601705
TCD,2006,34.2599109523942,30.8512410137952,0.0110102374005071
TCD,2007,33.0605206762299,28.9574096374403,0.0107913517039891
TCD,2008,33.9195928441547,29.6642941556194,0.00785128126343534
TCD,2009,19.3963985864073,14.6756159361222,0.0103492447249394
TCD,2010,23.7814056347722,20.0317465897842,0.0116300353875234
TCD,2011,28.1688125971144,24.3983730486377,0.0169080248308308
TCD,2012,24.7933556227023,20.5311950776099,0.0
TCD,2013,20.0436304196548,15.7791942816497,0.0014025320669766
TCD,2014,15.6882203824047,11.3679339086533,0.00106445436073507
TCD,2015,11.9712071081449,6.2969962979888,0.00102209769486153
TCD,2016,13.110061160108,6.59687876223435,0.00142486258583427
TCD,2017,16.8846139020106,10.2750096848343,0.0
TCD,2018,20.9399413766231,16.6121673665612,0.0
TCD,2019,19.6499588651766,15.5707595430138,0.0
TCD,2020,13.9330901678111,9.22817147863275,0.0
TCD,2021,21.3429312625159,16.7515661611417,0.0
TCD,2022,,,
TCD,2023,,,
TCD,2024,,,
TCD,2025,,,
TEA,1960,,,
TEA,1961,,,
TEA,1962,,,
TEA,1963,,,
TEA,1964,,,
TEA,1965,,,
TEA,1966,,,
TEA,1967,,,
TEA,1968,,,
TEA,1969,,,
TEA,1970,1.8232204762874,0.0511254789952364,0.336836680935021
TEA,1971,1.81098417110917,0.056184264572647,0.266081915145085
TEA,1972,2.43988473720725,0.195830432685192,0.311225820247882
TEA,1973,4.31978704388955,0.589670774419175,0.543278067591389
TEA,1974,7.85463923198897,4.07519618324887,0.78334746823599
TEA,1975,9.00823315140926,4.17056755912853,0.406002711838777
TEA,1976,10.605458728022,5.20525051087129,0.56529423244763
TEA,1977,11.1659133711404,5.49301451015476,0.632462418312616
TEA,1978,11.5305948511442,5.89388796389748,0.582063067359082
TEA,1979,19.1929705511082,12.7018104803685,0.797477214067402
TEA,1980,19.6627512507828,12.3314645867275,0.860811741332664
TEA,1981,16.4439688400928,9.26667919314291,0.697921363378979
TEA,1982,13.4714868988342,5.60316242606854,0.536482238172777
TEA,1983,12.1642432259618,6.52779761203743,0.54300499366469
TEA,1984,10.352352383924,6.46197431240877,0.404775872821982
TEA,1985,9.72653301753906,5.80934335254491,0.391520058047084
TEA,1986,6.4181714828182,2.88831950420531,0.30033670899489
TEA,1987,7.63335262423906,4.35448393022337,0.425752184442022
TEA,1988,7.09334930513758,3.0041800466815,1.13424158632593
TEA,1989,8.22806538317946,4.15127951286827,0.703887037822232
TEA,1990,9.26960091059726,5.43236305345372,0.552375460702863
TEA,1991,6.52439326004338,2.97050679182337,0.567913246095281
TEA,1992,6.12279932812429,2.91220466874198,0.492723213886201
TEA,1993,5.19659043764181,2.63425974427104,0.339497410946918
TEA,1994,4.21663255363438,1.88431144847837,0.333386663066384
TEA,1995,4.18607062431678,1.67431170296067,0.359192239146536
TEA,1996,3.95616283219073,1.89970525921861,0.259636723045605
TEA,1997,3.35651771935571,1.58499074499858,0.244644245332301
TEA,1998,2.68032862471702,0.823647923897789,0.425601600859669
TEA,1999,2.79711616188599,1.35714692502629,0.337462772586217
TEA,2000,4.08268417856452,2.53874246563762,0.22075029430646
TEA,2001,3.60402668605022,1.69723092754366,0.184308571838284
TEA,2002,2.95067896135242,1.56257098388654,0.189406862981044
TEA,2003,3.20363489810916,1.59536987887077,0.210099288476876
TEA,2004,5.40069912533366,2.04459250128373,0.326420671912392
TEA,2005,5.92027245039965,2.73601565447452,0.721745993858989
TEA,2006,6.17492316658556,2.67038580832722,1.13886336708455
TEA,2007,6.75444944027802,2.11422194264089,2.0054503689655
TEA,2008,9.50490041426225,2.44082342031983,1.99115651608588
TEA,2009,4.29147920034067,1.122500238196,0.958810251400448
TEA,2010,6.30967478261027,1.45267123806988,1.81617301880222
TEA,2011,7.6357994231077,1.82368130083762,2.08943881584865
TEA,2012,4.40480450540896,1.52725618263697,0.750553382450372
TEA,2013,3.36516880912398,1.28017936559137,0.606122587549727
TEA,2014,2.77344171216195,1.07376404272969,0.364050605392761
TEA,2015,1.534960397984,0.418712817544229,0.20932059204281
TEA,2016,1.35374706447194,0.31391517104985,0.199294393688145
TEA,2017,1.64955530010108,0.400604919180785,0.255513387298406
TEA,2018,1.82586180733672,0.522839989644043,0.225823209610875
TEA,2019,1.57314874726315,0.368417476405695,0.283597709167936
TEA,2020,1.10020149582825,0.138212931691496,0.192657780225569
TEA,2021,2.0996810137546,0.368544728144059,0.621570756840104
TEA,2022,,,
TEA,2023,,,
TEA,2024,,,
TEA,2025,,,
TEC,1960,,,
TEC,1961,,,
TEC,1962,,,
TEC,1963,,,
TEC,1964,,,
TEC,1965,,,
TEC,1966,,,
TEC,1967,,,
TEC,1968,,,
TEC,1969,,,
TEC,1970,0.691508496870238,0.0156688439786595,0.214782947317114
TEC,1971,0.660287783036747,0.0551276822693913,0.118608920405928
TEC,1972,0.580501952483688,0.0644778111666937,0.0948054454215406
TEC,1973,0.782691076207577,0.0966253001839665,0.205143058308503
TEC,1974,1.18135732065411,0.401813017550154,0.163568603393556
TEC,1975,0.916591008911233,0.280814902169639,0.0704190476909267
TEC,1976,0.935880834464155,0.220074807046092,0.0939006952725564
TEC,1977,0.819877007022891,0.21249292669636,0.0794472810207793
TEC,1978,0.811207187137414,0.196069037564345,0.0499470930886876
TEC,1979,0.844103057889608,0.362416289836324,0.0497731679215065
TEC,1980,1.4298831504928,0.401503128730753,0.180083752928477
TEC,1981,1.52350077446867,0.318894288748464,0.129712501170859
TEC,1982,1.47035215373828,0.214399062254995,0.142877676493528
TEC,1983,1.17701516603245,0.282151547863799,0.123898433365547
TEC,1984,1.25463201240812,0.412788471335406,0.136877967013678
TEC,1985,1.25523403054937,0.385226823106328,0.15854966019523
TEC,1986,0.760206404676562,0.147431947230169,0.0562507334074014
TEC,1987,2.0951566390085,0.953527486066936,0.0651274869698849
TEC,1988,4.68669112303839,3.63111104490262,0.108938046758105
TEC,1989,6.91803074731303,5.78831328777078,0.115733156701633
TEC,1990,8.68720220214196,6.48189185838072,0.0868133604721139
TEC,1991,4.55706684874841,2.89044579632189,0.0469279753950713
TEC,1992,5.32126425704572,2.84968296434265,0.833337924066555
TEC,1993,4.88372035819303,2.53042169501274,0.466198166407495
TEC,1994,4.40077310445326,2.30101567255556,0.450558014694617
TEC,1995,4.76443306247645,2.19632251337069,0.355919081011114
TEC,1996,5.19160479919504,2.94072065699265,0.238410987384269
TEC,1997,4.38998234416787,2.25390860878853,0.180360521052797
TEC,1998,1.67019064949854,0.774699568363778,0.229981454803807
TEC,1999,3.63770844431775,2.60981584399919,0.289403905980081
TEC,2000,7.98003805515216,5.57374828172926,0.298552792657344
TEC,2001,8.53377455160187,4.3275712780288,0.193697225717876
TEC,2002,7.38248460384835,4.39371483941229,0.235128200295764
TEC,2003,7.34449604047803,4.61007317156418,0.185985519971481
TEC,2004,7.84454180765498,5.22562922298203,0.285242122359227
TEC,2005,8.52008742649603,6.36173322325093,0.416725026557779
TEC,2006,9.6552545605948,6.29035785199574,0.781572138632625
TEC,2007,8.83723940055613,5.63805275834097,1.04858563589502
TEC,2008,11.2767792183977,6.79359779361107,0.789387850851763
TEC,2009,7.83457022556908,4.73501511081326,0.566245803074046
TEC,2010,8.58606720997336,4.69293075829898,1.46844995557058
TEC,2011,11.003905235051,6.3834810012725,1.62160049720629
TEC,2012,9.61860046039551,5.90908524512646,1.15150738112005
TEC,2013,8.45869069395078,5.25916541380962,0.985775826816791
TEC,2014,7.79073802532109,5.20425755640429,0.871057557151703
TEC,2015,5.1010328186333,2.86449582677176,0.58272838443548
TEC,2016,4.40897418431189,2.33318642043414,0.838013179882335
TEC,2017,5.80255038164851,3.21209346823834,1.01062256179288
TEC,2018,8.30935445815033,5.04007514254663,0.986939648669245
TEC,2019,6.68114418214242,4.4066212164023,0.619029738533247
TEC,2020,4.11965097843638,2.30196651082442,0.815875990806673
TEC,2021,10.0824680010157,4.84459115510577,1.85996830540008
TEC,2022,,,
TEC,2023,,,
TEC,2024,,,
TEC,2025,,,
TGO,1960,,,
TGO,1961,,,
TGO,1962,,,
TGO,1963,,,
TGO,1964,,,
TGO,1965,,,
TGO,1966,,,
TGO,1967,,,
TGO,1968,,,
TGO,1969,,,
TGO,1970,6.38800580954129,,0.0
TGO,1971,4.97557071631962,0.0,0.0
TGO,1972,4.87646389201072,0.0,0.0
TGO,1973,6.78043653276118,0.0,0.0
TGO,1974,21.3653539059003,0.0,15.9189422254066
TGO,1975,15.4888874494839,0.0,8.7564389097084
TGO,1976,11.0659830829157,0.0,5.00164020586481
TGO,1977,23.1063597566266,0.0,14.4272987107265
TGO,1978,9.99923874965317,0.0,1.74767512736824
TGO,1979,9.29110311279225,0.0,2.05059627432149
TGO,1980,9.92010964421417,0.0,3.23699620407056
TGO,1981,11.0159333630954,0.0,3.91721295604499
TGO,1982,14.8722804110022,0.0,2.91172949361567
TGO,1983,11.0888374694251,0.0,2.56006191418178
TGO,1984,9.56439313923457,0.0,1.26125774510764
TGO,1985,7.87100479290926,0.0,2.122517693178
TGO,1986,7.15321880449411,0.0,0.476582696186597
TGO,1987,5.59683136135332,0.0,0.0
TGO,1988,5.59521461306537,0.0,0.0
TGO,1989,5.85673980592305,0.0,0.0
TGO,1990,6.11169329304312,0.0,0.0
TGO,1991,6.29687124613528,0.0,0.0
TGO,1992,6.23238965823591,0.0,0.0
TGO,1993,7.36144125463647,0.0,0.0
TGO,1994,11.1059991161753,0.0,0.0
TGO,1995,12.6268567305943,0.0,0.0
TGO,1996,11.2517302304362,0.0,0.0
TGO,1997,10.6753886502018,0.0,0.0
TGO,1998,10.3801458110484,0.0,0.0
TGO,1999,6.80166561450354,0.0,0.0
TGO,2000,7.14401583181283,0.0,0.0
TGO,2001,6.64861942296073,0.0,0.0
TGO,2002,6.84815672076429,0.0,0.0
TGO,2003,9.30157253117212,0.0,0.0
TGO,2004,6.31025984592111,0.0,0.103163540744571
TGO,2005,6.87103075962386,0.0,0.810493582580259
TGO,2006,8.39328796217993,0.0,2.65003130114261
TGO,2007,10.5484843902413,0.0,3.08134189373554
TGO,2008,15.1545627268664,0.0,8.15592721286484
TGO,2009,14.6752963580582,0.0,7.60668735729254
TGO,2010,11.3076284343152,0.0,5.23926759324848
TGO,2011,17.924810571738,0.0,11.8029506365718
TGO,2012,20.9936889901917,0.0,13.7131798803292
TGO,2013,15.5653200902369,0.0,8.82156958097004
TGO,2014,13.3950715961836,0.0,6.41043476461478
TGO,2015,12.7280087175611,0.0,4.92982840936854
TGO,2016,9.003109569313,0.0,3.28204654518312
TGO,2017,7.77733835842081,0.0,2.44585071714405
TGO,2018,4.87362329556752,0.0,1.72251587055505
TGO,2019,4.32587635811955,0.0,1.32333207549457
TGO,2020,4.73168572169493,0.0,1.60364186844157
TGO,2021,7.86417419787513,0.0,4.880592026997
TGO,2022,,,
TGO,2023,,,
TGO,2024,,,
TGO,2025,,,
THA,1960,,,
THA,1961,,,
THA,1962,,,
THA,1963,,,
THA,1964,,,
THA,1965,,,
THA,1966,,,
THA,1967,,,
THA,1968,,,
THA,1969,,,
THA,1970,1.11813278200826,,0.0540021570036958
THA,1971,1.03267591925657,0.00014699592998263,0.0031987699834742
THA,1972,1.49120591811501,0.000203367338700307,0.00506910642463883
THA,1973,2.30164957035895,0.00048528054969446,0.0336524514650136
THA,1974,2.27658465295209,0.00272731166273437,0.602330529194088
THA,1975,1.7729244908987,0.0027024941379687,0.0801329829700739
THA,1976,1.68996207277702,0.00345248976010671,0.144894542844798
THA,1977,2.23420162722544,0.00495104949773012,0.478576147788114
THA,1978,1.8109720590934,0.00369535364392527,0.613661647391949
THA,1979,2.45153531748761,0.00862414576303014,0.8325189493912
THA,1980,2.27082745223484,0.00967885382727414,0.737790884706014
THA,1981,1.303709851431,0.00864756729862053,0.404095195055151
THA,1982,1.28352200007881,0.00560038169835253,0.310513502470159
THA,1983,1.23098552421632,0.121096379753785,0.250660839144023
THA,1984,1.16489160653116,0.255028986820187,0.253727868940385
THA,1985,1.46043795536249,0.398201638635679,0.229910018718574
THA,1986,1.21696229951166,0.165945628110213,0.0251341346761937
THA,1987,1.19322890113549,0.178253490297115,0.0417410387009659
THA,1988,1.40066437896741,0.124273258971343,0.492231940561683
THA,1989,1.37641657663299,0.30573698012341,0.399336409220384
THA,1990,1.20375710987377,0.390458989518824,0.179166832324281
THA,1991,0.809732902461381,0.204628439443956,0.024365745321816
THA,1992,0.842725546694055,0.222297336687868,0.025826131754631
THA,1993,0.728072272061621,0.191334945616026,0.00625986391589626
THA,1994,0.737820725865071,0.15255889934956,0.0096987113664548
THA,1995,0.794698605026913,0.135055462244214,0.00229049107503461
THA,1996,0.884654104500189,0.181677746071039,0.00357792319307981
THA,1997,1.1194897221251,0.223459763581227,0.00324842014772199
THA,1998,1.13200555125819,0.147065962629727,0.00312017115812805
THA,1999,1.10201089053417,0.259444930626917,0.00367448246825502
THA,2000,2.03569797727683,0.687313150348311,0.00208046959774586
THA,2001,1.94127427905778,0.524207577556559,0.000846817923239997
THA,2002,1.74432562114147,0.526342209841627,0.0137660507937291
THA,2003,2.29161140202485,0.6555395444715,0.00987948767144361
THA,2004,2.39381750940094,0.818270913353913,0.0129648779826171
THA,2005,2.84717140955297,1.3590750714862,0.0231047966674329
THA,2006,2.88566054006214,1.53654839015347,0.0456511727735759
THA,2007,2.75732969055044,1.36661103193532,0.0818042349909075
THA,2008,3.62309704439162,1.90791786682769,0.085386547959203
THA,2009,2.40093157400913,1.00735619758168,0.038736598154847
THA,2010,2.73568032123207,1.3337808366326,0.0558791976494496
THA,2011,3.14709998160529,1.77251079433152,0.0438546783467379
THA,2012,2.90571167294829,1.64099046582139,0.0415721763959624
THA,2013,2.61852748014065,1.43416971462893,0.0272661101202421
THA,2014,2.8228271736769,1.25645532400063,0.0215541407035652
THA,2015,1.93092320697655,0.533712422055235,0.0113573721080165
THA,2016,1.5532188768547,0.429121666160215,0.0147800576124685
THA,2017,1.63215260676224,0.527823222383697,0.000217150276012418
THA,2018,1.81670642609227,0.680804724043357,0.000133079856536415
THA,2019,1.51242491485513,0.459890940562708,0.0
THA,2020,1.1095683956846,0.173930820486899,0.0
THA,2021,1.8170265297611,0.481657874747012,0.0
THA,2022,,,
THA,2023,,,
THA,2024,,,
THA,2025,,,
TJK,1960,,,
TJK,1961,,,
TJK,1962,,,
TJK,1963,,,
TJK,1964,,,
TJK,1965,,,
TJK,1966,,,
TJK,1967,,,
TJK,1968,,,
TJK,1969,,,
TJK,1970,,,
TJK,1971,,,
TJK,1972,,,
TJK,1973,,,
TJK,1974,,,
TJK,1975,,,
TJK,1976,,,
TJK,1977,,,
TJK,1978,,,
TJK,1979,,,
TJK,1980,,,
TJK,1981,,,
TJK,1982,,,
TJK,1983,,,
TJK,1984,,,
TJK,1985,,,
TJK,1986,,,
TJK,1987,,,
TJK,1988,,,
TJK,1989,,,
TJK,1990,1.69355094045864,1.32941154033489,0.0
TJK,1991,1.86307000298545,1.44203234686491,0.0
TJK,1992,0.714722404668352,0.373235624982289,0.282585340140406
TJK,1993,0.586346091471546,0.393962427002128,0.14777087076087
TJK,1994,0.500991605733205,0.298823179914826,0.171979900649593
TJK,1995,0.827377198461063,0.338132479940795,0.411043635650341
TJK,1996,0.911480712324929,0.428948082920156,0.418329671894138
TJK,1997,0.876321242763277,0.319253743913911,0.456621726398018
TJK,1998,0.286222519684449,0.0467197706947863,0.225167352573719
TJK,1999,0.617502657171856,0.125359928201962,0.476069261980792
TJK,2000,1.03361279036881,0.305499130051128,0.633697728184772
TJK,2001,0.805848988816504,0.159928729256591,0.443927573948253
TJK,2002,0.870841445154547,0.127446536342407,0.684907219175688
TJK,2003,0.771708158446555,0.127382356278296,0.55049994375961
TJK,2004,0.670242624415773,0.0922315559393627,0.408572669207736
TJK,2005,0.573554955696277,0.134517641366481,0.309365930294612
TJK,2006,0.806534780212606,0.134455288777573,0.516589789878647
TJK,2007,0.755300010566859,0.106966593659828,0.495364202675643
TJK,2008,0.83611428208625,0.0958394628921368,0.437602477255297
TJK,2009,0.667149274578302,0.049879787862125,0.457413669879396
TJK,2010,1.67499054637824,0.0500741640314768,1.44243773063226
TJK,2011,2.03753218816376,0.0703343870138553,1.76956852075726
TJK,2012,1.70765801661998,0.0871854413002674,1.47187397202428
TJK,2013,1.3294136907651,0.0751868970455604,1.1522690734811
TJK,2014,2.19331996280515,0.0656854181326736,1.30072335544431
TJK,2015,2.26536441077173,0.0242529873354977,1.33117691744839
TJK,2016,3.80725838932103,0.0591268078088316,2.7461458602989
TJK,2017,4.54778525164425,0.108282689241086,3.20501299100874
TJK,2018,5.40040742136206,0.205073118353045,3.71239504049256
TJK,2019,5.22368712777317,0.198471762295415,3.70846698650732
TJK,2020,5.13513488386848,0.123761200414224,3.73160590717429
TJK,2021,9.04634759702914,0.287161792744173,7.09388801536399
TJK,2022,,,
TJK,2023,,,
TJK,2024,,,
TJK,2025,,,
TKM,1960,,,
TKM,1961,,,
TKM,1962,,,
TKM,1963,,,
TKM,1964,,,
TKM,1965,,,
TKM,1966,,,
TKM,1967,,,
TKM,1968,,,
TKM,1969,,,
TKM,1970,,,
TKM,1971,,,
TKM,1972,,,
TKM,1973,,,
TKM,1974,,,
TKM,1975,,,
TKM,1976,,,
TKM,1977,,,
TKM,1978,,,
TKM,1979,,,
TKM,1980,,,
TKM,1981,,,
TKM,1982,,,
TKM,1983,,,
TKM,1984,,,
TKM,1985,,,
TKM,1986,,,
TKM,1987,66.9863376249531,31.9089121693983,0.0
TKM,1988,42.9046542359707,19.7363927884801,0.0
TKM,1989,56.7797686076664,30.3019711262335,0.0
TKM,1990,75.1906858388906,36.9958648805975,0.0
TKM,1991,40.5147794176787,16.8800455826601,0.0
TKM,1992,29.6105678051655,19.9047154993293,0.0
TKM,1993,42.4720293155611,17.7942339413151,0.0
TKM,1994,34.1757031378678,17.8376089472006,0.0
TKM,1995,47.6696604159181,19.3436639708266,0.0
TKM,1996,58.5978853551026,25.922048776799,0.0
TKM,1997,40.3711114117977,16.7788120542216,0.0
TKM,1998,6.66996650893168,5.17003700619145,0.0
TKM,1999,18.7194907376426,16.0897902835792,0.0
TKM,2000,59.3410849589971,30.535152185722,0.0
TKM,2001,75.3659098606219,20.35664897038,0.0
TKM,2002,52.4472081690816,18.1172651196065,0.0
TKM,2003,48.7135348522424,17.8117065078813,0.0
TKM,2004,44.100559936972,20.5072458932071,0.0
TKM,2005,43.1678316179969,24.9081038011301,0.0
TKM,2006,51.478078444309,19.4762524278938,0.0
TKM,2007,49.2587863251987,20.0784433322394,0.0
TKM,2008,56.9658866272325,22.0912039942029,0.0
TKM,2009,22.9354468837346,10.2736499740055,0.0
TKM,2010,23.2100512626625,10.1728023386414,0.0
TKM,2011,34.2784349181735,14.0634051116026,0.0
TKM,2012,30.8737007585666,12.1349569552354,0.0
TKM,2013,27.4926438120002,11.1133699718905,0.0
TKM,2014,20.1759840166561,8.82992886177661,0.0
TKM,2015,15.4827871650235,4.89963192640452,0.0
TKM,2016,9.65761604863881,3.65533512745275,0.0
TKM,2017,13.0262092742703,5.57117152728362,0.0
TKM,2018,20.0690091609088,8.53882490078466,0.0
TKM,2019,13.4925127713072,5.84622688648033,0.0
TKM,2020,,,
TKM,2021,,,
TKM,2022,,,
TKM,2023,,,
TKM,2024,,,
TKM,2025,,,
TLA,1960,,,
TLA,1961,,,
TLA,1962,,,
TLA,1963,,,
TLA,1964,,,
TLA,1965,,,
TLA,1966,,,
TLA,1967,,,
TLA,1968,,,
TLA,1969,,,
TLA,1970,2.1738798551532,0.524569903668523,1.08957088866521
TLA,1971,1.99066832934221,0.698558428356731,0.78455169876152
TLA,1972,1.94989951674231,0.692917211343944,0.74188173027315
TLA,1973,2.57963258137157,0.981718539356054,0.991797441668482
TLA,1974,5.74063797488721,3.98785417339047,1.19016658932234
TLA,1975,4.78403877939571,3.28613065517031,0.715007316431828
TLA,1976,4.79703152324601,3.27096529269914,0.884966916544261
TLA,1977,4.08314708884332,2.60205953027114,0.750217455525469
TLA,1978,3.94601267669777,2.6667657250216,0.574155458978169
TLA,1979,8.27419199409935,6.55669167213406,0.818420957965414
TLA,1980,9.01203852704215,7.14192170200648,0.944622961439471
TLA,1981,6.86091816658795,5.56791842011047,0.581430767769867
TLA,1982,5.41087214132533,3.78138916573795,0.612267513126948
TLA,1983,7.45072231001827,5.79920680345168,0.811144837366075
TLA,1984,7.19588757973188,5.79683320729944,0.735770736392213
TLA,1985,6.7587806169677,5.37840856153929,0.781039058095072
TLA,1986,3.56263457604644,2.32343114175511,0.625618000718207
TLA,1987,4.95418146162741,3.58706970985284,0.76054464175102
TLA,1988,4.34436064113073,2.4534823374123,1.32677540136377
TLA,1989,5.40961684058479,3.38662381206741,1.4130082666619
TLA,1990,6.07391549466478,4.36640036258724,1.00907735392984
TLA,1991,3.53533677036364,2.32842060466607,0.566669514034051
TLA,1992,3.35886156502257,2.31498973767536,0.458828347938615
TLA,1993,2.71498412086585,1.95208992998242,0.255894830122464
TLA,1994,2.41525179078122,1.65308601536618,0.341887358173025
TLA,1995,2.81257339879238,1.84567401780303,0.468240253484235
TLA,1996,3.12120817870549,2.33310745000407,0.38061469350095
TLA,1997,2.67111101847483,1.96584810566765,0.329817419012931
TLA,1998,1.64315932688583,1.067841661565,0.250022868051637
TLA,1999,2.67820124659154,2.00615372369033,0.294417791887825
TLA,2000,3.99760623355355,3.31729369574412,0.329282132421144
TLA,2001,3.21783475046497,2.57454893272425,0.273689958425413
TLA,2002,3.77558107416264,3.04622408292514,0.297088287395595
TLA,2003,4.11289060099984,3.30393536074008,0.376560555950657
TLA,2004,5.04096117646168,3.88928124543583,0.722972421471613
TLA,2005,6.40931738695789,4.93873256198712,1.04243805801944
TLA,2006,7.33960552717432,5.0966995098611,1.73544761927144
TLA,2007,6.90354687272526,4.36682413845405,1.98898653066037
TLA,2008,7.51442806398527,5.13305565163876,1.73747951724405
TLA,2009,4.18372283544779,2.64418806704967,0.971196798630564
TLA,2010,5.34201067563541,3.03325910239192,1.71333758515627
TLA,2011,6.95823951335277,4.26945985559728,1.98126049804173
TLA,2012,6.1754436745382,3.99977239192223,1.5049435399867
TLA,2013,5.37890429187891,3.33373126620767,1.32723961335902
TLA,2014,4.46551966839224,2.84217569574345,0.930043918727777
TLA,2015,2.37191932993987,1.11527415761649,0.628051482316506
TLA,2016,2.26835042395372,0.860763055347753,0.770797513803281
TLA,2017,2.71847091326743,1.12147292999857,0.96746263255589
TLA,2018,3.47412792005921,1.77801873610936,0.974081049774667
TLA,2019,2.71979821816431,1.47530504121108,0.595163077363973
TLA,2020,2.5584454161187,0.834372614236077,1.02770889723739
TLA,2021,6.29670190301465,1.97736548743676,3.68668708652056
TLA,2022,,,
TLA,2023,,,
TLA,2024,,,
TLA,2025,,,
TLS,1960,,,
TLS,1961,,,
TLS,1962,,,
TLS,1963,,,
TLS,1964,,,
TLS,1965,,,
TLS,1966,,,
TLS,1967,,,
TLS,1968,,,
TLS,1969,,,
TLS,1970,,,
TLS,1971,,,
TLS,1972,,,
TLS,1973,,,
TLS,1974,,,
TLS,1975,,,
TLS,1976,,,
TLS,1977,,,
TLS,1978,,,
TLS,1979,,,
TLS,1980,,,
TLS,1981,,,
TLS,1982,,,
TLS,1983,,,
TLS,1984,,,
TLS,1985,,,
TLS,1986,,,
TLS,1987,,,
TLS,1988,,,
TLS,1989,,,
TLS,1990,,,
TLS,1991,,,
TLS,1992,,,
TLS,1993,,,
TLS,1994,,,
TLS,1995,,,
TLS,1996,,,
TLS,1997,,,
TLS,1998,,,
TLS,1999,,,
TLS,2000,0.403626442484974,,0.0
TLS,2001,0.349604288511654,,0.0
TLS,2002,0.385732111728361,,0.0
TLS,2003,0.520108397399869,0.0,0.0
TLS,2004,,,0.0
TLS,2005,,,0.0
TLS,2006,,,0.0
TLS,2007,,,0.0
TLS,2008,,,0.0
TLS,2009,,,0.0
TLS,2010,,,0.0
TLS,2011,,,0.0
TLS,2012,,,0.0
TLS,2013,,,0.0
TLS,2014,,,0.0
TLS,2015,79.4309494383903,24.2895242064057,0.0
TLS,2016,44.5556159738805,12.5519849690425,0.0
TLS,2017,44.8705165836223,13.2190114443342,0.0
TLS,2018,62.7689541343655,14.4948180632868,0.0
TLS,2019,44.8952633775622,12.5972177320814,0.0
TLS,2020,34.3932968859447,2.79171478872949,0.0
TLS,2021,34.7297460391742,5.29715520859989,0.0
TLS,2022,,,
TLS,2023,,,
TLS,2024,,,
TLS,2025,,,
TMN,1960,,,
TMN,1961,,,
TMN,1962,,,
TMN,1963,,,
TMN,1964,,,
TMN,1965,,,
TMN,1966,,,
TMN,1967,,,
TMN,1968,,,
TMN,1969,,,
TMN,1970,6.42360358200759,5.79160929017011,0.0765436222781244
TMN,1971,7.41901436060286,6.67045500069745,0.0548983287229478
TMN,1972,8.49632674051293,7.97496324611106,0.03985276289236
TMN,1973,11.7177518732629,11.1062911278728,0.101654600764276
TMN,1974,33.7135984371282,32.3350400241291,1.0184883421164
TMN,1975,28.0224148402719,26.5418088468548,0.80279609372732
TMN,1976,26.3677464009601,25.5913351863494,0.257997362498133
TMN,1977,25.0919316291428,23.8716451301497,0.583891729105594
TMN,1978,24.3517462238003,23.5803898386166,0.109585243239205
TMN,1979,28.7096926723664,27.7679315365936,0.134259267399679
TMN,1980,30.5720633734589,29.9303298819697,0.161717571565747
TMN,1981,21.2467002484004,20.5486322999385,0.201974063891837
TMN,1982,16.1037526226878,15.5740429994323,0.141250241597641
TMN,1983,14.9184683412079,14.1451729041904,0.118419875201747
TMN,1984,14.422816228167,13.7490957539673,0.0695579919470472
TMN,1985,13.6764934121205,13.0591079641151,0.091760474095531
TMN,1986,6.44685624935928,5.83001536867858,0.0412914287264334
TMN,1987,10.8708150497201,10.1759870306565,0.0232076047279698
TMN,1988,10.5180935155804,9.56172892158433,0.22157407444916
TMN,1989,15.3832312190413,14.5070394896282,0.079652277820688
TMN,1990,15.3636384481025,14.6734276831093,0.0400919183493767
TMN,1991,,,
TMN,1992,9.80862758751354,8.74179036607991,0.0281373183885339
TMN,1993,13.5603889946257,12.4635000297108,0.0412065348345735
TMN,1994,14.3945208165918,13.2236436420003,0.0727212744449537
TMN,1995,12.6451826201509,11.3742448332611,0.0866945268438902
TMN,1996,13.4034280468418,12.1132141345458,0.047180334382679
TMN,1997,12.4257295574481,11.012448246153,0.0474448792133039
TMN,1998,8.82386462554253,7.40408577312393,0.0485139384654214
TMN,1999,12.0347972148925,10.696751619003,0.0363411308128239
TMN,2000,18.0840173157535,16.4828130906778,0.0309249759723529
TMN,2001,14.9935593199041,13.1290741913621,0.0233023937100899
TMN,2002,14.8146940497179,12.9973489963896,0.0237517116580435
TMN,2003,15.2921964567864,13.5831897646778,0.0220576053109221
TMN,2004,18.6282167640733,16.939220311639,0.0924660709435917
TMN,2005,23.7521581022676,21.6051689228391,0.170367269555228
TMN,2006,24.8197450380579,22.509084999904,0.310738485022426
TMN,2007,22.5487786644272,20.4211216735023,0.458719429227562
TMN,2008,26.047475353487,23.4908743356808,1.02714358786244
TMN,2009,16.4529408585768,14.0159833834783,0.684649088185953
TMN,2010,18.8131916367908,16.5449473495314,0.736826954942838
TMN,2011,21.3610797804421,18.7615722072744,0.941441399971564
TMN,2012,20.5715410146561,18.2187594312516,0.702223159482877
TMN,2013,19.4786816391383,17.1554776685042,0.60655063573417
TMN,2014,17.7361995681028,15.5832615099937,0.43091083858096
TMN,2015,10.4346954392292,8.73035914127691,0.29407352085385
TMN,2016,9.08855336485147,7.63568743132732,0.320987501893221
TMN,2017,12.4250468658951,10.5974846083597,0.3969673282402
TMN,2018,18.3662940740219,15.5951663508428,0.362802755776491
TMN,2019,15.3812338278359,12.7376458619263,0.188260628326748
TMN,2020,9.87168909396206,6.97908373161718,0.266799332372578
TMN,2021,16.2749737095106,11.9531991037863,0.757179286316994
TMN,2022,,,
TMN,2023,,,
TMN,2024,,,
TMN,2025,,,
TON,1960,,,
TON,1961,,,
TON,1962,,,
TON,1963,,,
TON,1964,,,
TON,1965,,,
TON,1966,,,
TON,1967,,,
TON,1968,,,
TON,1969,,,
TON,1970,,,
TON,1971,,,
TON,1972,,,
TON,1973,,,
TON,1974,,,
TON,1975,0.0403340343938181,,0.0
TON,1976,0.0470036730758095,,0.0
TON,1977,0.0583036609453,,0.0
TON,1978,0.0386457211566714,,0.0
TON,1979,0.0509803858835904,,0.0
TON,1980,0.0480588805669918,0.0,0.0
TON,1981,0.024815562894719,0.0,0.0
TON,1982,0.403824411182441,0.0,0.0
TON,1983,0.159189841878654,0.0,0.0
TON,1984,0.109551126954798,0.0,0.0
TON,1985,0.200602048708139,0.0,0.0
TON,1986,0.202477559081077,0.0,0.0
TON,1987,0.182378380371624,0.0,0.0
TON,1988,0.136672266634792,0.0,0.0
TON,1989,0.150967598552069,0.0,0.0
TON,1990,0.0790821090507851,0.0,0.0
TON,1991,0.0709410563790071,0.0,0.0
TON,1992,0.0738748430297598,0.0,0.0
TON,1993,0.0783017810668079,0.0,0.0
TON,1994,0.0583899433181254,0.0,0.0
TON,1995,0.066306271778409,0.0,0.0
TON,1996,0.0635689367095886,0.0,0.0
TON,1997,0.0487477295034594,0.0,0.0
TON,1998,0.0547913596038476,0.0,0.0
TON,1999,0.0294183638681561,0.0,0.0
TON,2000,0.0280007129178722,0.0,0.0
TON,2001,0.0334836324185704,0.0,0.0
TON,2002,0.0356624746568151,0.0,0.0
TON,2003,0.0416732311926056,0.0,0.0
TON,2004,0.0314037620833385,0.0,0.0
TON,2005,0.0240156319029119,0.0,0.0
TON,2006,0.0365612699976649,0.0,0.0
TON,2007,0.0481607338181629,0.0,0.0
TON,2008,0.0556292226810907,0.0,0.0
TON,2009,0.0549399979848963,0.0,0.0
TON,2010,0.0485079387936127,0.0,0.0
TON,2011,0.0478419579924403,0.0,0.0
TON,2012,0.0398683612912305,0.0,0.0
TON,2013,0.0401188794815067,0.0,0.0
TON,2014,0.0521558048423682,0.0,0.0
TON,2015,0.0421389970297059,0.0,0.0
TON,2016,0.0453861467678001,0.0,0.0
TON,2017,0.0540904435129096,0.0,0.0
TON,2018,0.0399575891818241,0.0,0.0
TON,2019,0.0355539728781376,0.0,0.0
TON,2020,0.0390440712702677,0.0,0.0
TON,2021,0.0407524657583253,0.0,0.0
TON,2022,,,
TON,2023,,,
TON,2024,,,
TON,2025,,,
TSA,1960,,,
TSA,1961,,,
TSA,1962,,,
TSA,1963,,,
TSA,1964,,,
TSA,1965,,,
TSA,1966,,,
TSA,1967,,,
TSA,1968,,,
TSA,1969,,,
TSA,1970,0.674847037214044,0.0602560719793342,0.193197554420333
TSA,1971,0.813944963111007,0.0741190940343558,0.201785213579879
TSA,1972,0.820768926347688,0.0689885012303986,0.194355983952209
TSA,1973,0.952137226662598,0.0680296665420818,0.166044783801294
TSA,1974,1.46972461552108,0.364118834498185,0.203630832641835
TSA,1975,2.65624246224306,0.427658550029535,0.264419663309683
TSA,1976,2.73174436364159,0.534887964438984,0.414014220664613
TSA,1977,3.85584574649755,0.603297833067835,0.371622657543711
TSA,1978,3.29391919937223,0.598666821732384,0.24247437318633
TSA,1979,3.02571911439943,1.37976496312642,0.273047911029896
TSA,1980,2.67621008374795,0.872403027033754,0.274815151032562
TSA,1981,3.52218268223146,1.4088734016562,0.258067766721185
TSA,1982,3.77614174604064,1.2070889557624,0.311869775669158
TSA,1983,3.22987972277593,1.54303889776667,0.23348935076095
TSA,1984,3.02369139438192,1.52884443915987,0.227402099301232
TSA,1985,3.11025921227827,1.78400947806112,0.221680470956094
TSA,1986,2.20037355327135,0.80615739189258,0.213667055364915
TSA,1987,2.00054362000493,0.970019061913694,0.170663149178668
TSA,1988,1.90445966293707,0.725447815792698,0.226238764862998
TSA,1989,2.57859672550736,1.17405549635164,0.283603015128832
TSA,1990,3.0829859382523,1.52363701840124,0.268151823830533
TSA,1991,2.76578095949918,1.02491652824681,0.217430435590204
TSA,1992,2.51886477553297,0.831974429373853,0.28010264722914
TSA,1993,2.18025366134531,0.735391392543963,0.238383516412402
TSA,1994,1.91005866482185,0.692629668584653,0.182337850352431
TSA,1995,2.27956493100768,0.750452440297594,0.189661862021402
TSA,1996,2.21670542652667,0.825084000556908,0.200238575026193
TSA,1997,1.96339644640971,0.731443007512229,0.191383132503917
TSA,1998,1.60549059864465,0.368201594618712,0.310033749943179
TSA,1999,1.68286501929312,0.612913388566976,0.230249578233356
TSA,2000,2.23301860549415,1.03387787550611,0.224755534697101
TSA,2001,2.2137633284752,0.755848630897102,0.242626208250193
TSA,2002,2.15800141203913,0.787028210151861,0.237300898545032
TSA,2003,2.06869399729546,0.758669364007567,0.210614061546558
TSA,2004,2.91077621281472,0.942325759847263,0.268386988315864
TSA,2005,3.36669538300688,1.14929687053824,0.745477479017491
TSA,2006,3.64371354105057,1.19707542431,0.910752756290694
TSA,2007,4.12233981123706,1.05318688732146,1.54166033076778
TSA,2008,6.42982550955229,1.42443211078388,2.02914838933549
TSA,2009,3.09940782425614,0.575850842715001,0.836514721256847
TSA,2010,4.1408155808001,0.737825169764748,1.35616935123027
TSA,2011,4.84942629051881,1.21105366751584,1.26911104040718
TSA,2012,3.69319465147743,1.17753129106626,0.680309020031352
TSA,2013,3.32846307784383,1.05926336265379,0.786529828074538
TSA,2014,2.56301669252901,0.836808307329215,0.471049538281633
TSA,2015,1.63866841744547,0.317763159336371,0.249282115897542
TSA,2016,1.58568533720548,0.191799938422547,0.305625319411324
TSA,2017,1.79018456274107,0.274396670350316,0.394713231060992
TSA,2018,2.00324012469636,0.388281738040819,0.369887122710054
TSA,2019,1.79528138280783,0.264893798862115,0.555034217146668
TSA,2020,1.58063875860331,0.123633642420788,0.578908651862126
TSA,2021,2.76936071813056,0.280986716747459,1.1207498064026
TSA,2022,,,
TSA,2023,,,
TSA,2024,,,
TSA,2025,,,
TSS,1960,,,
TSS,1961,,,
TSS,1962,,,
TSS,1963,,,
TSS,1964,,,
TSS,1965,,,
TSS,1966,,,
TSS,1967,,,
TSS,1968,,,
TSS,1969,,,
TSS,1970,4.3354531954234,,2.28608871784654
TSS,1971,3.93779646345246,0.102522544081867,1.5417191387065
TSS,1972,4.05437362518515,0.369548118586324,1.37387000447918
TSS,1973,5.69745339889164,0.575014900498455,2.33537771802361
TSS,1974,12.4526234014213,7.11706402096596,2.66146453545315
TSS,1975,9.73852293665774,5.09541754199357,1.05935473487961
TSS,1976,9.89379043918533,5.41421214467345,1.07981139800778
TSS,1977,11.5679593899579,6.1072702343668,1.04970968317226
TSS,1978,9.31696499427656,4.53003249060246,0.627415701389486
TSS,1979,17.6716475248324,11.9936217044773,1.88285716337397
TSS,1980,15.1338629480687,7.45729196481905,3.96390342356801
TSS,1981,7.17373481837293,2.3306151971173,1.70623793132887
TSS,1982,6.42596548619118,0.944562809934778,1.25365656996716
TSS,1983,7.5264931764173,2.30989341818656,1.85758217779317
TSS,1984,7.52770091326276,3.45355955453018,0.551867262392003
TSS,1985,9.40589111414032,4.4367938153066,1.33472883473443
TSS,1986,7.11423362477318,1.47025380561212,1.42417545723162
TSS,1987,7.94176999448357,2.73488501039727,1.66762335423699
TSS,1988,8.16818960463371,2.18850418536259,2.18601695312318
TSS,1989,10.4535228215305,4.50300915074373,1.89019590505389
TSS,1990,10.7063888995983,5.29634777863372,1.2098252924917
TSS,1991,8.25078550811963,3.22779954560822,1.09365506296601
TSS,1992,9.2649283632201,4.02691283179665,0.930026931673054
TSS,1993,11.0762643919556,5.94218592234979,0.959629455830499
TSS,1994,11.244696803758,5.26632852815919,1.11872953373535
TSS,1995,12.3085574193228,6.02585026927769,0.384604669470486
TSS,1996,13.1387502085988,7.20916965597889,0.554410708675624
TSS,1997,11.6754047617303,6.52300042674438,0.374546222424703
TSS,1998,8.48937571337328,3.40514463687281,0.274458032571936
TSS,1999,6.74934750892677,2.99942699400361,0.289068574289048
TSS,2000,10.906090959594,6.93048944930143,0.424403883200851
TSS,2001,9.56918957045798,5.09663913435783,0.439593420830708
TSS,2002,9.43831151570324,4.99079402035094,0.487462186152341
TSS,2003,9.25236496504822,4.38858866530389,0.19966911899687
TSS,2004,10.1581103049489,5.66036373564899,0.323246944159068
TSS,2005,12.6865454973837,8.64307105560963,0.551304028380472
TSS,2006,13.1409569392248,8.9029171442499,0.95768396344821
TSS,2007,14.2155143328857,9.19857145908068,1.1191962224809
TSS,2008,18.3379303538723,12.1176307212586,1.13537043544826
TSS,2009,10.6799159407327,6.01988137007578,0.846534613550892
TSS,2010,12.9310359378163,8.01200313658064,1.35333297631033
TSS,2011,15.4912553052366,9.96616135665012,1.64675606967806
TSS,2012,13.637569244717,8.55673455581952,1.32754051366112
TSS,2013,11.6733316107798,7.02515284852707,1.15653256432177
TSS,2014,9.64074148688108,5.34533650169684,0.83859931028046
TSS,2015,6.38502102993993,2.15813171655926,0.48343933443194
TSS,2016,6.8284236118742,1.96154103025357,0.657648486067525
TSS,2017,8.30580682120855,3.27742603576698,0.866141054107119
TSS,2018,8.61236198928908,4.55622094276542,0.749391077905731
TSS,2019,7.68605718661234,4.17870500665423,0.685613684471628
TSS,2020,6.0342782573881,2.16960102865375,0.876495665554591
TSS,2021,10.0545041309002,3.81771432229384,2.91475326120895
TSS,2022,,,
TSS,2023,,,
TSS,2024,,,
TSS,2025,,,
TTO,1960,,,
TTO,1961,,,
TTO,1962,,,
TTO,1963,,,
TTO,1964,,,
TTO,1965,,,
TTO,1966,,,
TTO,1967,,,
TTO,1968,,,
TTO,1969,,,
TTO,1970,2.66520628395588,2.52803854365007,0.0
TTO,1971,3.68919626622523,3.55794618272465,0.0
TTO,1972,3.94244402210158,3.7660596982851,0.0
TTO,1973,6.7792149463876,6.58095082829843,0.0
TTO,1974,27.0601076564267,26.7060926076335,0.0
TTO,1975,25.329052429758,24.8198160753961,0.0
TTO,1976,26.197454730186,25.6613486439443,0.0
TTO,1977,18.6436215890676,18.5405365976785,0.0
TTO,1978,18.203841789284,18.0679289354533,0.0
TTO,1979,34.6172963287602,34.1047487404157,0.0
TTO,1980,31.7095191215405,30.8691441066694,0.0
TTO,1981,26.5160240191568,26.0438053457002,0.0
TTO,1982,10.1444184759994,10.0101622321837,0.0
TTO,1983,13.4510583620697,12.7356335662466,0.0
TTO,1984,14.8053270922348,13.6246965754373,0.0
TTO,1985,15.6372870423073,14.2751242962773,0.0
TTO,1986,10.2376806482195,8.98360402400882,0.0
TTO,1987,14.455249019627,13.5651722662593,0.0
TTO,1988,11.6783599395421,10.7904021615042,0.0
TTO,1989,17.7989659641862,16.589883924253,0.0
TTO,1990,20.5879235091486,19.1790340751601,0.0
TTO,1991,11.5073668472607,10.2691056776145,0.0
TTO,1992,10.8205959394007,9.75771843829555,0.0
TTO,1993,12.3546906500105,10.6547652741096,0.0
TTO,1994,11.4174897882619,9.81381626936522,0.0
TTO,1995,12.3694001900686,10.9376607291799,0.0
TTO,1996,13.9994543672843,12.5094687850089,0.0
TTO,1997,12.4304855931719,10.8230289174782,0.0
TTO,1998,6.55905261383883,5.39944831985208,0.0
TTO,1999,10.4893735592622,8.61868442958768,0.0
TTO,2000,14.0818626378959,10.7143816589503,0.0
TTO,2001,10.1729837328617,6.84812051633887,0.0
TTO,2002,11.8982860535807,8.99788059666471,0.0
TTO,2003,10.6549102773187,7.97468958608519,0.0
TTO,2004,10.8323099394832,8.45563862422733,0.0
TTO,2005,16.0670386642135,11.8042199194259,0.0
TTO,2006,18.3898478452635,12.247324628027,0.0
TTO,2007,15.9606779203426,9.2559242789235,0.0
TTO,2008,15.2710339879178,9.42207714451534,0.0
TTO,2009,16.147506232455,6.48871343601529,0.0
TTO,2010,13.5019281289188,7.31966084875628,0.0
TTO,2011,21.1902057775941,9.46888642049548,0.0
TTO,2012,19.0454490519432,7.63529240284805,0.0
TTO,2013,18.9417880426583,6.44936933049536,0.0
TTO,2014,15.5987828212435,5.58054269528671,0.0
TTO,2015,7.5354554955632,2.24547082740531,0.0
TTO,2016,4.12214241273861,1.82556957376394,0.0
TTO,2017,5.76137730000007,2.68355173716595,0.0
TTO,2018,11.2320374302733,3.66055639102177,0.0
TTO,2019,11.0689882994292,2.7745812273373,0.0
TTO,2020,5.88215476519225,1.42924604742787,0.0
TTO,2021,7.85936855870429,2.71054174202227,0.0
TTO,2022,,,
TTO,2023,,,
TTO,2024,,,
TTO,2025,,,
TUN,1960,,,
TUN,1961,,,
TUN,1962,,,
TUN,1963,,,
TUN,1964,,,
TUN,1965,,,
TUN,1966,,,
TUN,1967,,,
TUN,1968,,,
TUN,1969,,,
TUN,1970,2.64701204889956,2.03817424442132,0.206343649722875
TUN,1971,2.84765995785413,2.29036569671627,0.160880775390579
TUN,1972,2.58904892727844,2.12590015133778,0.120108160932474
TUN,1973,3.16136253524118,2.55387238440898,0.251731882231962
TUN,1974,12.9693148210027,8.89423484787288,3.76631213425197
TUN,1975,11.8874057302457,8.03513850477648,3.46850459308865
TUN,1976,7.96871796948033,6.7641331511916,0.863322802907153
TUN,1977,10.3919484733045,7.48354615911459,2.49208085805657
TUN,1978,7.97608446709825,7.52116486918051,0.038698022268021
TUN,1979,16.7962405045451,16.2800073164075,0.0962831684392982
TUN,1980,16.3274536291379,15.6604734716248,0.348128114526841
TUN,1981,14.7451039139464,13.8648207216135,0.564724408681645
TUN,1982,11.9459956312539,11.1748939567469,0.297354178152011
TUN,1983,12.3246913575706,11.6357509310163,0.232731138971281
TUN,1984,11.9264304068146,11.4259602258547,0.0559180117041879
TUN,1985,11.1042804410053,10.8045581370498,0.0463147300929034
TUN,1986,5.28827285111382,4.84950101303567,0.021052949743326
TUN,1987,6.2684247728336,5.88932533694232,0.0130931871897731
TUN,1988,5.18093555021038,4.6433547510392,0.184874010847409
TUN,1989,7.07627418430688,6.56322289169156,0.146030636115362
TUN,1990,6.83369084394394,6.45080502980873,0.0741869818573214
TUN,1991,4.51914681373049,4.20887815968531,0.0253883184929427
TUN,1992,4.1417308543683,3.89144902224995,0.0233740186540244
TUN,1993,3.59324724939908,3.35121837306816,0.0131889740298007
TUN,1994,2.89996078234431,2.66718328891885,0.0408704042716969
TUN,1995,2.71456241635544,2.42755447750049,0.0610283450307804
TUN,1996,3.08155016721926,2.73801506099416,0.0360616191422632
TUN,1997,2.58194906905437,2.13042894995226,0.0102308277568756
TUN,1998,1.81269534648363,1.30206836638864,0.0267289653438443
TUN,1999,2.33524520432869,1.92733312637189,0.0212891009546866
TUN,2000,3.70327177976697,3.22928353115798,0.0157043017549626
TUN,2001,2.92496870132318,2.34162232250109,0.00893740020122761
TUN,2002,2.84157068666264,2.3626975077068,0.00687701302763482
TUN,2003,2.55468043997787,2.11725730006367,0.00512743780152141
TUN,2004,3.04495874209081,2.60869066831261,0.0344152790087302
TUN,2005,4.33097628210826,3.79249223607583,0.0471794864492486
TUN,2006,4.79955838418535,4.1077575724331,0.185988606995718
TUN,2007,6.35147319614426,5.51629477963382,0.426057248010281
TUN,2008,9.88012098886805,5.93514843614258,3.43341665563442
TUN,2009,6.99090855049675,3.44832785220984,2.97124201422009
TUN,2010,5.80230500738706,4.12711827435362,1.17495019071848
TUN,2011,6.26002372605509,5.01344964105154,0.67925011683644
TUN,2012,6.61237658820711,5.06594682844413,0.853462579277847
TUN,2013,5.46168537320013,4.28421078126965,0.559353591743679
TUN,2014,4.59413759866907,3.35507824664457,0.457421995093816
TUN,2015,2.68828674720116,1.62596299660366,0.432793675445469
TUN,2016,2.18515588296029,1.266744868786,0.4369920800971
TUN,2017,2.51025972718522,1.48811485046411,0.403747939557608
TUN,2018,2.82187987069052,1.99021548871455,0.270935085210546
TUN,2019,2.24739229652362,1.66141181151334,0.0
TUN,2020,1.46717230583582,0.916677526611502,0.0
TUN,2021,2.24923087429424,1.5489621013289,0.0
TUN,2022,,,
TUN,2023,,,
TUN,2024,,,
TUN,2025,,,
TUR,1960,,,
TUR,1961,,,
TUR,1962,,,
TUR,1963,,,
TUR,1964,,,
TUR,1965,,,
TUR,1966,,,
TUR,1967,,,
TUR,1968,,,
TUR,1969,,,
TUR,1970,0.691508496870237,0.0156688439786595,0.214782947317114
TUR,1971,0.660287783036748,0.0551276822693913,0.118608920405928
TUR,1972,0.580501952483688,0.0644778111666937,0.0948054454215406
TUR,1973,0.782691076207577,0.0966253001839665,0.205143058308503
TUR,1974,1.18135732065411,0.401813017550154,0.163568603393556
TUR,1975,0.916591008911233,0.280814902169639,0.0704190476909267
TUR,1976,0.935880834464155,0.220074807046092,0.0939006952725564
TUR,1977,0.819877007022891,0.21249292669636,0.0794472810207793
TUR,1978,0.811207187137413,0.196069037564345,0.0499470930886876
TUR,1979,0.844103057889607,0.362416289836324,0.0497731679215065
TUR,1980,1.31003163850486,0.488531548581327,0.0709133592086129
TUR,1981,1.40008444114803,0.386417918520162,0.0695498667851352
TUR,1982,1.29579898215648,0.262706910889372,0.0800217205847813
TUR,1983,1.09237511450636,0.337848850557612,0.0643707365347918
TUR,1984,1.00783590108818,0.33716866485434,0.049232745977924
TUR,1985,0.941646421996475,0.303386611523123,0.0566403173147087
TUR,1986,0.638436345907208,0.123816679878197,0.0249108681834291
TUR,1987,0.569724766766546,0.193029481223882,0.0225918540583707
TUR,1988,0.687907906754663,0.135591248345399,0.145595392561239
TUR,1989,0.687433292869705,0.206769216248657,0.191837757735386
TUR,1990,0.593252933490782,0.260691501215256,0.0864863034355728
TUR,1991,0.422691780652098,0.152278875171076,0.0417071682155979
TUR,1992,0.46820837493823,0.149168775062412,0.0828862244445745
TUR,1993,0.357725426982687,0.114718240997917,0.0597204414206675
TUR,1994,0.396471923426751,0.134353609455556,0.0592598038081694
TUR,1995,0.365520641620309,0.110564586772373,0.0447394419281665
TUR,1996,0.375047056554969,0.144998969825136,0.0321485472750097
TUR,1997,0.290640491419618,0.10681949958296,0.0274117032736885
TUR,1998,0.143921581818923,0.0214722137279463,0.027666914470034
TUR,1999,0.183061333622872,0.0629983205522373,0.0253134318083509
TUR,2000,0.241654018503172,0.119531436272842,0.0238700694895731
TUR,2001,0.290748556810644,0.109672292151506,0.0161729848083937
TUR,2002,0.208352788307941,0.0924058667871047,0.0130253454645276
TUR,2003,0.185862775534768,0.0807835887459959,0.0103377338342424
TUR,2004,0.258039998415792,0.0808804569350874,0.017471477056129
TUR,2005,0.246555610028496,0.098246344839956,0.0402695485674776
TUR,2006,0.338060205831875,0.0976756856490614,0.109189191503533
TUR,2007,0.393584701213481,0.0869115725998382,0.147316890892937
TUR,2008,0.622799886391042,0.122000589848402,0.151035515619601
TUR,2009,0.390043503554907,0.0864578771745911,0.1216038121696
TUR,2010,1.0333326630856,0.0855344494299421,0.725044673354386
TUR,2011,1.15599036897188,0.123984127335917,0.777896769623353
TUR,2012,0.748490714870341,0.111617756938834,0.494959706015113
TUR,2013,0.621362748916478,0.0974218835401561,0.433052378760757
TUR,2014,0.515494221044849,0.0944984501615984,0.330649721209624
TUR,2015,0.259377096732697,0.0446861002184748,0.13485248192782
TUR,2016,0.381853603415781,0.0349237617230731,0.262367105043267
TUR,2017,0.379263394718781,0.0537573237557546,0.214531276060355
TUR,2018,0.52996663633101,0.108111878645291,0.279763045970501
TUR,2019,0.382779823529053,0.102518297949539,0.147280208232673
TUR,2020,0.397202384078982,0.0612400945022421,0.19878196382086
TUR,2021,0.827048726504594,0.13797082409881,0.63423420953124
TUR,2022,,,
TUR,2023,,,
TUR,2024,,,
TUR,2025,,,
TUV,1960,,,
TUV,1961,,,
TUV,1962,,,
TUV,1963,,,
TUV,1964,,,
TUV,1965,,,
TUV,1966,,,
TUV,1967,,,
TUV,1968,,,
TUV,1969,,,
TUV,1970,,,
TUV,1971,,,
TUV,1972,,,
TUV,1973,,,
TUV,1974,,,
TUV,1975,,,
TUV,1976,,,
TUV,1977,,,
TUV,1978,,,
TUV,1979,,,
TUV,1980,,,
TUV,1981,,,
TUV,1982,,,
TUV,1983,,,
TUV,1984,,,
TUV,1985,,,
TUV,1986,,,
TUV,1987,,,
TUV,1988,,,
TUV,1989,,,
TUV,1990,0.0,,0.0
TUV,1991,0.0,,0.0
TUV,1992,0.0,,0.0
TUV,1993,0.0,,0.0
TUV,1994,0.0,,0.0
TUV,1995,0.0,,0.0
TUV,1996,0.0,,0.0
TUV,1997,0.0,,0.0
TUV,1998,0.0,,0.0
TUV,1999,0.0,,0.0
TUV,2000,0.0,,0.0
TUV,2001,0.0,,0.0
TUV,2002,0.0,,0.0
TUV,2003,0.0,,0.0
TUV,2004,0.0,,0.0
TUV,2005,0.0,,0.0
TUV,2006,0.0,,0.0
TUV,2007,0.0,,0.0
TUV,2008,0.0,,0.0
TUV,2009,0.0,,0.0
TUV,2010,0.0,,0.0
TUV,2011,0.0,,0.0
TUV,2012,0.0,,0.0
TUV,2013,0.0,,0.0
TUV,2014,0.0,,0.0
TUV,2015,0.0,,0.0
TUV,2016,0.0,,0.0
TUV,2017,0.0,,0.0
TUV,2018,0.0,,0.0
TUV,2019,0.0,,0.0
TUV,2020,0.0,,0.0
TUV,2021,0.0,,0.0
TUV,2022,,,
TUV,2023,,,
TUV,2024,,,
TUV,2025,,,
TZA,1960,,,
TZA,1961,,,
TZA,1962,,,
TZA,1963,,,
TZA,1964,,,
TZA,1965,,,
TZA,1966,,,
TZA,1967,,,
TZA,1968,,,
TZA,1969,,,
TZA,1970,,,
TZA,1971,,,
TZA,1972,,,
TZA,1973,,,
TZA,1974,,,
TZA,1975,,,
TZA,1976,,,
TZA,1977,,,
TZA,1978,,,
TZA,1979,,,
TZA,1980,,,
TZA,1981,,,
TZA,1982,,,
TZA,1983,,,
TZA,1984,,,
TZA,1985,,,
TZA,1986,,,
TZA,1987,,,
TZA,1988,7.41272141367178,0.0,0.00432217205374184
TZA,1989,8.87374369964573,0.0,0.00658696846013204
TZA,1990,11.4997378177027,0.0,0.0842263694129703
TZA,1991,10.0163865837553,0.0,0.315657255015637
TZA,1992,11.410630074846,0.0,0.295020448720327
TZA,1993,10.7264303519087,0.0,0.292546933118614
TZA,1994,11.6131347862386,0.0,0.300353051364387
TZA,1995,14.0466657457605,0.0,0.00851606452352022
TZA,1996,11.2990228895592,0.0,0.0175782107919082
TZA,1997,8.87332092455647,0.0,0.0065973921348281
TZA,1998,5.72964123320078,0.0,0.00606051511661881
TZA,1999,3.76820743854737,0.0,0.046680568964172
TZA,2000,3.75533581161388,0.0,0.243283021929786
TZA,2001,4.04412476360876,0.0,0.677817690187963
TZA,2002,4.85747358130828,0.0,0.969401662444261
TZA,2003,6.86273700817164,0.0,1.34746549938282
TZA,2004,5.35429372711806,0.0,0.969331099417752
TZA,2005,4.99358813102763,0.0,0.778021360681858
TZA,2006,5.52196373960203,0.0,1.18424080572687
TZA,2007,6.20610344090512,0.0,0.984154935221218
TZA,2008,5.0765951351817,0.0,0.109132620950762
TZA,2009,5.53625650735826,0.000397968642983594,0.738089737216486
TZA,2010,5.55945838220369,0.0,1.59355312280221
TZA,2011,7.33646177996057,0.0,3.17393977178461
TZA,2012,6.8325198508577,0.0,2.62051864342787
TZA,2013,5.76723525319283,0.0,1.95046582699407
TZA,2014,5.04690559304949,0.0,1.24476582037582
TZA,2015,5.30193884393363,0.0,1.15205077600315
TZA,2016,5.61603835789229,0.0,1.46298106534608
TZA,2017,5.13616759488345,0.0,1.22913696861494
TZA,2018,3.61159728659091,0.0,0.811400866099071
TZA,2019,3.53145044367484,0.0,1.0222813611972
TZA,2020,3.85169508025186,0.0,1.23606590780306
TZA,2021,6.69370906979479,0.0,4.02780413757632
TZA,2022,,,
TZA,2023,,,
TZA,2024,,,
TZA,2025,,,
UGA,1960,,,
UGA,1961,,,
UGA,1962,,,
UGA,1963,,,
UGA,1964,,,
UGA,1965,,,
UGA,1966,,,
UGA,1967,,,
UGA,1968,,,
UGA,1969,,,
UGA,1970,8.80478953828317,,1.43618475900282
UGA,1971,6.66692828417963,,0.753570588319052
UGA,1972,7.16171548895926,,0.593972685903515
UGA,1973,10.62718599286,,1.05704035778337
UGA,1974,9.72443659264343,,0.840367564757428
UGA,1975,10.9064338364906,,0.225499978323452
UGA,1976,9.80366902148694,,0.212956813253267
UGA,1977,14.3710418710117,,0.0948334533510267
UGA,1978,18.5212570758175,,0.0480625619419333
UGA,1979,20.9013499219011,,0.0323188553200226
UGA,1980,44.6568514789293,0.0,0.0593576855559258
UGA,1981,36.7308035256211,0.0,0.0356034314148232
UGA,1982,31.2139734791776,0.0,0.0
UGA,1983,20.0856216064087,0.0,0.0
UGA,1984,11.4624131489679,0.0,0.0
UGA,1985,8.93281206376038,0.0,0.0
UGA,1986,12.7378972321606,0.0,0.0
UGA,1987,7.78871224675071,0.0,0.0
UGA,1988,8.15709709204748,0.0,0.0
UGA,1989,10.3293805450757,0.0,0.0
UGA,1990,15.8107071000485,0.0,0.0
UGA,1991,20.6020937391219,0.0,0.0
UGA,1992,25.2354992448034,0.0,0.0
UGA,1993,19.4993042079813,0.0,0.0
UGA,1994,19.0034403813129,0.0,0.0
UGA,1995,19.509460753546,0.0,0.0
UGA,1996,18.5824681208781,0.0,0.0
UGA,1997,16.8500438638723,0.0,0.0
UGA,1998,16.7918484266104,0.0,0.000211586746720656
UGA,1999,12.463772500312,0.0,0.000103753023557853
UGA,2000,12.0494143938765,0.0,0.00185183596797401
UGA,2001,12.4643931713023,0.0,0.0
UGA,2002,14.2481201571521,0.0,0.000126043649454819
UGA,2003,20.8852302359366,0.0,9.96370600742871e-05
UGA,2004,15.1925629839147,0.0,0.0229882619310932
UGA,2005,13.9239561199514,0.0,0.0359786652951038
UGA,2006,13.2519669621419,0.0,0.0874404685272807
UGA,2007,16.1640796388529,0.0,0.0839758932015461
UGA,2008,16.4379945980784,0.0,0.0881902752504696
UGA,2009,9.46245873827469,0.0,0.000133880023102719
UGA,2010,8.10229439370414,0.0,0.00284501139499233
UGA,2011,9.15620849237058,0.0,0.000886812381757145
UGA,2012,10.6585708011681,0.0,0.0012660741291062
UGA,2013,10.6586103842094,0.0,0.135681717695788
UGA,2014,10.3312319703494,0.0,0.1026934433464
UGA,2015,10.7947576138514,0.0,0.0748704248997198
UGA,2016,12.7336513052995,0.0,0.107421790845254
UGA,2017,12.1305147407764,0.0,0.0489111667655104
UGA,2018,8.38888217833344,0.0,0.0
UGA,2019,7.38833937837014,0.0,0.0
UGA,2020,7.56349041713714,0.0,0.0
UGA,2021,7.47552032336567,0.0,0.0
UGA,2022,,,
UGA,2023,,,
UGA,2024,,,
UGA,2025,,,
UKR,1960,,,
UKR,1961,,,
UKR,1962,,,
UKR,1963,,,
UKR,1964,,,
UKR,1965,,,
UKR,1966,,,
UKR,1967,,,
UKR,1968,,,
UKR,1969,,,
UKR,1970,,,
UKR,1971,,,
UKR,1972,,,
UKR,1973,,,
UKR,1974,,,
UKR,1975,,,
UKR,1976,,,
UKR,1977,,,
UKR,1978,,,
UKR,1979,,,
UKR,1980,,,
UKR,1981,,,
UKR,1982,,,
UKR,1983,,,
UKR,1984,,,
UKR,1985,,,
UKR,1986,,,
UKR,1987,1.16066130538696,0.663711165725118,0.0
UKR,1988,0.742038456638624,0.398784489481399,0.0
UKR,1989,0.837869785245183,0.524434195585452,0.0
UKR,1990,3.25259182027431,0.658364462026719,0.0
UKR,1991,2.52691475149282,0.350289964902525,0.0
UKR,1992,4.37288223354,0.364054139576722,2.2718065901436
UKR,1993,2.68084890080396,0.376224331407413,0.893615597880036
UKR,1994,2.16005249023886,0.409357925402319,0.607874012742879
UKR,1995,3.00013519630908,0.485904965322784,0.559076370805552
UKR,1996,3.00659576743048,0.739944616412603,0.315009450094434
UKR,1997,2.3661179742638,0.512363843755259,0.0920328250778938
UKR,1998,1.82031485198517,0.181694617548708,0.413046024920531
UKR,1999,1.8914890284607,0.702404231194259,0.0
UKR,2000,3.37065587715521,0.991786006161771,0.0
UKR,2001,4.2625129241196,0.595777693101294,0.0317340751571308
UKR,2002,3.31708349401602,0.557285488022957,0.0
UKR,2003,3.00747829119925,0.596245150941,0.0
UKR,2004,3.35413577019042,0.66971110889553,0.0109273037035073
UKR,2005,4.34601419220758,0.781757652119267,1.17201160598113
UKR,2006,4.59204338036687,0.765715565056406,1.17910731514957
UKR,2007,5.41574038243989,0.626895264506606,3.0260948245372
UKR,2008,7.94411211992449,0.684740010329571,3.19662035214157
UKR,2009,4.78921031716247,0.534186376625519,0.889502149931948
UKR,2010,7.06385110746983,0.466160187976772,3.49378057537729
UKR,2011,7.90825649188772,0.604564339662443,3.45222629185011
UKR,2012,4.70265519474683,0.512858516672917,1.57042358494311
UKR,2013,3.99136453684378,0.429728228604793,1.63737521614496
UKR,2014,3.6083209332499,0.53740181709907,1.14341095849196
UKR,2015,2.59911540564351,0.298048598397704,0.231122688449414
UKR,2016,2.39942596673544,0.2004056293323,0.643001217767681
UKR,2017,2.95421204623726,0.348582540397727,0.94789516391746
UKR,2018,2.91046955095297,0.484549678010453,0.421159094247327
UKR,2019,1.73179870039083,0.363416965283388,0.0853573721373949
UKR,2020,1.09312749593482,0.191284197093986,0.121359236408165
UKR,2021,7.5129023639251,0.279676988011674,5.32283012746975
UKR,2022,,,
UKR,2023,,,
UKR,2024,,,
UKR,2025,,,
URY,1960,,,
URY,1961,,,
URY,1962,,,
URY,1963,,,
URY,1964,,,
URY,1965,,,
URY,1966,,,
URY,1967,,,
URY,1968,,,
URY,1969,,,
URY,1970,0.322386078932525,,0.0
URY,1971,0.222743642863594,0.0,0.0
URY,1972,0.336209013529804,0.0,0.0
URY,1973,0.322927266850039,0.0,0.0
URY,1974,0.347445032338042,0.0,0.0
URY,1975,0.587504922348985,0.0,0.0
URY,1976,0.490450894785166,0.0,0.0
URY,1977,0.689798671942369,0.0,0.0
URY,1978,0.617880874022491,0.0,0.0
URY,1979,0.562525802436918,0.0,0.0
URY,1980,0.370143323481429,0.0,0.0
URY,1981,0.338559734053496,0.0,0.0
URY,1982,0.75211698857212,0.0,0.0
URY,1983,0.561298210575033,0.0,0.0
URY,1984,0.410109138487593,0.0,0.0
URY,1985,0.312036163850282,0.0,0.0
URY,1986,0.383931061389656,0.0,0.0
URY,1987,0.401934080990468,0.0,0.0
URY,1988,0.358229002901247,0.0,0.0
URY,1989,0.3910926834157,0.0,0.0
URY,1990,0.60644469736533,0.0,0.0
URY,1991,0.547745702244625,0.0,0.0
URY,1992,0.524820143871655,0.0,0.0
URY,1993,0.442303519058191,0.0,0.0
URY,1994,0.375584936110432,0.0,0.0
URY,1995,0.44852566255986,0.0,0.0
URY,1996,0.381449645677067,0.0,0.0
URY,1997,0.401275809484488,0.0,0.0310394951737443
URY,1998,0.327248533539315,0.0,0.00779709051476891
URY,1999,0.301658893171144,0.0,0.0147584731869701
URY,2000,0.193328084228466,0.0,0.0185114499533399
URY,2001,0.216877824747985,0.0,0.00792616966800378
URY,2002,0.45458997663173,0.0,0.0241106990979999
URY,2003,0.632377734235131,0.0,0.0453230798895189
URY,2004,0.800895044345689,0.0,0.103684076538843
URY,2005,0.806565485741014,0.00222946780219908,0.127580844762017
URY,2006,1.12340438595144,0.00320350693894352,0.166644402452767
URY,2007,1.28842123844774,0.00422122871200601,0.138069163738037
URY,2008,1.56798161399914,0.00375759126029811,0.100828007838583
URY,2009,1.34673827245616,0.0050131491539772,0.112282516468352
URY,2010,2.02169884847788,0.0173337959445058,0.0942144321947679
URY,2011,1.43709496222999,0.0333775517732152,0.102940114853116
URY,2012,1.17962644777555,0.0328611652405814,0.0978419100423681
URY,2013,1.29138043579779,0.0356588037151128,0.0627354464964859
URY,2014,1.45872376049256,0.0418304836494907,0.0402289034813021
URY,2015,1.85218241655473,0.0129991340611707,0.0254240088810458
URY,2016,1.74168715941962,0.00974074357398883,0.0245594568058779
URY,2017,1.82938511988003,0.00551661089286989,0.020879571807839
URY,2018,1.97299244228802,0.0087147505921723,0.00791916693397748
URY,2019,1.70632780467724,0.00734992334670971,0.0
URY,2020,2.29343009292959,0.00396420911308914,0.0
URY,2021,1.92773520463627,0.00971591519832361,0.0121922933901486
URY,2022,,,
URY,2023,,,
URY,2024,,,
URY,2025,,,
USA,1960,,,
USA,1961,,,
USA,1962,,,
USA,1963,,,
USA,1964,,,
USA,1965,,,
USA,1966,,,
USA,1967,,,
USA,1968,,,
USA,1969,,,
USA,1970,0.65568149303359,0.279989372342679,0.173694534129661
USA,1971,0.667661828608719,0.333818779233431,0.0981638974786465
USA,1972,0.729815851646216,0.363638993962318,0.090327510019963
USA,1973,0.91132816425109,0.349942007908993,0.174313838300205
USA,1974,3.27619947384599,1.57098999295941,0.284317991957326
USA,1975,3.23053256837185,1.46934176729797,0.191622330592764
USA,1976,3.09034779340366,1.45988735231272,0.116861669218276
USA,1977,3.11411864965977,1.48212564068025,0.152847605079176
USA,1978,2.7284929152032,1.41341674463219,0.0649320089972214
USA,1979,5.04456547753607,2.51516039030815,0.109963199568763
USA,1980,5.68150196298393,3.14542283209538,0.121597552795512
USA,1981,4.04888001250875,2.11596334266715,0.0911129756224353
USA,1982,2.39193449570472,1.29086632276152,0.0469297066867793
USA,1983,2.66669832726867,1.54215958455701,0.0502391234933934
USA,1984,2.33920575265163,1.28028340415492,0.0303192328003187
USA,1985,2.09298182286231,1.20811027948043,0.0325718001283689
USA,1986,0.910129605763473,0.485560804966156,0.0221619981045521
USA,1987,1.2173139452471,0.690238832057989,0.0338249560234262
USA,1988,0.96888198069868,0.431203634958859,0.106855029618885
USA,1989,1.07193822037119,0.539633871691538,0.0529651169270773
USA,1990,1.23250818918509,0.703237008212799,0.047814587835792
USA,1991,0.908448702232653,0.477258781741128,0.0284622591994412
USA,1992,0.93569465521117,0.44187309463968,0.0399068374224523
USA,1993,0.892085449925274,0.348054380702048,0.036019034208057
USA,1994,0.761582644142974,0.292003228041599,0.0491397398318371
USA,1995,0.815170233171652,0.295556544481324,0.0597669786574033
USA,1996,0.999135594441053,0.35131163624796,0.0425169063812414
USA,1997,0.84570606694479,0.203604050521625,0.0352190687928809
USA,1998,0.548987113142318,0.0755585072910338,0.0250266972341998
USA,1999,0.642858628809835,0.164264516670651,0.0206751165576211
USA,2000,1.11328917528516,0.307551276869583,0.0134401090902058
USA,2001,0.915678454324647,0.16943295765488,0.0077512969667038
USA,2002,0.689227378994075,0.172817088546724,0.00516845816122584
USA,2003,1.0459220644239,0.211788525599514,0.0104020159899936
USA,2004,1.25369196394813,0.283170634743015,0.0190642644705128
USA,2005,1.49664347432686,0.350823193456479,0.0256053896311341
USA,2006,1.13066389011262,0.349464272960025,0.0637464562948489
USA,2007,1.07811498701399,0.356897499234572,0.0700163062364638
USA,2008,1.92914075974883,0.521498895801413,0.110496529638692
USA,2009,0.743921134944805,0.259640404387642,0.073856708586716
USA,2010,0.968704075093042,0.293762700279441,0.166896320336218
USA,2011,1.23502930471558,0.370845235110237,0.238996864592749
USA,2012,0.776694501385092,0.205925846170308,0.163414793078767
USA,2013,0.750833995599957,0.305650080049118,0.120356943952869
USA,2014,0.703153661885122,0.292226566231044,0.0880467319514241
USA,2015,0.234371770177788,0.00752518064782254,0.0362503184615436
USA,2016,0.303325431060077,0.0922955001311894,0.0380022225151832
USA,2017,0.427546323641111,0.162525850896316,0.0412677424038313
USA,2018,0.595678810382377,0.319247607054063,0.0352448401068123
USA,2019,0.557098125905551,0.368544560120872,0.0187501063382904
USA,2020,0.329505971924439,0.187625106322478,0.02138952271423
USA,2021,1.27994423022721,0.61148265568772,0.101999501227916
USA,2022,,,
USA,2023,,,
USA,2024,,,
USA,2025,,,
UZB,1960,,,
UZB,1961,,,
UZB,1962,,,
UZB,1963,,,
UZB,1964,,,
UZB,1965,,,
UZB,1966,,,
UZB,1967,,,
UZB,1968,,,
UZB,1969,,,
UZB,1970,,,
UZB,1971,,,
UZB,1972,,,
UZB,1973,,,
UZB,1974,,,
UZB,1975,,,
UZB,1976,,,
UZB,1977,,,
UZB,1978,,,
UZB,1979,,,
UZB,1980,,,
UZB,1981,,,
UZB,1982,,,
UZB,1983,,,
UZB,1984,,,
UZB,1985,,,
UZB,1986,,,
UZB,1987,,,
UZB,1988,,,
UZB,1989,,,
UZB,1990,8.7165812511313,3.73157855500742,0.0
UZB,1991,5.1847025392328,2.04969945698757,0.0
UZB,1992,5.66659756131721,2.16776430055131,1.62564624514235
UZB,1993,8.10684159636021,2.46708564423504,1.47318905118808
UZB,1994,7.74856166967531,1.74109759609166,1.69659309225517
UZB,1995,11.1179090432586,2.95980522131581,0.300715396012429
UZB,1996,10.6468479718971,3.209285723044,0.193662009159915
UZB,1997,10.1136804153901,2.3219845290823,0.220611710553217
UZB,1998,1.90257531931013,0.74227607189078,0.0636264754514798
UZB,1999,2.75191080361565,1.73054268013785,0.0770514785664045
UZB,2000,13.0415850904654,5.40046980305752,0.164238515501257
UZB,2001,23.6268314045495,4.19019187872677,0.108041838954363
UZB,2002,20.2621767791619,4.39304141489731,0.246537749525258
UZB,2003,21.8113636692648,5.07436940546078,0.315271453353902
UZB,2004,18.7848672272018,5.07540795828882,1.02015315898038
UZB,2005,15.384751249307,5.37160292421135,0.909829761446114
UZB,2006,25.5491555225991,4.34214617853328,4.21465331082121
UZB,2007,22.592298325054,4.11571314211123,4.37341581018419
UZB,2008,30.0514470934068,4.39931830334527,5.29974600640318
UZB,2009,18.630930613669,1.45083569447794,5.1332000617616
UZB,2010,14.7836491186156,1.36556852378151,5.93844484670294
UZB,2011,19.0673372740717,2.07023379383746,7.69198003727705
UZB,2012,17.2844522443221,2.00160011940789,6.5876963283587
UZB,2013,14.6803511298882,1.81098984495042,4.51469943597757
UZB,2014,10.3618681106859,1.40801898329424,3.50704473062017
UZB,2015,7.25480371959986,0.526675674638226,3.13494692424688
UZB,2016,6.72025279446491,0.356801760612992,4.22622567643029
UZB,2017,12.0271937236882,0.661950141993753,7.22319684202001
UZB,2018,18.6507971459477,1.12073426200572,9.03878504058788
UZB,2019,10.8569985159248,0.819211930906664,4.92871809001081
UZB,2020,9.08357795040879,0.395640310697318,6.59047011084412
UZB,2021,20.46516083278,0.867176370586835,8.50242086897125
UZB,2022,,,
UZB,2023,,,
UZB,2024,,,
UZB,2025,,,
VCT,1960,,,
VCT,1961,,,
VCT,1962,,,
VCT,1963,,,
VCT,1964,,,
VCT,1965,,,
VCT,1966,,,
VCT,1967,,,
VCT,1968,,,
VCT,1969,,,
VCT,1970,0.148289020933756,,0.0
VCT,1971,0.114288745771492,,0.0
VCT,1972,0.0884377799666364,,0.0
VCT,1973,0.143905499394235,,0.0
VCT,1974,0.145813119220863,,0.0
VCT,1975,0.206139295361174,,0.0
VCT,1976,0.170702546251859,,0.0
VCT,1977,0.195745691218065,,0.0
VCT,1978,0.155600703236279,,0.0
VCT,1979,0.145979529574717,,0.0
VCT,1980,0.144859321662233,0.0,0.0
VCT,1981,0.105898388548023,0.0,0.0
VCT,1982,0.205833993426447,0.0,0.0
VCT,1983,0.0629120738457404,0.0,0.0
VCT,1984,0.0339255219858147,0.0,0.0
VCT,1985,0.0194525128585581,0.0,0.0
VCT,1986,0.0172707351061509,0.0,0.0
VCT,1987,0.0157054568737053,0.0,0.0
VCT,1988,0.0134251189848831,0.0,0.0
VCT,1989,0.0123340439046558,0.0,0.0
VCT,1990,0.0381885135804425,0.0,0.0
VCT,1991,0.0425641654860947,0.0,0.0
VCT,1992,0.0362265042098019,0.0,0.0
VCT,1993,0.0271048201256189,0.0,0.0
VCT,1994,0.0310089031416114,0.0,0.0
VCT,1995,0.0368255678169312,0.0,0.0
VCT,1996,0.0255986941131515,0.0,0.0
VCT,1997,0.0343912073578112,0.0,0.0
VCT,1998,0.0273078795269573,0.0,0.0
VCT,1999,0.0220430636250947,0.0,0.0
VCT,2000,0.0197308869123896,0.0,0.0
VCT,2001,0.0180467018441428,0.0,0.0
VCT,2002,0.0151801262417854,0.0,0.0
VCT,2003,0.015347834892368,0.0,0.0
VCT,2004,0.0145943068486417,0.0,0.0
VCT,2005,0.0134063462217842,0.0,0.0
VCT,2006,0.0171699193285803,0.0,0.0
VCT,2007,0.0157871725548066,0.0,0.0
VCT,2008,0.0161514365672412,0.0,0.0
VCT,2009,0.0148951275322513,0.0,0.0
VCT,2010,0.0333656636694466,0.0,0.0
VCT,2011,0.028465453623185,0.0,0.0
VCT,2012,0.0269643348103745,0.0,0.0
VCT,2013,0.034115439439788,0.0,0.0
VCT,2014,0.0423946065801886,0.0,0.0
VCT,2015,0.0312630692791454,0.0,0.0
VCT,2016,0.0407859033307733,0.0,0.0
VCT,2017,0.0329828886778541,0.0,0.0
VCT,2018,0.0209304790297473,0.0,0.0
VCT,2019,0.018299980174056,0.0,0.0
VCT,2020,0.0256464367493511,0.0,0.0
VCT,2021,0.0193291690653381,0.0,0.0
VCT,2022,,,
VCT,2023,,,
VCT,2024,,,
VCT,2025,,,
VEN,1960,,,
VEN,1961,,,
VEN,1962,,,
VEN,1963,,,
VEN,1964,,,
VEN,1965,,,
VEN,1966,,,
VEN,1967,,,
VEN,1968,,,
VEN,1969,,,
VEN,1970,5.48772130601331,4.79927244945126,0.592570231516437
VEN,1971,7.38794104909662,6.78719222962612,0.502264923402649
VEN,1972,7.19271915747182,6.69174635347221,0.389479271422493
VEN,1973,10.7554427076038,10.2866739191916,0.334974354076543
VEN,1974,33.9478841729493,33.3402278252986,0.368009579822044
VEN,1975,24.8915014056924,24.0233622156042,0.490961959876392
VEN,1976,22.9931513860828,22.1509399998971,0.511806993767272
VEN,1977,16.1985343555775,15.7438348333444,0.343202568873234
VEN,1978,15.8263995123574,15.4615217950232,0.232729232865839
VEN,1979,36.481380981255,35.9005908031082,0.238397273648664
VEN,1980,34.4312946645093,33.5669317799093,0.273438822820901
VEN,1981,24.750858904318,24.1805766481041,0.233056502095697
VEN,1982,13.1086608763643,12.7185086495916,0.224041875564017
VEN,1983,17.0995109701258,16.5476906655835,0.157861155340875
VEN,1984,19.0260300794035,18.3191498331889,0.208981165684131
VEN,1985,16.3107385078032,15.6094632774951,0.232767823261749
VEN,1986,8.00102414924425,7.36089191172372,0.214802383961999
VEN,1987,15.9166311155573,15.2245976568424,0.250671764804292
VEN,1988,10.0130859589153,9.50512761197021,0.190251200142002
VEN,1989,20.9626504331607,20.0333515379632,0.353652819393471
VEN,1990,29.2548511239111,28.0600250559547,0.455037135005532
VEN,1991,16.6639894189064,15.6286717350987,0.452116790013952
VEN,1992,15.7571776112482,14.935095280643,0.333404546352103
VEN,1993,15.7932181812518,14.9699327410478,0.244096358822078
VEN,1994,16.2198265911409,15.3866042080656,0.289059755963905
VEN,1995,15.1363210095652,14.5559545074645,0.158588175719508
VEN,1996,23.8367720643582,23.0648781099677,0.280750213703048
VEN,1997,18.0963540802062,17.5046486685088,0.175195451404365
VEN,1998,9.06347009522954,8.57137562243914,0.175817166522284
VEN,1999,13.269532614572,12.8387638257711,0.0677636577575582
VEN,2000,20.5761295010598,20.0011569684281,0.0791049284520338
VEN,2001,15.3442903568827,14.809781275052,0.0847673044326254
VEN,2002,19.4545884689745,18.7480489712018,0.147595355600824
VEN,2003,21.8955843439596,21.1779581221907,0.262179151792683
VEN,2004,23.8297115705399,23.0890395880635,0.250350753545494
VEN,2005,29.2230041014033,28.0538745861065,0.689719723755767
VEN,2006,28.0774680117788,26.8186567625884,0.729497875448801
VEN,2007,23.1186941835454,21.6186473049421,0.962687910432328
VEN,2008,23.9223070628002,22.6737847784336,0.771169403064098
VEN,2009,10.5416668243022,9.95847654408777,0.222148531467271
VEN,2010,12.380878328857,11.6928975467648,0.404512915599153
VEN,2011,24.4753357613612,23.1450195251423,0.680305862417914
VEN,2012,18.7812359044725,17.9387823718967,0.27995466938778
VEN,2013,17.6253449138361,16.7771388276982,0.235548638653949
VEN,2014,11.8465082797294,11.3021511747501,0.105295257610407
VEN,2015,,,
VEN,2016,,,
VEN,2017,,,
VEN,2018,,,
VEN,2019,,,
VEN,2020,,,
VEN,2021,,,
VEN,2022,,,
VEN,2023,,,
VEN,2024,,,
VEN,2025,,,
VGB,1960,,,
VGB,1961,,,
VGB,1962,,,
VGB,1963,,,
VGB,1964,,,
VGB,1965,,,
VGB,1966,,,
VGB,1967,,,
VGB,1968,,,
VGB,1969,,,
VGB,1970,,,
VGB,1971,,,
VGB,1972,,,
VGB,1973,,,
VGB,1974,,,
VGB,1975,,,
VGB,1976,,,
VGB,1977,,,
VGB,1978,,,
VGB,1979,,,
VGB,1980,,,
VGB,1981,,,
VGB,1982,,,
VGB,1983,,,
VGB,1984,,,
VGB,1985,,,
VGB,1986,,,
VGB,1987,,,
VGB,1988,,,
VGB,1989,,,
VGB,1990,,,
VGB,1991,,,
VGB,1992,,,
VGB,1993,,,
VGB,1994,,,
VGB,1995,,,
VGB,1996,,,
VGB,1997,,,
VGB,1998,,,
VGB,1999,,,
VGB,2000,,,
VGB,2001,,,
VGB,2002,,,
VGB,2003,,,
VGB,2004,,,
VGB,2005,,,
VGB,2006,,,
VGB,2007,,,
VGB,2008,,,
VGB,2009,,,
VGB,2010,,,
VGB,2011,,,
VGB,2012,,,
VGB,2013,,,
VGB,2014,,,
VGB,2015,,,
VGB,2016,,,
VGB,2017,,,
VGB,2018,,,
VGB,2019,,,
VGB,2020,,,
VGB,2021,,,
VGB,2022,,,
VGB,2023,,,
VGB,2024,,,
VGB,2025,,,
VIR,1960,,,
VIR,1961,,,
VIR,1962,,,
VIR,1963,,,
VIR,1964,,,
VIR,1965,,,
VIR,1966,,,
VIR,1967,,,
VIR,1968,,,
VIR,1969,,,
VIR,1970,,,
VIR,1971,,,
VIR,1972,,,
VIR,1973,,,
VIR,1974,,,
VIR,1975,,,
VIR,1976,,,
VIR,1977,,,
VIR,1978,,,
VIR,1979,,,
VIR,1980,,,
VIR,1981,,,
VIR,1982,,,
VIR,1983,,,
VIR,1984,,,
VIR,1985,,,
VIR,1986,,,
VIR,1987,,,
VIR,1988,,,
VIR,1989,,,
VIR,1990,,,
VIR,1991,,,
VIR,1992,,,
VIR,1993,,,
VIR,1994,,,
VIR,1995,,,
VIR,1996,,,
VIR,1997,,,
VIR,1998,,,
VIR,1999,,,
VIR,2000,,,
VIR,2001,,,
VIR,2002,0.0,0.0,0.0
VIR,2003,5.53610623916158e-05,0.0,0.0
VIR,2004,4.55087436911593,0.0,0.0
VIR,2005,2.303477558914,0.0,0.0
VIR,2006,2.4815703726033,0.0,0.0
VIR,2007,3.8258764076629,0.0,0.0
VIR,2008,9.54949861751269,0.0,0.0
VIR,2009,1.83139190991551,0.0,0.0
VIR,2010,3.45978934522894,0.0,0.0
VIR,2011,4.1047335352688,0.0,0.0
VIR,2012,1.96183734012522,0.0,0.0
VIR,2013,1.34622849772001,0.0,0.0
VIR,2014,0.85274473054265,0.0,0.0
VIR,2015,0.448439817567942,0.0,0.0
VIR,2016,0.440640386181765,0.0,0.0
VIR,2017,0.458057890874122,0.0,0.0
VIR,2018,0.372382849153501,0.0,0.0
VIR,2019,0.247081553705368,0.0,0.0
VIR,2020,0.205447216042101,0.0,0.0
VIR,2021,,,
VIR,2022,,,
VIR,2023,,,
VIR,2024,,,
VIR,2025,,,
VNM,1960,,,
VNM,1961,,,
VNM,1962,,,
VNM,1963,,,
VNM,1964,,,
VNM,1965,,,
VNM,1966,,,
VNM,1967,,,
VNM,1968,,,
VNM,1969,,,
VNM,1970,,,
VNM,1971,,,
VNM,1972,,,
VNM,1973,,,
VNM,1974,,,
VNM,1975,,,
VNM,1976,,,
VNM,1977,,,
VNM,1978,,,
VNM,1979,,,
VNM,1980,,,
VNM,1981,,,
VNM,1982,,,
VNM,1983,,,
VNM,1984,,,
VNM,1985,2.16947033947215,0.0,0.0298618006177822
VNM,1986,1.46541596979983,0.00994471011710838,0.00619840149405409
VNM,1987,1.16167437420428,0.0743460771096449,0.00412960656056042
VNM,1988,1.76270601643729,0.198158553767886,0.0217151807581149
VNM,1989,9.25339598228214,2.53824146488537,0.154683994697483
VNM,1990,12.3278452336478,6.03479538118477,0.123924775205076
VNM,1991,8.02299122246395,3.38977567855418,0.0355478164205293
VNM,1992,10.2593518493001,4.97222381409906,0.0502599641243046
VNM,1993,7.69223871824485,4.15423191201717,0.00997526280174283
VNM,1994,6.73816649187403,3.28951699268892,0.0129745979534351
VNM,1995,7.28047435709847,3.24927853434552,0.011043475316308
VNM,1996,7.00278823071902,3.55958705591895,0.00977751286911756
VNM,1997,5.75041182361485,3.07280393550162,0.0262867642161712
VNM,1998,4.5585937085968,1.76176859651124,0.0159591217496983
VNM,1999,5.6404762468781,3.72966002415473,0.0161858100889636
VNM,2000,9.69222818683314,7.67987081900615,0.0281474119945084
VNM,2001,7.98035643169834,5.80548900026015,0.0300841737970368
VNM,2002,7.4254913633254,5.28727447254799,0.0316975958313845
VNM,2003,7.95488668034576,5.58537873703382,0.0322716334595364
VNM,2004,11.7642910494755,8.1232104070861,0.0495840962607542
VNM,2005,12.1341965365962,9.04473557257388,0.111152512092499
VNM,2006,12.2305390234099,8.77756808235261,0.299104610914458
VNM,2007,11.4131853552874,6.63827611423842,0.445829496551402
VNM,2008,13.9196883964883,7.24340907549005,0.846977530868212
VNM,2009,7.40088651172265,3.46240247909829,0.547749371787389
VNM,2010,7.4812809152762,3.39330269400776,0.452415653552499
VNM,2011,9.06944428635118,4.58244433557524,0.566180943893496
VNM,2012,7.29867693307343,4.10988392212901,0.332549597455944
VNM,2013,5.91331153505454,3.17047517147024,0.315103546182036
VNM,2014,5.66094916066902,2.85117967459122,0.189849847946125
VNM,2015,3.38333033260239,1.21986218030571,0.116505184144997
VNM,2016,2.68357593807147,0.828042589429339,0.121608749123366
VNM,2017,3.21350443557147,1.00099064325611,0.194206258331206
VNM,2018,3.26009968480725,1.12046207095372,0.0904699342057104
VNM,2019,2.50068260501281,0.724494952926738,0.0193784133567084
VNM,2020,1.8108819584417,0.242642397619719,0.0234989381016957
VNM,2021,2.54701708790768,0.669314214664457,0.102200574210061
VNM,2022,,,
VNM,2023,,,
VNM,2024,,,
VNM,2025,,,
VUT,1960,,,
VUT,1961,,,
VUT,1962,,,
VUT,1963,,,
VUT,1964,,,
VUT,1965,,,
VUT,1966,,,
VUT,1967,,,
VUT,1968,,,
VUT,1969,,,
VUT,1970,,,
VUT,1971,,,
VUT,1972,,,
VUT,1973,,,
VUT,1974,,,
VUT,1975,,,
VUT,1976,,,
VUT,1977,,,
VUT,1978,,,
VUT,1979,0.389461009713959,,0.0
VUT,1980,0.438448403636614,0.0,0.0
VUT,1981,0.427636877065928,0.0,0.0
VUT,1982,0.437453595539394,0.0,0.0
VUT,1983,0.57061208718886,0.0,0.0
VUT,1984,0.319525642153426,0.0,0.0
VUT,1985,0.521780225908603,0.0,0.0
VUT,1986,0.702266387384926,0.0,0.0
VUT,1987,1.11958762050581,0.0,0.0
VUT,1988,0.930082160202383,0.0,0.0
VUT,1989,1.04300184245329,0.0,0.0
VUT,1990,0.905461979093577,0.0,0.0
VUT,1991,0.808883670002989,0.0,0.0
VUT,1992,0.847710648390005,0.0,0.0
VUT,1993,0.960482973035334,0.0,0.0
VUT,1994,0.870192111528628,0.0,0.0
VUT,1995,0.938812813187722,0.0,0.0
VUT,1996,0.908437357701725,0.0,0.0
VUT,1997,0.690819286912999,0.0,0.0
VUT,1998,0.647688718052586,0.0,0.0
VUT,1999,0.830092672505644,0.0,0.0
VUT,2000,0.802617573481721,0.0,0.0
VUT,2001,0.75567411241593,0.0,0.0
VUT,2002,0.798636115210123,0.0,0.0
VUT,2003,0.912412528807683,0.0,0.0
VUT,2004,0.675079281587889,0.0,0.0
VUT,2005,0.56881892988079,0.0,0.0
VUT,2006,0.65556136825846,0.0,0.0
VUT,2007,0.783751103579609,0.0,0.0
VUT,2008,0.975476260660565,0.0,0.0
VUT,2009,0.871792337326022,0.0,0.0
VUT,2010,0.832399543964073,0.0,0.0
VUT,2011,0.844354134271983,0.0,0.0
VUT,2012,0.801186721952393,0.0,0.0
VUT,2013,0.752150306423104,0.0,0.0
VUT,2014,0.987395102309584,0.0,0.0
VUT,2015,0.815485061379561,0.0,0.0
VUT,2016,0.816331822730397,0.0,0.0
VUT,2017,0.902392843807671,0.0,0.0
VUT,2018,0.60798151676621,0.0,0.0
VUT,2019,0.547725243089635,0.0,0.0
VUT,2020,0.629507608350041,0.0,0.0
VUT,2021,0.568069760913224,0.0,0.0
VUT,2022,,,
VUT,2023,,,
VUT,2024,,,
VUT,2025,,,
WLD,1960,,,
WLD,1961,,,
WLD,1962,,,
WLD,1963,,,
WLD,1964,,,
WLD,1965,,,
WLD,1966,,,
WLD,1967,,,
WLD,1968,,,
WLD,1969,,,
WLD,1970,0.995331951608083,0.368504346683311,0.28453792201575
WLD,1971,0.97792372244873,0.430855972472542,0.196889585428384
WLD,1972,1.05828188602533,0.506878171546562,0.178162575824719
WLD,1973,1.45882979413713,0.655855115763789,0.299521563682781
WLD,1974,4.13354063594817,2.8170689047582,0.416609213093912
WLD,1975,3.83123336609227,2.44916947551069,0.234304807276088
WLD,1976,4.05036887270492,2.6935798945604,0.231445251192527
WLD,1977,3.98846949564746,2.62412739297103,0.229342005428324
WLD,1978,3.38516775244472,2.29881404535182,0.13431861812857
WLD,1979,5.62741351806126,4.06946928785332,0.2113503393375
WLD,1980,6.34055770391253,4.67068175844926,0.298190531695036
WLD,1981,5.01812971759085,3.55279068789575,0.204805591730687
WLD,1982,3.58330959809085,2.31833307053165,0.167356991594002
WLD,1983,3.67678278304228,2.54483622130126,0.181618736050325
WLD,1984,3.45940324567888,2.48383794201772,0.130016973066712
WLD,1985,3.19969511274776,2.26697814970845,0.144728351649879
WLD,1986,1.55382116015384,0.935351612071686,0.103774495651928
WLD,1987,1.80309079593634,1.21904745393419,0.119801383844466
WLD,1988,1.71566445348506,1.01291901007259,0.252493829420784
WLD,1989,2.17667070571466,1.46372459925417,0.20871218515139
WLD,1990,2.56409032075111,1.8633799407399,0.146130510101004
WLD,1991,1.54484346146534,0.957067930818328,0.111818208195142
WLD,1992,1.536764821338,0.951389673341137,0.124771003138985
WLD,1993,1.57389407328217,0.998082894423488,0.0885269681128419
WLD,1994,1.42442286073656,0.887401568735369,0.0995924552119603
WLD,1995,1.50744222869193,0.887896502080718,0.101743763014683
WLD,1996,1.77208318904683,1.12692944870489,0.0872962504001523
WLD,1997,1.62678673725686,0.990075541628852,0.079373521500023
WLD,1998,1.04587124248351,0.537284427560658,0.0784935550635447
WLD,1999,1.28498627751734,0.832480569527527,0.07097726770601
WLD,2000,2.24394060632969,1.55775613198484,0.0738268077751016
WLD,2001,1.95654308942788,1.17290850836169,0.0629835428386201
WLD,2002,1.77634814909187,1.15475652929142,0.0634594434238415
WLD,2003,1.99886845197791,1.24718525385187,0.0627619350667639
WLD,2004,2.5203306230919,1.57565469913611,0.108667882857184
WLD,2005,3.2439607867603,2.17479817117434,0.200013546476127
WLD,2006,3.54161877259397,2.37969624507742,0.356619291411754
WLD,2007,3.63818727020344,2.28447142500936,0.538617150988139
WLD,2008,5.02069850643833,2.97481425433001,0.563010890738263
WLD,2009,2.77271198186962,1.65499569185633,0.316827344207542
WLD,2010,3.6936655863215,2.04656510923826,0.669104005635592
WLD,2011,4.82775936202134,2.79215083889088,0.807698120391264
WLD,2012,4.07539694074466,2.66369801787339,0.484751712730483
WLD,2013,3.64743975822925,2.41893728310265,0.439042583837408
WLD,2014,3.15336321336577,2.12519453161779,0.311973698842829
WLD,2015,1.7485678389546,0.989544986375269,0.182665640580474
WLD,2016,1.56431122067287,0.833074683992007,0.213809094386667
WLD,2017,1.99251875132746,1.10677062762935,0.276935355238607
WLD,2018,2.53034279011438,1.56963176096964,0.25346629776588
WLD,2019,2.18573966045158,1.34994588407943,0.232056542129128
WLD,2020,1.49142616851194,0.712988964682518,0.260048220229597
WLD,2021,3.07420969679454,1.36832538024877,0.76971890271501
WLD,2022,,,
WLD,2023,,,
WLD,2024,,,
WLD,2025,,,
WSM,1960,,,
WSM,1961,,,
WSM,1962,,,
WSM,1963,,,
WSM,1964,,,
WSM,1965,,,
WSM,1966,,,
WSM,1967,,,
WSM,1968,,,
WSM,1969,,,
WSM,1970,,,
WSM,1971,,,
WSM,1972,,,
WSM,1973,,,
WSM,1974,,,
WSM,1975,,,
WSM,1976,,,
WSM,1977,,,
WSM,1978,,,
WSM,1979,,,
WSM,1980,,,
WSM,1981,,,
WSM,1982,2.4636516931667,0.0,0.0
WSM,1983,2.55383477860408,0.0,0.0
WSM,1984,1.76370730234947,0.0,0.0
WSM,1985,1.94542164127481,0.0,0.0
WSM,1986,2.3930565673958,0.0,0.0
WSM,1987,2.55881804638767,0.0,0.0
WSM,1988,2.01391522935983,0.0,0.0
WSM,1989,2.35456121909763,0.0,0.0
WSM,1990,2.16159951859595,0.0,0.0
WSM,1991,2.34171442149304,0.0,0.0
WSM,1992,2.50825881893117,0.0,0.0
WSM,1993,2.61533072519854,0.0,0.0
WSM,1994,1.71614207340125,0.0,0.0
WSM,1995,2.02450058778076,0.0,0.0
WSM,1996,1.85156487059107,0.0,0.0
WSM,1997,1.2951021020926,0.0,0.0
WSM,1998,1.29191261556716,0.0,0.0
WSM,1999,1.08116476851778,0.0,0.0
WSM,2000,0.47111704310974,0.0,0.0
WSM,2001,0.551007408390949,0.0,0.0
WSM,2002,0.567747940965295,0.0,0.0
WSM,2003,0.558162847387572,0.0,0.0
WSM,2004,0.403326023249032,0.0,0.0
WSM,2005,0.311289651963659,0.0,0.0
WSM,2006,0.259331274861089,0.0,0.0
WSM,2007,0.330598374650033,0.0,0.0
WSM,2008,0.468263247489721,0.0,0.0
WSM,2009,0.443535455037048,0.0,0.0
WSM,2010,0.410594291707161,0.0,0.0
WSM,2011,0.479148651100215,0.0,0.0
WSM,2012,0.39649921551572,0.0,0.0
WSM,2013,0.354470433710273,0.0,0.0
WSM,2014,0.514371821253179,0.0,0.0
WSM,2015,0.385043626528853,0.0,0.0
WSM,2016,0.425429774129313,0.0,0.0
WSM,2017,0.482469410561221,0.0,0.0
WSM,2018,0.264678611319933,0.0,0.0
WSM,2019,0.232259603701569,0.0,0.0
WSM,2020,0.301640791056231,0.0,0.0
WSM,2021,0.280275449205485,0.0,0.0
WSM,2022,,,
WSM,2023,,,
WSM,2024,,,
WSM,2025,,,
XKX,1960,,,
XKX,1961,,,
XKX,1962,,,
XKX,1963,,,
XKX,1964,,,
XKX,1965,,,
XKX,1966,,,
XKX,1967,,,
XKX,1968,,,
XKX,1969,,,
XKX,1970,,,
XKX,1971,,,
XKX,1972,,,
XKX,1973,,,
XKX,1974,,,
XKX,1975,,,
XKX,1976,,,
XKX,1977,,,
XKX,1978,,,
XKX,1979,,,
XKX,1980,,,
XKX,1981,,,
XKX,1982,,,
XKX,1983,,,
XKX,1984,,,
XKX,1985,,,
XKX,1986,,,
XKX,1987,,,
XKX,1988,,,
XKX,1989,,,
XKX,1990,,,
XKX,1991,,,
XKX,1992,,,
XKX,1993,,,
XKX,1994,,,
XKX,1995,,,
XKX,1996,,,
XKX,1997,,,
XKX,1998,,,
XKX,1999,,,
XKX,2000,,,
XKX,2001,,,
XKX,2002,,,
XKX,2003,,,
XKX,2004,,,
XKX,2005,,,
XKX,2006,,,
XKX,2007,,,
XKX,2008,3.46974810931307,0.0,0.0
XKX,2009,1.27548398495597,0.0,0.103195627947151
XKX,2010,2.55556688241113,0.0,0.456136814085565
XKX,2011,2.41955836525131,0.0,0.339144129318233
XKX,2012,0.984751666231743,0.0,0.108932715392703
XKX,2013,0.528578459655645,0.0,0.106494238331507
XKX,2014,0.522780519330801,0.0,0.227030986264137
XKX,2015,0.345818043207918,0.0,0.10013664162422
XKX,2016,0.394911793338711,0.0,0.116892340321784
XKX,2017,0.559517101853948,0.0,0.26220389637406
XKX,2018,0.582555742632103,0.0,0.259796395926622
XKX,2019,0.403302686372993,0.0,0.155240679271605
XKX,2020,0.405629883811269,0.0,0.182422584469144
XKX,2021,0.928898942515976,0.0,0.549818417405912
XKX,2022,,,
XKX,2023,,,
XKX,2024,,,
XKX,2025,,,
YEM,1960,,,
YEM,1961,,,
YEM,1962,,,
YEM,1963,,,
YEM,1964,,,
YEM,1965,,,
YEM,1966,,,
YEM,1967,,,
YEM,1968,,,
YEM,1969,,,
YEM,1970,,,
YEM,1971,,,
YEM,1972,,,
YEM,1973,,,
YEM,1974,,,
YEM,1975,,,
YEM,1976,,,
YEM,1977,,,
YEM,1978,,,
YEM,1979,,,
YEM,1980,,,
YEM,1981,,,
YEM,1982,,,
YEM,1983,,,
YEM,1984,,,
YEM,1985,,,
YEM,1986,,,
YEM,1987,,,
YEM,1988,,,
YEM,1989,,,
YEM,1990,28.7239963483386,28.5108342735641,0.0
YEM,1991,16.9654041700333,16.7212250989918,0.0
YEM,1992,15.0904519189363,14.8783764632009,0.0
YEM,1993,20.7792199233029,20.5257986522656,0.0
YEM,1994,36.825688374024,36.4779409895171,0.0
YEM,1995,40.1598943510304,39.7732050391051,0.0
YEM,1996,36.5843551114901,36.2783449702496,0.0
YEM,1997,29.832525277783,29.5601635790483,0.0
YEM,1998,21.6895961696112,21.3900899508087,0.0
YEM,1999,28.9441851432533,28.7433242438057,0.0
YEM,2000,41.4063455621789,41.2105414506176,0.0
YEM,2001,33.2270815659587,33.0145750680271,0.0
YEM,2002,31.0497728852744,30.9035311720644,0.0
YEM,2003,32.1919199005229,32.0731170610088,0.0
YEM,2004,34.1535884387229,34.0644750012843,0.0
YEM,2005,41.1656856093808,41.093106599265,0.0
YEM,2006,40.4987746786826,40.4372276843013,0.0
YEM,2007,33.0050730617766,32.9618903118727,0.0
YEM,2008,33.8694342767331,33.8268519294838,0.0
YEM,2009,21.001304593999,20.6195697250514,0.0
YEM,2010,23.5484181707179,22.1800547456639,0.0
YEM,2011,25.9395800444886,23.3981676874913,0.0
YEM,2012,18.8463591940271,17.0272517537375,0.0
YEM,2013,13.5874899680381,11.1124026574675,0.0
YEM,2014,10.9650660396012,9.0008580090252,0.0
YEM,2015,2.06582147254408,1.69761197489757,0.0
YEM,2016,0.766194564986369,0.710184776557765,0.0
YEM,2017,2.00088361190121,1.91730246407045,0.0
YEM,2018,4.87867391772049,4.82356153067882,0.0
YEM,2019,,,
YEM,2020,,,
YEM,2021,,,
YEM,2022,,,
YEM,2023,,,
YEM,2024,,,
YEM,2025,,,
ZAF,1960,,,
ZAF,1961,,,
ZAF,1962,,,
ZAF,1963,,,
ZAF,1964,,,
ZAF,1965,,,
ZAF,1966,,,
ZAF,1967,,,
ZAF,1968,,,
ZAF,1969,,,
ZAF,1970,1.66319689663623,,0.933291184727189
ZAF,1971,2.27229555164516,0.0,0.697571070559393
ZAF,1972,2.25095786277391,0.0,0.665058419373973
ZAF,1973,2.46019338628727,0.0,0.905103308420681
ZAF,1974,4.17188319911569,0.0,2.09824665725096
ZAF,1975,4.56503787992989,0.0,0.972806830257511
ZAF,1976,5.14924829428581,0.0,0.947042240678056
ZAF,1977,5.52869096191121,0.0,1.14637661873181
ZAF,1978,4.73080336676493,0.0,0.670401128706908
ZAF,1979,7.86535008976527,0.0,3.85490259140033
ZAF,1980,13.527306658855,0.0,9.59606543502986
ZAF,1981,11.020952107359,0.0191819835947277,5.49011885400508
ZAF,1982,10.7813376290142,0.0406483729247464,4.03024152850405
ZAF,1983,9.1053548000585,0.207673321400094,4.74083851461688
ZAF,1984,5.36043298111018,0.274576882639089,0.810958098287798
ZAF,1985,10.8450678188133,0.429008955843183,3.80390613106668
ZAF,1986,8.66048788524986,0.129578350833181,3.51555074132424
ZAF,1987,7.10334308912649,0.229737194311881,3.62462496665048
ZAF,1988,6.90012319771553,0.161666768811563,3.27733085985181
ZAF,1989,6.49961862512435,0.319466235241048,2.31496748422728
ZAF,1990,5.69756198732845,0.368890187963349,1.72038050669748
ZAF,1991,5.44865900528835,0.186432808651612,2.01761497749447
ZAF,1992,4.45678523091591,0.358925082360254,1.39136859706887
ZAF,1993,4.45349964332174,0.490739115582505,1.64732943621543
ZAF,1994,4.76625199005595,0.389976747660543,1.95362022223528
ZAF,1995,4.03562638417749,0.411957330500316,0.629558649209082
ZAF,1996,4.64270090290704,0.517240207134734,1.22411034074954
ZAF,1997,3.69265986755738,0.464343725618029,0.745790349903574
ZAF,1998,3.11344933385369,0.249196312082744,0.64307688551655
ZAF,1999,2.48859050822074,0.379937820037954,0.422085646045712
ZAF,2000,3.71688450048923,0.875739339218175,0.706162575140753
ZAF,2001,4.94658656928292,0.745230225250187,0.801835988243925
ZAF,2002,4.67923392268105,0.832634911746463,1.0084902137869
ZAF,2003,2.99086668200306,0.536032181150966,0.187700723391933
ZAF,2004,4.77963979439938,0.667895474741674,0.347546867888011
ZAF,2005,4.56849246597233,0.868907024012435,0.793861746673571
ZAF,2006,5.2274047401405,0.921713555012485,1.21412691062411
ZAF,2007,6.3657074741337,0.95369683953937,1.68097036659602
ZAF,2008,11.9900580422374,1.37926877732773,2.50224527184671
ZAF,2009,4.93797499670312,0.593295688910259,1.31414768436906
ZAF,2010,6.84683101275869,0.707879978156825,2.20832164667078
ZAF,2011,7.81466074244917,0.964145883537292,2.43339625717376
ZAF,2012,6.40436399402211,0.9800580532574,1.93209444082154
ZAF,2013,6.11153096342063,0.949068014891185,2.06617800745958
ZAF,2014,4.66573419871465,0.692856799731489,1.41413205264697
ZAF,2015,2.80794769347075,0.194337594746037,0.484685252972113
ZAF,2016,3.56159906611897,0.182131538345159,0.908658964178643
ZAF,2017,3.8355856656622,0.291332796001722,0.865006959954753
ZAF,2018,3.86949148830953,0.407106590566775,0.509756015166847
ZAF,2019,4.18782227881945,0.372819688324446,1.38576110729649
ZAF,2020,4.01777511009808,0.213036196999097,1.42688004952484
ZAF,2021,7.32857859192335,0.395954206545834,3.83186872976266
ZAF,2022,,,
ZAF,2023,,,
ZAF,2024,,,
ZAF,2025,,,
ZMB,1960,,,
ZMB,1961,,,
ZMB,1962,,,
ZMB,1963,,,
ZMB,1964,,,
ZMB,1965,,,
ZMB,1966,,,
ZMB,1967,,,
ZMB,1968,,,
ZMB,1969,,,
ZMB,1970,36.469192995441,,35.2026852617918
ZMB,1971,23.7033548506908,0.0,22.3070806877181
ZMB,1972,20.618211755835,0.0,19.1890033140709
ZMB,1973,38.7052061472885,0.0,36.8531105246598
ZMB,1974,31.7537931914587,0.0,30.171431824933
ZMB,1975,12.743783883532,0.0,9.90010136071954
ZMB,1976,16.2287807009548,0.0,13.6862872955893
ZMB,1977,13.9926124704029,0.0,9.5694954636339
ZMB,1978,10.1628877168039,0.0,6.07598193689886
ZMB,1979,17.0940640357697,0.0,13.6758088655696
ZMB,1980,16.8502484876492,0.0,13.182674580184
ZMB,1981,9.26859685936868,0.0,5.94713424903595
ZMB,1982,6.59797348206418,0.0,2.23503835889941
ZMB,1983,9.2343316784607,0.0,5.67888075842783
ZMB,1984,6.64439041305602,0.0,2.81846737883512
ZMB,1985,7.85805278750791,0.0,4.15804486657171
ZMB,1986,7.55325499515317,0.0,0.0941774334798157
ZMB,1987,10.3706387952951,0.0,5.1050851624305
ZMB,1988,18.5763258859712,0.0,15.02533387428
ZMB,1989,21.141077497866,0.0,17.6910584931942
ZMB,1990,20.9818246533379,0.0,15.6008574368536
ZMB,1991,5.81996679113959,0.0,0.61280754986568
ZMB,1992,5.82419088501016,0.0,0.025640357037106
ZMB,1993,5.08803802366393,0.0,0.0338854697037428
ZMB,1994,5.46968682858974,0.0,0.0287090399838673
ZMB,1995,7.23321498317749,0.0,0.00472101130328813
ZMB,1996,7.40724986790176,0.0,0.015439400554149
ZMB,1997,5.78425325323365,0.0,0.0155533135873438
ZMB,1998,7.38004991836173,0.0,0.0381697860302422
ZMB,1999,5.20000710887479,0.0,0.0258822432234426
ZMB,2000,9.12122495945449,0.0,0.620250874620162
ZMB,2001,6.91796764834799,0.0,0.00592324713346475
ZMB,2002,8.58178422740853,0.0,0.0086656835468358
ZMB,2003,12.6388158009955,0.0,0.00376024840571146
ZMB,2004,13.7756377211636,0.0,4.45216198463444
ZMB,2005,14.1027021273131,0.0,6.70355262144712
ZMB,2006,19.2015029596777,0.0,14.114181525681
ZMB,2007,21.7874311599282,0.0,14.9940005747353
ZMB,2008,16.052538455331,0.0,9.58783644589246
ZMB,2009,16.7968643399172,0.0,8.96226154084205
ZMB,2010,18.6647201093496,0.0,13.332916385834
ZMB,2011,17.4237334954232,0.0,12.0864380495102
ZMB,2012,13.5753487511819,0.0,7.78670394690198
ZMB,2013,12.023594729012,0.0,6.58363211831429
ZMB,2014,10.842259058696,0.0,4.6410142846678
ZMB,2015,11.1602533885932,0.0,2.93259706646679
ZMB,2016,11.6772125402718,0.0,2.90152055038361
ZMB,2017,13.2264399699464,0.0,5.68799518266873
ZMB,2018,11.7483463033985,0.0,6.34088466305535
ZMB,2019,7.91506539515975,0.0,2.18381315797062
ZMB,2020,16.2222307618142,0.0,8.22847200529854
ZMB,2021,35.2641479964325,0.0,28.2490949914965
ZMB,2022,,,
ZMB,2023,,,
ZMB,2024,,,
ZMB,2025,,,
ZWE,1960,,,
ZWE,1961,,,
ZWE,1962,,,
ZWE,1963,,,
ZWE,1964,,,
ZWE,1965,,,
ZWE,1966,,,
ZWE,1967,,,
ZWE,1968,,,
ZWE,1969,,,
ZWE,1970,3.27504799035388,,1.95593419692085
ZWE,1971,2.93465312775155,0.0,1.31980218558202
ZWE,1972,2.27110805667941,0.0,1.20151479968126
ZWE,1973,3.08144915898518,0.0,1.72264511322374
ZWE,1974,3.64257500004006,0.0,2.08040608136906
ZWE,1975,3.38833454547799,0.0,1.10906164643266
ZWE,1976,4.2495500320235,0.0,1.66460897303488
ZWE,1977,4.89768029917992,0.0,1.54665717438706
ZWE,1978,4.33538006028166,0.0,0.902718457963665
ZWE,1979,5.00475310882265,0.0,2.10074518138329
ZWE,1980,6.02398710469687,0.0,3.21177587393255
ZWE,1981,4.17835894516896,0.0,1.64110208344195
ZWE,1982,4.04998711271254,0.0,1.02646694675929
ZWE,1983,3.52218049484858,0.0,1.48563934493463
ZWE,1984,3.71936648961174,0.0,1.39471485695747
ZWE,1985,3.8466554410327,0.0,1.29179136422912
ZWE,1986,3.73094384665956,0.0,0.993887863601704
ZWE,1987,4.0083392576806,0.0,1.32614923318804
ZWE,1988,4.95699500053907,0.0,2.3901377450192
ZWE,1989,4.75824225859825,0.0,2.05932227292677
ZWE,1990,4.2124822922094,0.0,1.22928727548274
ZWE,1991,9.66419162071991,0.0,6.55682214215727
ZWE,1992,10.8168177308289,0.0,7.00987944122145
ZWE,1993,8.72439507445918,0.0,5.66061027160889
ZWE,1994,9.4870276684973,0.0,5.96145262460404
ZWE,1995,8.54428671214653,0.0,3.69420562111707
ZWE,1996,7.99042829291191,0.0,3.99007876458701
ZWE,1997,6.77129137790896,0.0,3.10028974498855
ZWE,1998,5.59080463449055,0.0,0.804858369086569
ZWE,1999,3.70089065515096,0.0,0.703599845259129
ZWE,2000,3.90170876645193,0.0,0.801847432306675
ZWE,2001,4.02799179313518,0.0,0.564822989541948
ZWE,2002,5.17219377081197,0.0,1.32030561761863
ZWE,2003,6.98217572203532,0.0,1.21503564974506
ZWE,2004,8.43730994677101,0.0,2.06464063081244
ZWE,2005,8.5582074673681,0.0,1.94565384017996
ZWE,2006,11.4813042316831,0.0,4.45014973945099
ZWE,2007,15.559238462362,0.0,5.52927711545011
ZWE,2008,18.3230470823159,0.0219835646063037,2.40577467248271
ZWE,2009,6.76260898727295,0.00718429697951017,0.912792592657188
ZWE,2010,7.09847064162797,0.0,2.28456555833204
ZWE,2011,7.87938898914128,0.0,3.02582901599048
ZWE,2012,5.96773281078297,0.0176585171987541,1.96165547732282
ZWE,2013,5.04283935109174,0.00460692110876805,1.51174178336788
ZWE,2014,5.62126327970579,0.0623369671683315,1.4848813746744
ZWE,2015,4.60618520596556,0.0226080767805337,0.80456323878968
ZWE,2016,4.49541367401877,0.0227863385971937,0.903845635535043
ZWE,2017,6.09544838030308,0.0475010544657409,1.71234881128599
ZWE,2018,3.37818944674235,0.0378599470385953,1.64633911808631
ZWE,2019,4.71576545765887,0.050882518898508,2.41107592851979
ZWE,2020,4.74666809490234,0.0291292966776496,2.24569684891292
ZWE,2021,6.39845161112644,0.0477688089316108,4.24065959200093
ZWE,2022,,,
ZWE,2023,,,
ZWE,2024,,,
ZWE,2025,,,
